experiment,scenario,session,mean_joint_risk,mean_disruption,mean_learning_loss,intervention_rate,stop_rate
w_a0.75_b0.35_g0.55,forklift,0,0.306926788592511,0.04133333333333333,0.04133333333333333,0.25833333333333336,0.0
w_a0.75_b0.35_g0.55,forklift,1,0.3102641005436842,0.036000000000000004,0.036000000000000004,0.225,0.0
w_a0.75_b0.35_g0.55,forklift,2,0.3113965527925932,0.03866666666666666,0.03866666666666666,0.24166666666666667,0.0
w_a0.75_b0.35_g0.55,forklift,3,0.31207126701959165,0.036000000000000004,0.036000000000000004,0.225,0.0
w_a0.75_b0.35_g0.55,forklift,4,0.307127800326093,0.04133333333333333,0.04133333333333333,0.25833333333333336,0.0
w_a0.75_b0.35_g0.55,forklift,5,0.3023489493227918,0.04,0.04,0.25,0.0
w_a0.75_b0.35_g0.55,forklift,6,0.31388425095079886,0.037333333333333336,0.037333333333333336,0.23333333333333334,0.0
w_a0.75_b0.35_g0.55,forklift,7,0.3010743775476943,0.04266666666666667,0.04266666666666667,0.26666666666666666,0.0
w_a0.75_b0.35_g0.55,forklift,8,0.3051251698439523,0.044000000000000004,0.044000000000000004,0.275,0.0
w_a0.75_b0.35_g0.55,forklift,9,0.30655582295274536,0.04133333333333334,0.04133333333333334,0.25833333333333336,0.0
w_a0.75_b0.35_g0.55,forklift,10,0.3047260511995053,0.037333333333333336,0.037333333333333336,0.23333333333333334,0.0
w_a0.75_b0.35_g0.55,forklift,11,0.3049074167881323,0.03333333333333333,0.03333333333333333,0.20833333333333334,0.0
w_a0.75_b0.35_g0.55,forklift,12,0.3076225582544312,0.04133333333333334,0.04133333333333334,0.25833333333333336,0.0
w_a0.75_b0.35_g0.55,forklift,13,0.3087467807785131,0.04000000000000001,0.04000000000000001,0.25,0.0
w_a0.75_b0.35_g0.55,forklift,14,0.306520268515659,0.04133333333333334,0.04133333333333334,0.25833333333333336,0.0
w_a0.75_b0.35_g0.55,forklift,15,0.30938047073757496,0.03333333333333333,0.03333333333333333,0.20833333333333334,0.0
w_a0.75_b0.35_g0.55,forklift,16,0.3085039292278932,0.044000000000000004,0.044000000000000004,0.275,0.0
w_a0.75_b0.35_g0.55,forklift,17,0.30142241100847605,0.04533333333333333,0.04533333333333333,0.2833333333333333,0.0
w_a0.75_b0.35_g0.55,forklift,18,0.3023683662595664,0.04133333333333333,0.04133333333333333,0.25833333333333336,0.0
w_a0.75_b0.35_g0.55,forklift,19,0.3002579114564551,0.048,0.048,0.3,0.0
w_a0.75_b0.35_g0.55,forklift,20,0.30733998960297376,0.042666666666666665,0.042666666666666665,0.26666666666666666,0.0
w_a0.75_b0.35_g0.55,forklift,21,0.31103713911726366,0.04133333333333333,0.04133333333333333,0.25833333333333336,0.0
w_a0.75_b0.35_g0.55,forklift,22,0.31198194337072754,0.037333333333333336,0.037333333333333336,0.23333333333333334,0.0
w_a0.75_b0.35_g0.55,forklift,23,0.3083514582786048,0.04133333333333333,0.04133333333333333,0.25833333333333336,0.0
w_a0.75_b0.35_g0.55,forklift,24,0.30450144714902244,0.04133333333333334,0.04133333333333334,0.25833333333333336,0.0
w_a0.75_b0.35_g0.55,forklift,25,0.3058127640696658,0.04133333333333334,0.04133333333333334,0.25833333333333336,0.0
w_a0.75_b0.35_g0.55,forklift,26,0.3110824226982881,0.032,0.032,0.2,0.0
w_a0.75_b0.35_g0.55,forklift,27,0.3108144482212167,0.029333333333333336,0.029333333333333336,0.18333333333333332,0.0
w_a0.75_b0.35_g0.55,forklift,28,0.30902416110056663,0.037333333333333336,0.037333333333333336,0.23333333333333334,0.0
w_a0.75_b0.35_g0.55,forklift,29,0.3131978594822798,0.036000000000000004,0.036000000000000004,0.225,0.0
w_a0.75_b0.35_g0.55,forklift,30,0.3100032790796473,0.04,0.04,0.25,0.0
w_a0.75_b0.35_g0.55,forklift,31,0.3130527440680435,0.04133333333333333,0.04133333333333333,0.25833333333333336,0.0
w_a0.75_b0.35_g0.55,forklift,32,0.31218783491539787,0.04000000000000001,0.04000000000000001,0.25,0.0
w_a0.75_b0.35_g0.55,forklift,33,0.30664508860004047,0.04133333333333333,0.04133333333333333,0.25833333333333336,0.0
w_a0.75_b0.35_g0.55,forklift,34,0.3047831062426695,0.04133333333333334,0.04133333333333334,0.25833333333333336,0.0
w_a0.75_b0.35_g0.55,forklift,35,0.30971450661739935,0.042666666666666665,0.042666666666666665,0.26666666666666666,0.0
w_a0.75_b0.35_g0.55,forklift,36,0.3078717774037115,0.042666666666666665,0.042666666666666665,0.26666666666666666,0.0
w_a0.75_b0.35_g0.55,forklift,37,0.3012295189489379,0.044000000000000004,0.044000000000000004,0.275,0.0
w_a0.75_b0.35_g0.55,forklift,38,0.2986222998261923,0.04533333333333333,0.04533333333333333,0.2833333333333333,0.0
w_a0.75_b0.35_g0.55,forklift,39,0.3014455964671798,0.042666666666666665,0.042666666666666665,0.26666666666666666,0.0
w_a0.75_b0.35_g0.55,crane,0,0.3073587606886278,0.032,0.032,0.2,0.0
w_a0.75_b0.35_g0.55,crane,1,0.2949716074953868,0.04133333333333333,0.04133333333333333,0.25833333333333336,0.0
w_a0.75_b0.35_g0.55,crane,2,0.2985934395201942,0.042666666666666665,0.042666666666666665,0.26666666666666666,0.0
w_a0.75_b0.35_g0.55,crane,3,0.3070993724679666,0.032,0.032,0.2,0.0
w_a0.75_b0.35_g0.55,crane,4,0.30729830446539064,0.037333333333333336,0.037333333333333336,0.23333333333333334,0.0
w_a0.75_b0.35_g0.55,crane,5,0.29999312140369877,0.036000000000000004,0.036000000000000004,0.225,0.0
w_a0.75_b0.35_g0.55,crane,6,0.29757959753315644,0.04266666666666667,0.04266666666666667,0.26666666666666666,0.0
w_a0.75_b0.35_g0.55,crane,7,0.30664700610285667,0.03333333333333333,0.03333333333333333,0.20833333333333334,0.0
w_a0.75_b0.35_g0.55,crane,8,0.30304006871445,0.04266666666666666,0.04266666666666666,0.26666666666666666,0.0
w_a0.75_b0.35_g0.55,crane,9,0.29879066275570926,0.036000000000000004,0.036000000000000004,0.225,0.0
w_a0.75_b0.35_g0.55,crane,10,0.3043396827534399,0.034666666666666665,0.034666666666666665,0.21666666666666667,0.0
w_a0.75_b0.35_g0.55,crane,11,0.3035955742206026,0.04133333333333334,0.04133333333333334,0.25833333333333336,0.0
w_a0.75_b0.35_g0.55,crane,12,0.30025831734942265,0.03866666666666667,0.03866666666666667,0.24166666666666667,0.0
w_a0.75_b0.35_g0.55,crane,13,0.30294480198221835,0.03866666666666667,0.03866666666666667,0.24166666666666667,0.0
w_a0.75_b0.35_g0.55,crane,14,0.2935477760675831,0.044583333333333336,0.04441666666666667,0.2833333333333333,0.0
w_a0.75_b0.35_g0.55,crane,15,0.3030610435377026,0.034666666666666665,0.034666666666666665,0.21666666666666667,0.0
w_a0.75_b0.35_g0.55,crane,16,0.30811535609799967,0.03866666666666667,0.03866666666666667,0.24166666666666667,0.0
w_a0.75_b0.35_g0.55,crane,17,0.30530774747074785,0.03791666666666667,0.03775,0.24166666666666667,0.0
w_a0.75_b0.35_g0.55,crane,18,0.3016016223332379,0.037333333333333336,0.037333333333333336,0.23333333333333334,0.0
w_a0.75_b0.35_g0.55,crane,19,0.30442041253779534,0.04133333333333334,0.04133333333333334,0.25833333333333336,0.0
w_a0.75_b0.35_g0.55,crane,20,0.31248380683829485,0.036000000000000004,0.036000000000000004,0.225,0.0
w_a0.75_b0.35_g0.55,crane,21,0.30733701831745996,0.03333333333333333,0.03333333333333333,0.20833333333333334,0.0
w_a0.75_b0.35_g0.55,crane,22,0.29642368031086713,0.04533333333333333,0.04533333333333333,0.2833333333333333,0.0
w_a0.75_b0.35_g0.55,crane,23,0.3046484568962431,0.04,0.04,0.25,0.0
w_a0.75_b0.35_g0.55,crane,24,0.3006247942128327,0.04133333333333334,0.04133333333333334,0.25833333333333336,0.0
w_a0.75_b0.35_g0.55,crane,25,0.2969447431362168,0.044000000000000004,0.044000000000000004,0.275,0.0
w_a0.75_b0.35_g0.55,crane,26,0.2981078272441149,0.04133333333333333,0.04133333333333333,0.25833333333333336,0.0
w_a0.75_b0.35_g0.55,crane,27,0.2971063565411125,0.04000000000000001,0.04000000000000001,0.25,0.0
w_a0.75_b0.35_g0.55,crane,28,0.30150835635168083,0.03866666666666667,0.03866666666666667,0.24166666666666667,0.0
w_a0.75_b0.35_g0.55,crane,29,0.30093003482261615,0.04000000000000001,0.04000000000000001,0.25,0.0
w_a0.75_b0.35_g0.55,crane,30,0.3033037088827614,0.04000000000000001,0.04000000000000001,0.25,0.0
w_a0.75_b0.35_g0.55,crane,31,0.3031653382132976,0.04133333333333333,0.04133333333333333,0.25833333333333336,0.0
w_a0.75_b0.35_g0.55,crane,32,0.2980834873143576,0.04133333333333333,0.04133333333333333,0.25833333333333336,0.0
w_a0.75_b0.35_g0.55,crane,33,0.30249426146936215,0.04133333333333333,0.04133333333333333,0.25833333333333336,0.0
w_a0.75_b0.35_g0.55,crane,34,0.3049634276754793,0.037333333333333336,0.037333333333333336,0.23333333333333334,0.0
w_a0.75_b0.35_g0.55,crane,35,0.3017806190848015,0.03866666666666667,0.03866666666666667,0.24166666666666667,0.0
w_a0.75_b0.35_g0.55,crane,36,0.29963393309626507,0.03866666666666667,0.03866666666666667,0.24166666666666667,0.0
w_a0.75_b0.35_g0.55,crane,37,0.2911220669848164,0.04666666666666666,0.04666666666666666,0.2916666666666667,0.0
w_a0.75_b0.35_g0.55,crane,38,0.31085712273141675,0.037333333333333336,0.037333333333333336,0.23333333333333334,0.0
w_a0.75_b0.35_g0.55,crane,39,0.2838660405869077,0.048,0.048,0.3,0.0
w_a0.75_b0.35_g0.55,substation,0,0.3125485740930383,0.036000000000000004,0.036000000000000004,0.225,0.0
w_a0.75_b0.35_g0.55,substation,1,0.3098925266738386,0.032,0.032,0.2,0.0
w_a0.75_b0.35_g0.55,substation,2,0.303510318270348,0.03866666666666667,0.03866666666666667,0.24166666666666667,0.0
w_a0.75_b0.35_g0.55,substation,3,0.29919377324879703,0.04533333333333333,0.04533333333333333,0.2833333333333333,0.0
w_a0.75_b0.35_g0.55,substation,4,0.30807162211132455,0.03333333333333333,0.03333333333333333,0.20833333333333334,0.0
w_a0.75_b0.35_g0.55,substation,5,0.30286035644713016,0.042666666666666665,0.042666666666666665,0.26666666666666666,0.0
w_a0.75_b0.35_g0.55,substation,6,0.30750085381667314,0.034666666666666665,0.034666666666666665,0.21666666666666667,0.0
w_a0.75_b0.35_g0.55,substation,7,0.3032585722350321,0.03866666666666667,0.03866666666666667,0.24166666666666667,0.0
w_a0.75_b0.35_g0.55,substation,8,0.30539639708250144,0.04,0.04,0.25,0.0
w_a0.75_b0.35_g0.55,substation,9,0.30645731052531827,0.04133333333333334,0.04133333333333334,0.25833333333333336,0.0
w_a0.75_b0.35_g0.55,substation,10,0.30235054732897015,0.037333333333333336,0.037333333333333336,0.23333333333333334,0.0
w_a0.75_b0.35_g0.55,substation,11,0.29960511632877657,0.044000000000000004,0.044000000000000004,0.275,0.0
w_a0.75_b0.35_g0.55,substation,12,0.3067649564790417,0.04133333333333334,0.04133333333333334,0.25833333333333336,0.0
w_a0.75_b0.35_g0.55,substation,13,0.3103494145698285,0.04,0.04,0.25,0.0
w_a0.75_b0.35_g0.55,substation,14,0.305093955268726,0.036000000000000004,0.036000000000000004,0.225,0.0
w_a0.75_b0.35_g0.55,substation,15,0.3045561461655648,0.037333333333333336,0.037333333333333336,0.23333333333333334,0.0
w_a0.75_b0.35_g0.55,substation,16,0.30013678776081687,0.04133333333333333,0.04133333333333333,0.25833333333333336,0.0
w_a0.75_b0.35_g0.55,substation,17,0.30460196699419945,0.04133333333333334,0.04133333333333334,0.25833333333333336,0.0
w_a0.75_b0.35_g0.55,substation,18,0.30082745471818917,0.04666666666666666,0.04666666666666666,0.2916666666666667,0.0
w_a0.75_b0.35_g0.55,substation,19,0.3054665190959257,0.04133333333333333,0.04133333333333333,0.25833333333333336,0.0
w_a0.75_b0.35_g0.55,substation,20,0.3053511495960046,0.04,0.04,0.25,0.0
w_a0.75_b0.35_g0.55,substation,21,0.30282632048680885,0.044000000000000004,0.044000000000000004,0.275,0.0
w_a0.75_b0.35_g0.55,substation,22,0.30726000642916274,0.036000000000000004,0.036000000000000004,0.225,0.0
w_a0.75_b0.35_g0.55,substation,23,0.3046622214282758,0.04,0.04,0.25,0.0
w_a0.75_b0.35_g0.55,substation,24,0.2981301807128685,0.044000000000000004,0.044000000000000004,0.275,0.0
w_a0.75_b0.35_g0.55,substation,25,0.302538228254336,0.03866666666666667,0.03866666666666667,0.24166666666666667,0.0
w_a0.75_b0.35_g0.55,substation,26,0.3067399287217483,0.03866666666666667,0.03866666666666667,0.24166666666666667,0.0
w_a0.75_b0.35_g0.55,substation,27,0.31222789739098217,0.03866666666666666,0.03866666666666666,0.24166666666666667,0.0
w_a0.75_b0.35_g0.55,substation,28,0.29430428263700104,0.04533333333333333,0.04533333333333333,0.2833333333333333,0.0
w_a0.75_b0.35_g0.55,substation,29,0.3008287212654313,0.04,0.04,0.25,0.0
w_a0.75_b0.35_g0.55,substation,30,0.30927328585673375,0.04,0.04,0.25,0.0
w_a0.75_b0.35_g0.55,substation,31,0.3136241024399285,0.034666666666666665,0.034666666666666665,0.21666666666666667,0.0
w_a0.75_b0.35_g0.55,substation,32,0.30802935707799095,0.04133333333333334,0.04133333333333334,0.25833333333333336,0.0
w_a0.75_b0.35_g0.55,substation,33,0.305493054872705,0.04,0.04,0.25,0.0
w_a0.75_b0.35_g0.55,substation,34,0.30267228215784325,0.04133333333333333,0.04133333333333333,0.25833333333333336,0.0
w_a0.75_b0.35_g0.55,substation,35,0.3031250105126959,0.04000000000000001,0.04000000000000001,0.25,0.0
w_a0.75_b0.35_g0.55,substation,36,0.3058549913236058,0.044,0.044,0.275,0.0
w_a0.75_b0.35_g0.55,substation,37,0.30078560867173554,0.04266666666666667,0.04266666666666667,0.26666666666666666,0.0
w_a0.75_b0.35_g0.55,substation,38,0.3036889777259089,0.037333333333333336,0.037333333333333336,0.23333333333333334,0.0
w_a0.75_b0.35_g0.55,substation,39,0.3056513851692931,0.037333333333333336,0.037333333333333336,0.23333333333333334,0.0
w_a0.75_b0.35_g0.55,mining,0,0.2956854825867835,0.04133333333333333,0.04133333333333333,0.25833333333333336,0.0
w_a0.75_b0.35_g0.55,mining,1,0.2973582020689613,0.04,0.04,0.25,0.0
w_a0.75_b0.35_g0.55,mining,2,0.3030376816188822,0.03866666666666667,0.03866666666666667,0.24166666666666667,0.0
w_a0.75_b0.35_g0.55,mining,3,0.29693895184608526,0.03866666666666667,0.03866666666666667,0.24166666666666667,0.0
w_a0.75_b0.35_g0.55,mining,4,0.3043812836399319,0.034666666666666665,0.034666666666666665,0.21666666666666667,0.0
w_a0.75_b0.35_g0.55,mining,5,0.30273863425314324,0.04,0.04,0.25,0.0
w_a0.75_b0.35_g0.55,mining,6,0.2977277000827724,0.037333333333333336,0.037333333333333336,0.23333333333333334,0.0
w_a0.75_b0.35_g0.55,mining,7,0.2972107706848324,0.042666666666666665,0.042666666666666665,0.26666666666666666,0.0
w_a0.75_b0.35_g0.55,mining,8,0.2932453836122502,0.044,0.044,0.275,0.0
w_a0.75_b0.35_g0.55,mining,9,0.29467476506376916,0.04133333333333333,0.04133333333333333,0.25833333333333336,0.0
w_a0.75_b0.35_g0.55,mining,10,0.30027391359860417,0.036000000000000004,0.036000000000000004,0.225,0.0
w_a0.75_b0.35_g0.55,mining,11,0.2952258700773687,0.04533333333333333,0.04533333333333333,0.2833333333333333,0.0
w_a0.75_b0.35_g0.55,mining,12,0.29562723941834046,0.04533333333333333,0.04533333333333333,0.2833333333333333,0.0
w_a0.75_b0.35_g0.55,mining,13,0.30130662856328266,0.04000000000000001,0.04000000000000001,0.25,0.0
w_a0.75_b0.35_g0.55,mining,14,0.3015170192950849,0.037333333333333336,0.037333333333333336,0.23333333333333334,0.0
w_a0.75_b0.35_g0.55,mining,15,0.2966928795356882,0.04133333333333334,0.04133333333333334,0.25833333333333336,0.0
w_a0.75_b0.35_g0.55,mining,16,0.30833423152008027,0.034666666666666665,0.034666666666666665,0.21666666666666667,0.0
w_a0.75_b0.35_g0.55,mining,17,0.2998103026391717,0.04000000000000001,0.04000000000000001,0.25,0.0
w_a0.75_b0.35_g0.55,mining,18,0.2994054913771321,0.037333333333333336,0.037333333333333336,0.23333333333333334,0.0
w_a0.75_b0.35_g0.55,mining,19,0.2983867549316591,0.04133333333333334,0.04133333333333334,0.25833333333333336,0.0
w_a0.75_b0.35_g0.55,mining,20,0.3012465397777802,0.03866666666666667,0.03866666666666667,0.24166666666666667,0.0
w_a0.75_b0.35_g0.55,mining,21,0.3024653146089601,0.044000000000000004,0.044000000000000004,0.275,0.0
w_a0.75_b0.35_g0.55,mining,22,0.30365226762194236,0.036000000000000004,0.036000000000000004,0.225,0.0
w_a0.75_b0.35_g0.55,mining,23,0.2977269768132825,0.04000000000000001,0.04000000000000001,0.25,0.0
w_a0.75_b0.35_g0.55,mining,24,0.30350419626883585,0.036000000000000004,0.036000000000000004,0.225,0.0
w_a0.75_b0.35_g0.55,mining,25,0.29968176549324427,0.04133333333333334,0.04133333333333334,0.25833333333333336,0.0
w_a0.75_b0.35_g0.55,mining,26,0.292745762577375,0.036000000000000004,0.036000000000000004,0.225,0.0
w_a0.75_b0.35_g0.55,mining,27,0.29726588135674703,0.036833333333333336,0.0375,0.23333333333333334,0.0
w_a0.75_b0.35_g0.55,mining,28,0.2984157610499908,0.037333333333333336,0.037333333333333336,0.23333333333333334,0.0
w_a0.75_b0.35_g0.55,mining,29,0.29046771619862316,0.048,0.048,0.3,0.0
w_a0.75_b0.35_g0.55,mining,30,0.3021104271318009,0.042666666666666665,0.042666666666666665,0.26666666666666666,0.0
w_a0.75_b0.35_g0.55,mining,31,0.2870715666176855,0.04533333333333334,0.04533333333333334,0.2833333333333333,0.0
w_a0.75_b0.35_g0.55,mining,32,0.29708726452759404,0.04133333333333334,0.04133333333333334,0.25833333333333336,0.0
w_a0.75_b0.35_g0.55,mining,33,0.2913274432325823,0.044000000000000004,0.044000000000000004,0.275,0.0
w_a0.75_b0.35_g0.55,mining,34,0.28916928776057327,0.044,0.044,0.275,0.0
w_a0.75_b0.35_g0.55,mining,35,0.2960527797866341,0.03866666666666666,0.03866666666666666,0.24166666666666667,0.0
w_a0.75_b0.35_g0.55,mining,36,0.3010081136586132,0.03866666666666667,0.03866666666666667,0.24166666666666667,0.0
w_a0.75_b0.35_g0.55,mining,37,0.29358295852733873,0.04133333333333333,0.04133333333333333,0.25833333333333336,0.0
w_a0.75_b0.35_g0.55,mining,38,0.29054816516027415,0.04533333333333333,0.04533333333333333,0.2833333333333333,0.0
w_a0.75_b0.35_g0.55,mining,39,0.2971284346067513,0.034666666666666665,0.034666666666666665,0.21666666666666667,0.0
w_a0.75_b0.35_g0.55,oil_gas,0,0.2918813729814632,0.03866666666666666,0.03866666666666666,0.24166666666666667,0.0
w_a0.75_b0.35_g0.55,oil_gas,1,0.28957127380702663,0.04133333333333333,0.04133333333333333,0.25833333333333336,0.0
w_a0.75_b0.35_g0.55,oil_gas,2,0.2827702982990688,0.050666666666666665,0.050666666666666665,0.31666666666666665,0.0
w_a0.75_b0.35_g0.55,oil_gas,3,0.2950637256683324,0.04000000000000001,0.04000000000000001,0.25,0.0
w_a0.75_b0.35_g0.55,oil_gas,4,0.29578018629537667,0.04133333333333333,0.04133333333333333,0.25833333333333336,0.0
w_a0.75_b0.35_g0.55,oil_gas,5,0.2933914105665502,0.04133333333333334,0.04133333333333334,0.25833333333333336,0.0
w_a0.75_b0.35_g0.55,oil_gas,6,0.29576509171585913,0.03866666666666667,0.03866666666666667,0.24166666666666667,0.0
w_a0.75_b0.35_g0.55,oil_gas,7,0.30162786337012376,0.04,0.04,0.25,0.0
w_a0.75_b0.35_g0.55,oil_gas,8,0.2972588086536985,0.036000000000000004,0.036000000000000004,0.225,0.0
w_a0.75_b0.35_g0.55,oil_gas,9,0.29446967633587273,0.044000000000000004,0.044000000000000004,0.275,0.0
w_a0.75_b0.35_g0.55,oil_gas,10,0.2905358950300879,0.048,0.048,0.3,0.0
w_a0.75_b0.35_g0.55,oil_gas,11,0.30078935134232127,0.037333333333333336,0.037333333333333336,0.23333333333333334,0.0
w_a0.75_b0.35_g0.55,oil_gas,12,0.2969099571433521,0.037333333333333336,0.037333333333333336,0.23333333333333334,0.0
w_a0.75_b0.35_g0.55,oil_gas,13,0.2963216179065616,0.04133333333333333,0.04133333333333333,0.25833333333333336,0.0
w_a0.75_b0.35_g0.55,oil_gas,14,0.3003036968580963,0.037333333333333336,0.037333333333333336,0.23333333333333334,0.0
w_a0.75_b0.35_g0.55,oil_gas,15,0.30111571360411854,0.042666666666666665,0.042666666666666665,0.26666666666666666,0.0
w_a0.75_b0.35_g0.55,oil_gas,16,0.2935905020079929,0.04666666666666666,0.04666666666666666,0.2916666666666667,0.0
w_a0.75_b0.35_g0.55,oil_gas,17,0.29512194450242757,0.044,0.044,0.275,0.0
w_a0.75_b0.35_g0.55,oil_gas,18,0.2979593398174455,0.04133333333333333,0.04133333333333333,0.25833333333333336,0.0
w_a0.75_b0.35_g0.55,oil_gas,19,0.29055735839564273,0.04533333333333333,0.04533333333333333,0.2833333333333333,0.0
w_a0.75_b0.35_g0.55,oil_gas,20,0.29062620045722165,0.04191666666666667,0.041749999999999995,0.26666666666666666,0.0
w_a0.75_b0.35_g0.55,oil_gas,21,0.3016672967288277,0.04133333333333333,0.04133333333333333,0.25833333333333336,0.0
w_a0.75_b0.35_g0.55,oil_gas,22,0.29248959428178295,0.04533333333333333,0.04533333333333333,0.2833333333333333,0.0
w_a0.75_b0.35_g0.55,oil_gas,23,0.28928634340811327,0.048,0.048,0.3,0.0
w_a0.75_b0.35_g0.55,oil_gas,24,0.2936118798259365,0.044,0.044,0.275,0.0
w_a0.75_b0.35_g0.55,oil_gas,25,0.2858969130756537,0.050666666666666665,0.050666666666666665,0.31666666666666665,0.0
w_a0.75_b0.35_g0.55,oil_gas,26,0.2934733427486268,0.044,0.044,0.275,0.0
w_a0.75_b0.35_g0.55,oil_gas,27,0.30053506528508717,0.04133333333333333,0.04133333333333333,0.25833333333333336,0.0
w_a0.75_b0.35_g0.55,oil_gas,28,0.28966643937200776,0.044000000000000004,0.044000000000000004,0.275,0.0
w_a0.75_b0.35_g0.55,oil_gas,29,0.29697715412886583,0.04000000000000001,0.04000000000000001,0.25,0.0
w_a0.75_b0.35_g0.55,oil_gas,30,0.30361716949930756,0.03866666666666667,0.03866666666666667,0.24166666666666667,0.0
w_a0.75_b0.35_g0.55,oil_gas,31,0.29847858639066777,0.03866666666666667,0.03866666666666667,0.24166666666666667,0.0
w_a0.75_b0.35_g0.55,oil_gas,32,0.2933277769764419,0.04133333333333333,0.04133333333333333,0.25833333333333336,0.0
w_a0.75_b0.35_g0.55,oil_gas,33,0.2946308437169316,0.048,0.048,0.3,0.0
w_a0.75_b0.35_g0.55,oil_gas,34,0.29303005682726296,0.03866666666666667,0.03866666666666667,0.24166666666666667,0.0
w_a0.75_b0.35_g0.55,oil_gas,35,0.30500300937826824,0.037333333333333336,0.037333333333333336,0.23333333333333334,0.0
w_a0.75_b0.35_g0.55,oil_gas,36,0.297340138970261,0.036000000000000004,0.036000000000000004,0.225,0.0
w_a0.75_b0.35_g0.55,oil_gas,37,0.2989749919931146,0.034666666666666665,0.034666666666666665,0.21666666666666667,0.0
w_a0.75_b0.35_g0.55,oil_gas,38,0.298766195291344,0.04133333333333333,0.04133333333333333,0.25833333333333336,0.0
w_a0.75_b0.35_g0.55,oil_gas,39,0.2966181511307442,0.04133333333333334,0.04133333333333334,0.25833333333333336,0.0
w_a0.75_b0.35_g0.55,factory,0,0.3123660537334387,0.03333333333333333,0.03333333333333333,0.20833333333333334,0.0
w_a0.75_b0.35_g0.55,factory,1,0.3171484694885091,0.034666666666666665,0.034666666666666665,0.21666666666666667,0.0
w_a0.75_b0.35_g0.55,factory,2,0.3080440001630256,0.03866666666666667,0.03866666666666667,0.24166666666666667,0.0
w_a0.75_b0.35_g0.55,factory,3,0.3194154637891697,0.04000000000000001,0.04000000000000001,0.25,0.0
w_a0.75_b0.35_g0.55,factory,4,0.3147844542365237,0.034666666666666665,0.034666666666666665,0.21666666666666667,0.0
w_a0.75_b0.35_g0.55,factory,5,0.3116962857491276,0.04000000000000001,0.04000000000000001,0.25,0.0
w_a0.75_b0.35_g0.55,factory,6,0.31181596085871394,0.044000000000000004,0.044000000000000004,0.275,0.0
w_a0.75_b0.35_g0.55,factory,7,0.3203951597599997,0.034666666666666665,0.034666666666666665,0.21666666666666667,0.0
w_a0.75_b0.35_g0.55,factory,8,0.3150732561478925,0.037333333333333336,0.037333333333333336,0.23333333333333334,0.0
w_a0.75_b0.35_g0.55,factory,9,0.3163310762248843,0.037333333333333336,0.037333333333333336,0.23333333333333334,0.0
w_a0.75_b0.35_g0.55,factory,10,0.31790228620844635,0.037333333333333336,0.037333333333333336,0.23333333333333334,0.0
w_a0.75_b0.35_g0.55,factory,11,0.3073494365646771,0.04666666666666666,0.04666666666666666,0.2916666666666667,0.0
w_a0.75_b0.35_g0.55,factory,12,0.31925582661604607,0.037333333333333336,0.037333333333333336,0.23333333333333334,0.0
w_a0.75_b0.35_g0.55,factory,13,0.31636976964916225,0.03866666666666667,0.03866666666666667,0.24166666666666667,0.0
w_a0.75_b0.35_g0.55,factory,14,0.30670072906024437,0.04133333333333333,0.04133333333333333,0.25833333333333336,0.0
w_a0.75_b0.35_g0.55,factory,15,0.3195513414924253,0.036000000000000004,0.036000000000000004,0.225,0.0
w_a0.75_b0.35_g0.55,factory,16,0.31721574160992805,0.04,0.04,0.25,0.0
w_a0.75_b0.35_g0.55,factory,17,0.31398720342816294,0.036000000000000004,0.036000000000000004,0.225,0.0
w_a0.75_b0.35_g0.55,factory,18,0.32173003129090993,0.036000000000000004,0.036000000000000004,0.225,0.0
w_a0.75_b0.35_g0.55,factory,19,0.31553486184303536,0.037333333333333336,0.037333333333333336,0.23333333333333334,0.0
w_a0.75_b0.35_g0.55,factory,20,0.32124485220587995,0.036000000000000004,0.036000000000000004,0.225,0.0
w_a0.75_b0.35_g0.55,factory,21,0.3157123731522874,0.036000000000000004,0.036000000000000004,0.225,0.0
w_a0.75_b0.35_g0.55,factory,22,0.3089341106726593,0.04533333333333334,0.04533333333333334,0.2833333333333333,0.0
w_a0.75_b0.35_g0.55,factory,23,0.31229756760948046,0.04133333333333333,0.04133333333333333,0.25833333333333336,0.0
w_a0.75_b0.35_g0.55,factory,24,0.3142958224392497,0.037333333333333336,0.037333333333333336,0.23333333333333334,0.0
w_a0.75_b0.35_g0.55,factory,25,0.31305769031278546,0.037333333333333336,0.037333333333333336,0.23333333333333334,0.0
w_a0.75_b0.35_g0.55,factory,26,0.31491954683240536,0.04133333333333334,0.04133333333333334,0.25833333333333336,0.0
w_a0.75_b0.35_g0.55,factory,27,0.3074908700739987,0.04666666666666666,0.04666666666666666,0.2916666666666667,0.0
w_a0.75_b0.35_g0.55,factory,28,0.319290036124645,0.04000000000000001,0.04000000000000001,0.25,0.0
w_a0.75_b0.35_g0.55,factory,29,0.3074910368394575,0.044,0.044,0.275,0.0
w_a0.75_b0.35_g0.55,factory,30,0.31236767934209697,0.03866666666666667,0.03866666666666667,0.24166666666666667,0.0
w_a0.75_b0.35_g0.55,factory,31,0.3190597239901204,0.037333333333333336,0.037333333333333336,0.23333333333333334,0.0
w_a0.75_b0.35_g0.55,factory,32,0.30968111023524875,0.04000000000000001,0.04000000000000001,0.25,0.0
w_a0.75_b0.35_g0.55,factory,33,0.32182728477456723,0.032,0.032,0.2,0.0
w_a0.75_b0.35_g0.55,factory,34,0.3079693336913371,0.03866666666666666,0.03866666666666666,0.24166666666666667,0.0
w_a0.75_b0.35_g0.55,factory,35,0.31557834646933786,0.04000000000000001,0.04000000000000001,0.25,0.0
w_a0.75_b0.35_g0.55,factory,36,0.3128298652707882,0.036000000000000004,0.036000000000000004,0.225,0.0
w_a0.75_b0.35_g0.55,factory,37,0.3167259854096855,0.03066666666666667,0.03066666666666667,0.19166666666666668,0.0
w_a0.75_b0.35_g0.55,factory,38,0.3255794945040563,0.029333333333333333,0.029333333333333333,0.18333333333333332,0.0
w_a0.75_b0.35_g0.55,factory,39,0.31282845786550434,0.04000000000000001,0.04000000000000001,0.25,0.0
w_a0.75_b0.35_g1.1,forklift,0,0.326301788592511,0.018083333333333337,0.012916666666666668,0.25833333333333336,0.0
w_a0.75_b0.35_g1.1,forklift,1,0.32713910054368417,0.01575,0.011250000000000001,0.225,0.0
w_a0.75_b0.35_g1.1,forklift,2,0.32952155279259315,0.01691666666666667,0.012083333333333335,0.24166666666666667,0.0
w_a0.75_b0.35_g1.1,forklift,3,0.3289462670195916,0.015750000000000004,0.011250000000000001,0.225,0.0
w_a0.75_b0.35_g1.1,forklift,4,0.326502800326093,0.018083333333333337,0.012916666666666668,0.25833333333333336,0.0
w_a0.75_b0.35_g1.1,forklift,5,0.3210989493227918,0.017500000000000005,0.012500000000000002,0.25,0.0
w_a0.75_b0.35_g1.1,forklift,6,0.3313842509507989,0.016333333333333335,0.011666666666666667,0.23333333333333334,0.0
w_a0.75_b0.35_g1.1,forklift,7,0.32107437754769436,0.018666666666666668,0.013333333333333334,0.26666666666666666,0.0
w_a0.75_b0.35_g1.1,forklift,8,0.3257501698439524,0.01925,0.013750000000000002,0.275,0.0
w_a0.75_b0.35_g1.1,forklift,9,0.32593082295274534,0.018083333333333337,0.012916666666666668,0.25833333333333336,0.0
w_a0.75_b0.35_g1.1,forklift,10,0.3222260511995053,0.016333333333333335,0.011666666666666667,0.23333333333333334,0.0
w_a0.75_b0.35_g1.1,forklift,11,0.3205324167881324,0.014583333333333335,0.010416666666666668,0.20833333333333334,0.0
w_a0.75_b0.35_g1.1,forklift,12,0.32699755825443116,0.018083333333333333,0.012916666666666668,0.25833333333333336,0.0
w_a0.75_b0.35_g1.1,forklift,13,0.327496780778513,0.0175,0.0125,0.25,0.0
w_a0.75_b0.35_g1.1,forklift,14,0.325895268515659,0.018083333333333333,0.012916666666666668,0.25833333333333336,0.0
w_a0.75_b0.35_g1.1,forklift,15,0.32500547073757496,0.014583333333333334,0.010416666666666666,0.20833333333333334,0.0
w_a0.75_b0.35_g1.1,forklift,16,0.3291289292278933,0.01925,0.01375,0.275,0.0
w_a0.75_b0.35_g1.1,forklift,17,0.3226724110084761,0.019833333333333335,0.014166666666666668,0.2833333333333333,0.0
w_a0.75_b0.35_g1.1,forklift,18,0.32174336625956645,0.018083333333333337,0.012916666666666668,0.25833333333333336,0.0
w_a0.75_b0.35_g1.1,forklift,19,0.3227489850692299,0.021000000000000005,0.015000000000000001,0.3,0.0
w_a0.75_b0.35_g1.1,forklift,20,0.32733998960297384,0.018666666666666668,0.013333333333333334,0.26666666666666666,0.0
w_a0.75_b0.35_g1.1,forklift,21,0.33041213911726364,0.018083333333333337,0.012916666666666667,0.25833333333333336,0.0
w_a0.75_b0.35_g1.1,forklift,22,0.3294819433707275,0.016333333333333335,0.011666666666666667,0.23333333333333334,0.0
w_a0.75_b0.35_g1.1,forklift,23,0.3277264582786048,0.018083333333333337,0.012916666666666668,0.25833333333333336,0.0
w_a0.75_b0.35_g1.1,forklift,24,0.3238764471490224,0.018083333333333333,0.012916666666666667,0.25833333333333336,0.0
w_a0.75_b0.35_g1.1,forklift,25,0.32518776406966576,0.018083333333333333,0.012916666666666667,0.25833333333333336,0.0
w_a0.75_b0.35_g1.1,forklift,26,0.32608242269828813,0.014000000000000002,0.010000000000000002,0.2,0.0
w_a0.75_b0.35_g1.1,forklift,27,0.3245644482212168,0.012833333333333334,0.009166666666666667,0.18333333333333332,0.0
w_a0.75_b0.35_g1.1,forklift,28,0.3265241611005666,0.016333333333333335,0.011666666666666667,0.23333333333333334,0.0
w_a0.75_b0.35_g1.1,forklift,29,0.33007285948227977,0.01575,0.011250000000000001,0.225,0.0
w_a0.75_b0.35_g1.1,forklift,30,0.3287439539988975,0.017500000000000005,0.012500000000000002,0.25,0.0
w_a0.75_b0.35_g1.1,forklift,31,0.33242774406804354,0.018083333333333337,0.012916666666666667,0.25833333333333336,0.0
w_a0.75_b0.35_g1.1,forklift,32,0.3309378349153978,0.0175,0.0125,0.25,0.0
w_a0.75_b0.35_g1.1,forklift,33,0.32602008860004034,0.018083333333333337,0.012916666666666667,0.25833333333333336,0.0
w_a0.75_b0.35_g1.1,forklift,34,0.3241581062426695,0.018083333333333337,0.012916666666666668,0.25833333333333336,0.0
w_a0.75_b0.35_g1.1,forklift,35,0.3297145066173994,0.018666666666666668,0.013333333333333334,0.26666666666666666,0.0
w_a0.75_b0.35_g1.1,forklift,36,0.32787177740371154,0.018666666666666668,0.013333333333333334,0.26666666666666666,0.0
w_a0.75_b0.35_g1.1,forklift,37,0.3217251462559535,0.019250000000000003,0.01375,0.275,0.0
w_a0.75_b0.35_g1.1,forklift,38,0.3198722998261923,0.019833333333333335,0.014166666666666668,0.2833333333333333,0.0
w_a0.75_b0.35_g1.1,forklift,39,0.3214455964671797,0.018666666666666668,0.013333333333333334,0.26666666666666666,0.0
w_a0.75_b0.35_g1.1,crane,0,0.32235876068862784,0.014000000000000002,0.010000000000000002,0.2,0.0
w_a0.75_b0.35_g1.1,crane,1,0.31434660749538684,0.018083333333333337,0.012916666666666668,0.25833333333333336,0.0
w_a0.75_b0.35_g1.1,crane,2,0.31859343952019425,0.018666666666666668,0.013333333333333334,0.26666666666666666,0.0
w_a0.75_b0.35_g1.1,crane,3,0.32209937246796655,0.014000000000000002,0.010000000000000002,0.2,0.0
w_a0.75_b0.35_g1.1,crane,4,0.32479830446539054,0.016333333333333335,0.011666666666666667,0.23333333333333334,0.0
w_a0.75_b0.35_g1.1,crane,5,0.3168681214036988,0.01575,0.011250000000000001,0.225,0.0
w_a0.75_b0.35_g1.1,crane,6,0.3175795975331564,0.018666666666666668,0.013333333333333334,0.26666666666666666,0.0
w_a0.75_b0.35_g1.1,crane,7,0.32227200610285667,0.014583333333333335,0.010416666666666666,0.20833333333333334,0.0
w_a0.75_b0.35_g1.1,crane,8,0.32304006871445,0.018666666666666668,0.013333333333333334,0.26666666666666666,0.0
w_a0.75_b0.35_g1.1,crane,9,0.3156656627557093,0.01575,0.011250000000000001,0.225,0.0
w_a0.75_b0.35_g1.1,crane,10,0.3205896827534399,0.015166666666666669,0.010833333333333335,0.21666666666666667,0.0
w_a0.75_b0.35_g1.1,crane,11,0.3229615940639505,0.018083333333333333,0.012916666666666667,0.25833333333333336,0.0
w_a0.75_b0.35_g1.1,crane,12,0.3183833173494227,0.01691666666666667,0.012083333333333335,0.24166666666666667,0.0
w_a0.75_b0.35_g1.1,crane,13,0.3210698019822183,0.01691666666666667,0.012083333333333335,0.24166666666666667,0.0
w_a0.75_b0.35_g1.1,crane,14,0.3141727760675831,0.01983333333333333,0.014166666666666666,0.2833333333333333,0.0
w_a0.75_b0.35_g1.1,crane,15,0.31931104353770257,0.015166666666666667,0.010833333333333334,0.21666666666666667,0.0
w_a0.75_b0.35_g1.1,crane,16,0.3262403560979997,0.01691666666666667,0.012083333333333335,0.24166666666666667,0.0
w_a0.75_b0.35_g1.1,crane,17,0.32279589449642915,0.01691666666666667,0.012083333333333335,0.24166666666666667,0.0
w_a0.75_b0.35_g1.1,crane,18,0.31910162233323786,0.016333333333333335,0.011666666666666667,0.23333333333333334,0.0
w_a0.75_b0.35_g1.1,crane,19,0.3237954125377953,0.018083333333333333,0.012916666666666667,0.25833333333333336,0.0
w_a0.75_b0.35_g1.1,crane,20,0.3293588068382948,0.01575,0.011250000000000001,0.225,0.0
w_a0.75_b0.35_g1.1,crane,21,0.32296201831745996,0.014583333333333335,0.010416666666666666,0.20833333333333334,0.0
w_a0.75_b0.35_g1.1,crane,22,0.3176736803108671,0.019833333333333335,0.014166666666666668,0.2833333333333333,0.0
w_a0.75_b0.35_g1.1,crane,23,0.3233984568962432,0.017500000000000005,0.0125,0.25,0.0
w_a0.75_b0.35_g1.1,crane,24,0.3199997942128327,0.018083333333333333,0.012916666666666667,0.25833333333333336,0.0
w_a0.75_b0.35_g1.1,crane,25,0.3175697431362169,0.019250000000000003,0.013750000000000002,0.275,0.0
w_a0.75_b0.35_g1.1,crane,26,0.3174604011180412,0.018083333333333337,0.012916666666666667,0.25833333333333336,0.0
w_a0.75_b0.35_g1.1,crane,27,0.3158563565411125,0.0175,0.0125,0.25,0.0
w_a0.75_b0.35_g1.1,crane,28,0.31963335635168083,0.01691666666666667,0.012083333333333335,0.24166666666666667,0.0
w_a0.75_b0.35_g1.1,crane,29,0.3196800348226162,0.017500000000000005,0.0125,0.25,0.0
w_a0.75_b0.35_g1.1,crane,30,0.3218968660849167,0.017500000000000005,0.012500000000000002,0.25,0.0
w_a0.75_b0.35_g1.1,crane,31,0.32254033821329753,0.018083333333333337,0.012916666666666667,0.25833333333333336,0.0
w_a0.75_b0.35_g1.1,crane,32,0.3174584873143575,0.018083333333333337,0.012916666666666668,0.25833333333333336,0.0
w_a0.75_b0.35_g1.1,crane,33,0.3218692614693622,0.018083333333333333,0.012916666666666668,0.25833333333333336,0.0
w_a0.75_b0.35_g1.1,crane,34,0.32246342767547925,0.016333333333333335,0.011666666666666667,0.23333333333333334,0.0
w_a0.75_b0.35_g1.1,crane,35,0.31990561908480164,0.01691666666666667,0.012083333333333335,0.24166666666666667,0.0
w_a0.75_b0.35_g1.1,crane,36,0.3175911807798508,0.01691666666666667,0.012083333333333335,0.24166666666666667,0.0
w_a0.75_b0.35_g1.1,crane,37,0.31299706698481633,0.02041666666666667,0.014583333333333334,0.2916666666666667,0.0
w_a0.75_b0.35_g1.1,crane,38,0.3283571227314168,0.016333333333333335,0.011666666666666665,0.23333333333333334,0.0
w_a0.75_b0.35_g1.1,crane,39,0.3063660405869077,0.021000000000000005,0.015000000000000001,0.3,0.0
w_a0.75_b0.35_g1.1,substation,0,0.32942357409303824,0.01575,0.011250000000000001,0.225,0.0
w_a0.75_b0.35_g1.1,substation,1,0.3248925266738386,0.014000000000000002,0.010000000000000002,0.2,0.0
w_a0.75_b0.35_g1.1,substation,2,0.321635318270348,0.01691666666666667,0.012083333333333335,0.24166666666666667,0.0
w_a0.75_b0.35_g1.1,substation,3,0.32044377324879714,0.019833333333333335,0.014166666666666668,0.2833333333333333,0.0
w_a0.75_b0.35_g1.1,substation,4,0.32369662211132455,0.014583333333333334,0.010416666666666666,0.20833333333333334,0.0
w_a0.75_b0.35_g1.1,substation,5,0.3228603564471301,0.018666666666666668,0.013333333333333334,0.26666666666666666,0.0
w_a0.75_b0.35_g1.1,substation,6,0.3237508538166731,0.015166666666666669,0.010833333333333334,0.21666666666666667,0.0
w_a0.75_b0.35_g1.1,substation,7,0.3213835722350321,0.01691666666666667,0.012083333333333333,0.24166666666666667,0.0
w_a0.75_b0.35_g1.1,substation,8,0.32414639708250154,0.017500000000000005,0.0125,0.25,0.0
w_a0.75_b0.35_g1.1,substation,9,0.3258323105253183,0.018083333333333333,0.012916666666666667,0.25833333333333336,0.0
w_a0.75_b0.35_g1.1,substation,10,0.3198505473289701,0.016333333333333335,0.011666666666666665,0.23333333333333334,0.0
w_a0.75_b0.35_g1.1,substation,11,0.3202301163287765,0.019250000000000003,0.01375,0.275,0.0
w_a0.75_b0.35_g1.1,substation,12,0.32613995647904165,0.018083333333333333,0.012916666666666667,0.25833333333333336,0.0
w_a0.75_b0.35_g1.1,substation,13,0.3290994145698285,0.017500000000000005,0.0125,0.25,0.0
w_a0.75_b0.35_g1.1,substation,14,0.32196895526872604,0.01575,0.011250000000000001,0.225,0.0
w_a0.75_b0.35_g1.1,substation,15,0.32205614616556477,0.016333333333333335,0.011666666666666667,0.23333333333333334,0.0
w_a0.75_b0.35_g1.1,substation,16,0.31951178776081685,0.018083333333333333,0.012916666666666667,0.25833333333333336,0.0
w_a0.75_b0.35_g1.1,substation,17,0.3239769669941995,0.018083333333333337,0.012916666666666668,0.25833333333333336,0.0
w_a0.75_b0.35_g1.1,substation,18,0.3227024547181891,0.02041666666666667,0.014583333333333334,0.2916666666666667,0.0
w_a0.75_b0.35_g1.1,substation,19,0.3248415190959257,0.018083333333333337,0.012916666666666668,0.25833333333333336,0.0
w_a0.75_b0.35_g1.1,substation,20,0.3241011495960046,0.017500000000000005,0.012500000000000002,0.25,0.0
w_a0.75_b0.35_g1.1,substation,21,0.32342279365092996,0.019250000000000003,0.01375,0.275,0.0
w_a0.75_b0.35_g1.1,substation,22,0.3240602880261099,0.01575,0.011250000000000001,0.225,0.0
w_a0.75_b0.35_g1.1,substation,23,0.3234122214282758,0.017500000000000005,0.012500000000000002,0.25,0.0
w_a0.75_b0.35_g1.1,substation,24,0.31875518071286846,0.019250000000000003,0.01375,0.275,0.0
w_a0.75_b0.35_g1.1,substation,25,0.320663228254336,0.01691666666666667,0.012083333333333335,0.24166666666666667,0.0
w_a0.75_b0.35_g1.1,substation,26,0.3248649287217483,0.01691666666666667,0.012083333333333335,0.24166666666666667,0.0
w_a0.75_b0.35_g1.1,substation,27,0.33035289739098217,0.01691666666666667,0.012083333333333335,0.24166666666666667,0.0
w_a0.75_b0.35_g1.1,substation,28,0.31555428263700097,0.019833333333333335,0.014166666666666668,0.2833333333333333,0.0
w_a0.75_b0.35_g1.1,substation,29,0.3195787212654313,0.017500000000000005,0.012500000000000002,0.25,0.0
w_a0.75_b0.35_g1.1,substation,30,0.32802328585673374,0.017500000000000005,0.012500000000000002,0.25,0.0
w_a0.75_b0.35_g1.1,substation,31,0.3298741024399285,0.015166666666666669,0.010833333333333335,0.21666666666666667,0.0
w_a0.75_b0.35_g1.1,substation,32,0.327404357077991,0.018083333333333333,0.012916666666666667,0.25833333333333336,0.0
w_a0.75_b0.35_g1.1,substation,33,0.324243054872705,0.017500000000000005,0.012500000000000002,0.25,0.0
w_a0.75_b0.35_g1.1,substation,34,0.3220472821578433,0.018083333333333337,0.012916666666666667,0.25833333333333336,0.0
w_a0.75_b0.35_g1.1,substation,35,0.32187501051269585,0.0175,0.0125,0.25,0.0
w_a0.75_b0.35_g1.1,substation,36,0.3264799913236058,0.019250000000000003,0.013750000000000002,0.275,0.0
w_a0.75_b0.35_g1.1,substation,37,0.3207856086717355,0.018666666666666668,0.013333333333333334,0.26666666666666666,0.0
w_a0.75_b0.35_g1.1,substation,38,0.3211889777259089,0.016333333333333335,0.011666666666666667,0.23333333333333334,0.0
w_a0.75_b0.35_g1.1,substation,39,0.3231513851692931,0.016333333333333335,0.011666666666666665,0.23333333333333334,0.0
w_a0.75_b0.35_g1.1,mining,0,0.31506048258678354,0.018083333333333337,0.012916666666666667,0.25833333333333336,0.0
w_a0.75_b0.35_g1.1,mining,1,0.31610820206896134,0.017500000000000005,0.0125,0.25,0.0
w_a0.75_b0.35_g1.1,mining,2,0.32116268161888223,0.01691666666666667,0.012083333333333335,0.24166666666666667,0.0
w_a0.75_b0.35_g1.1,mining,3,0.3150639518460852,0.01691666666666667,0.012083333333333335,0.24166666666666667,0.0
w_a0.75_b0.35_g1.1,mining,4,0.3206312836399319,0.015166666666666669,0.010833333333333334,0.21666666666666667,0.0
w_a0.75_b0.35_g1.1,mining,5,0.3214652675286596,0.017500000000000005,0.0125,0.25,0.0
w_a0.75_b0.35_g1.1,mining,6,0.3152277000827724,0.016333333333333335,0.011666666666666667,0.23333333333333334,0.0
w_a0.75_b0.35_g1.1,mining,7,0.31718870280295497,0.018666666666666668,0.013333333333333334,0.26666666666666666,0.0
w_a0.75_b0.35_g1.1,mining,8,0.3138703836122502,0.019250000000000003,0.01375,0.275,0.0
w_a0.75_b0.35_g1.1,mining,9,0.31404976506376914,0.018083333333333333,0.012916666666666667,0.25833333333333336,0.0
w_a0.75_b0.35_g1.1,mining,10,0.3171489135986042,0.01575,0.011250000000000001,0.225,0.0
w_a0.75_b0.35_g1.1,mining,11,0.3164758700773687,0.019833333333333335,0.014166666666666668,0.2833333333333333,0.0
w_a0.75_b0.35_g1.1,mining,12,0.3168772394183404,0.019833333333333335,0.014166666666666668,0.2833333333333333,0.0
w_a0.75_b0.35_g1.1,mining,13,0.32005662856328265,0.0175,0.0125,0.25,0.0
w_a0.75_b0.35_g1.1,mining,14,0.3190170192950849,0.016333333333333335,0.011666666666666665,0.23333333333333334,0.0
w_a0.75_b0.35_g1.1,mining,15,0.3160678795356882,0.018083333333333333,0.012916666666666667,0.25833333333333336,0.0
w_a0.75_b0.35_g1.1,mining,16,0.32458423152008026,0.015166666666666669,0.010833333333333335,0.21666666666666667,0.0
w_a0.75_b0.35_g1.1,mining,17,0.31856030263917173,0.017500000000000005,0.0125,0.25,0.0
w_a0.75_b0.35_g1.1,mining,18,0.31690549137713214,0.016333333333333335,0.011666666666666667,0.23333333333333334,0.0
w_a0.75_b0.35_g1.1,mining,19,0.31776175493165904,0.018083333333333333,0.012916666666666667,0.25833333333333336,0.0
w_a0.75_b0.35_g1.1,mining,20,0.3193715397777802,0.01691666666666667,0.012083333333333335,0.24166666666666667,0.0
w_a0.75_b0.35_g1.1,mining,21,0.3230903146089601,0.019250000000000003,0.01375,0.275,0.0
w_a0.75_b0.35_g1.1,mining,22,0.3205272676219424,0.01575,0.011250000000000001,0.225,0.0
w_a0.75_b0.35_g1.1,mining,23,0.31647697681328246,0.0175,0.0125,0.25,0.0
w_a0.75_b0.35_g1.1,mining,24,0.3203791962688358,0.01575,0.011250000000000001,0.225,0.0
w_a0.75_b0.35_g1.1,mining,25,0.3190567654932443,0.018083333333333333,0.012916666666666667,0.25833333333333336,0.0
w_a0.75_b0.35_g1.1,mining,26,0.30953528466504066,0.01575,0.011250000000000001,0.225,0.0
w_a0.75_b0.35_g1.1,mining,27,0.3146653410801381,0.016333333333333335,0.011666666666666667,0.23333333333333334,0.0
w_a0.75_b0.35_g1.1,mining,28,0.3159157610499908,0.016333333333333335,0.011666666666666665,0.23333333333333334,0.0
w_a0.75_b0.35_g1.1,mining,29,0.3129480257883041,0.021000000000000005,0.015000000000000003,0.3,0.0
w_a0.75_b0.35_g1.1,mining,30,0.3221104271318009,0.018666666666666668,0.013333333333333334,0.26666666666666666,0.0
w_a0.75_b0.35_g1.1,mining,31,0.3083215666176855,0.01983333333333333,0.014166666666666668,0.2833333333333333,0.0
w_a0.75_b0.35_g1.1,mining,32,0.3164622645275941,0.018083333333333337,0.012916666666666667,0.25833333333333336,0.0
w_a0.75_b0.35_g1.1,mining,33,0.311911903616909,0.019250000000000003,0.013750000000000002,0.275,0.0
w_a0.75_b0.35_g1.1,mining,34,0.30979428776057333,0.019250000000000003,0.013750000000000002,0.275,0.0
w_a0.75_b0.35_g1.1,mining,35,0.3141777797866341,0.01691666666666667,0.012083333333333335,0.24166666666666667,0.0
w_a0.75_b0.35_g1.1,mining,36,0.3191331136586132,0.01691666666666667,0.012083333333333333,0.24166666666666667,0.0
w_a0.75_b0.35_g1.1,mining,37,0.3129579585273387,0.018083333333333337,0.012916666666666668,0.25833333333333336,0.0
w_a0.75_b0.35_g1.1,mining,38,0.31179816516027414,0.019833333333333335,0.014166666666666668,0.2833333333333333,0.0
w_a0.75_b0.35_g1.1,mining,39,0.31337843460675135,0.015166666666666667,0.010833333333333334,0.21666666666666667,0.0
w_a0.75_b0.35_g1.1,oil_gas,0,0.31000637298146316,0.01691666666666667,0.012083333333333335,0.24166666666666667,0.0
w_a0.75_b0.35_g1.1,oil_gas,1,0.3089462738070266,0.018083333333333337,0.012916666666666667,0.25833333333333336,0.0
w_a0.75_b0.35_g1.1,oil_gas,2,0.30652029829906874,0.022166666666666668,0.015833333333333335,0.31666666666666665,0.0
w_a0.75_b0.35_g1.1,oil_gas,3,0.3138137256683323,0.0175,0.0125,0.25,0.0
w_a0.75_b0.35_g1.1,oil_gas,4,0.31515518629537664,0.018083333333333337,0.012916666666666668,0.25833333333333336,0.0
w_a0.75_b0.35_g1.1,oil_gas,5,0.31276641056655025,0.018083333333333333,0.012916666666666667,0.25833333333333336,0.0
w_a0.75_b0.35_g1.1,oil_gas,6,0.3138900917158592,0.01691666666666667,0.012083333333333335,0.24166666666666667,0.0
w_a0.75_b0.35_g1.1,oil_gas,7,0.3203778633701238,0.017500000000000005,0.012500000000000002,0.25,0.0
w_a0.75_b0.35_g1.1,oil_gas,8,0.31413380865369855,0.01575,0.011250000000000001,0.225,0.0
w_a0.75_b0.35_g1.1,oil_gas,9,0.3150946763358727,0.019250000000000003,0.01375,0.275,0.0
w_a0.75_b0.35_g1.1,oil_gas,10,0.31303589503008794,0.021000000000000005,0.015000000000000001,0.3,0.0
w_a0.75_b0.35_g1.1,oil_gas,11,0.3182893513423212,0.016333333333333335,0.011666666666666667,0.23333333333333334,0.0
w_a0.75_b0.35_g1.1,oil_gas,12,0.314409957143352,0.016333333333333335,0.011666666666666667,0.23333333333333334,0.0
w_a0.75_b0.35_g1.1,oil_gas,13,0.3156966179065616,0.018083333333333337,0.012916666666666667,0.25833333333333336,0.0
w_a0.75_b0.35_g1.1,oil_gas,14,0.3178036968580963,0.016333333333333335,0.011666666666666667,0.23333333333333334,0.0
w_a0.75_b0.35_g1.1,oil_gas,15,0.3211157136041185,0.018666666666666668,0.013333333333333334,0.26666666666666666,0.0
w_a0.75_b0.35_g1.1,oil_gas,16,0.3154655020079929,0.02041666666666667,0.014583333333333334,0.2916666666666667,0.0
w_a0.75_b0.35_g1.1,oil_gas,17,0.3157469445024276,0.019250000000000003,0.013750000000000002,0.275,0.0
w_a0.75_b0.35_g1.1,oil_gas,18,0.31733433981744547,0.018083333333333337,0.012916666666666668,0.25833333333333336,0.0
w_a0.75_b0.35_g1.1,oil_gas,19,0.3118073583956427,0.019833333333333335,0.014166666666666666,0.2833333333333333,0.0
w_a0.75_b0.35_g1.1,oil_gas,20,0.31000120045722157,0.018666666666666668,0.013333333333333334,0.26666666666666666,0.0
w_a0.75_b0.35_g1.1,oil_gas,21,0.32104229672882767,0.018083333333333337,0.012916666666666667,0.25833333333333336,0.0
w_a0.75_b0.35_g1.1,oil_gas,22,0.313739594281783,0.019833333333333335,0.014166666666666668,0.2833333333333333,0.0
w_a0.75_b0.35_g1.1,oil_gas,23,0.31178634340811323,0.021000000000000005,0.015000000000000001,0.3,0.0
w_a0.75_b0.35_g1.1,oil_gas,24,0.3142368798259365,0.019250000000000003,0.013750000000000002,0.275,0.0
w_a0.75_b0.35_g1.1,oil_gas,25,0.3096143975661792,0.022166666666666668,0.01583333333333333,0.31666666666666665,0.0
w_a0.75_b0.35_g1.1,oil_gas,26,0.31409834274862686,0.019250000000000003,0.013750000000000002,0.275,0.0
w_a0.75_b0.35_g1.1,oil_gas,27,0.31991006528508714,0.018083333333333337,0.012916666666666668,0.25833333333333336,0.0
w_a0.75_b0.35_g1.1,oil_gas,28,0.3102914393720077,0.01925,0.013750000000000002,0.275,0.0
w_a0.75_b0.35_g1.1,oil_gas,29,0.3157271541288658,0.0175,0.0125,0.25,0.0
w_a0.75_b0.35_g1.1,oil_gas,30,0.3217421694993075,0.01691666666666667,0.012083333333333335,0.24166666666666667,0.0
w_a0.75_b0.35_g1.1,oil_gas,31,0.3166035863906678,0.01691666666666667,0.012083333333333335,0.24166666666666667,0.0
w_a0.75_b0.35_g1.1,oil_gas,32,0.3127027769764419,0.018083333333333337,0.012916666666666668,0.25833333333333336,0.0
w_a0.75_b0.35_g1.1,oil_gas,33,0.3171308437169316,0.021000000000000005,0.015000000000000001,0.3,0.0
w_a0.75_b0.35_g1.1,oil_gas,34,0.311155056827263,0.01691666666666667,0.012083333333333335,0.24166666666666667,0.0
w_a0.75_b0.35_g1.1,oil_gas,35,0.32250300937826826,0.016333333333333335,0.011666666666666665,0.23333333333333334,0.0
w_a0.75_b0.35_g1.1,oil_gas,36,0.31421513897026104,0.01575,0.011250000000000001,0.225,0.0
w_a0.75_b0.35_g1.1,oil_gas,37,0.31522499199311454,0.015166666666666669,0.010833333333333335,0.21666666666666667,0.0
w_a0.75_b0.35_g1.1,oil_gas,38,0.31807665750750264,0.018083333333333337,0.012916666666666667,0.25833333333333336,0.0
w_a0.75_b0.35_g1.1,oil_gas,39,0.3159931511307442,0.018083333333333333,0.012916666666666667,0.25833333333333336,0.0
w_a0.75_b0.35_g1.1,factory,0,0.3279910537334387,0.014583333333333334,0.010416666666666666,0.20833333333333334,0.0
w_a0.75_b0.35_g1.1,factory,1,0.33339846948850915,0.015166666666666669,0.010833333333333335,0.21666666666666667,0.0
w_a0.75_b0.35_g1.1,factory,2,0.3261690001630255,0.01691666666666667,0.012083333333333335,0.24166666666666667,0.0
w_a0.75_b0.35_g1.1,factory,3,0.3381654637891697,0.017500000000000005,0.0125,0.25,0.0
w_a0.75_b0.35_g1.1,factory,4,0.3310344542365237,0.015166666666666669,0.010833333333333335,0.21666666666666667,0.0
w_a0.75_b0.35_g1.1,factory,5,0.3304462857491276,0.0175,0.0125,0.25,0.0
w_a0.75_b0.35_g1.1,factory,6,0.3324409608587139,0.019250000000000003,0.01375,0.275,0.0
w_a0.75_b0.35_g1.1,factory,7,0.33664515975999976,0.015166666666666667,0.010833333333333334,0.21666666666666667,0.0
w_a0.75_b0.35_g1.1,factory,8,0.33257325614789257,0.016333333333333335,0.011666666666666665,0.23333333333333334,0.0
w_a0.75_b0.35_g1.1,factory,9,0.33383107622488434,0.016333333333333335,0.011666666666666667,0.23333333333333334,0.0
w_a0.75_b0.35_g1.1,factory,10,0.3354022862084463,0.016333333333333335,0.011666666666666665,0.23333333333333334,0.0
w_a0.75_b0.35_g1.1,factory,11,0.3292244365646771,0.02041666666666667,0.014583333333333334,0.2916666666666667,0.0
w_a0.75_b0.35_g1.1,factory,12,0.33675582661604603,0.016333333333333335,0.011666666666666665,0.23333333333333334,0.0
w_a0.75_b0.35_g1.1,factory,13,0.3344947696491623,0.01691666666666667,0.012083333333333335,0.24166666666666667,0.0
w_a0.75_b0.35_g1.1,factory,14,0.3260757290602444,0.018083333333333337,0.012916666666666668,0.25833333333333336,0.0
w_a0.75_b0.35_g1.1,factory,15,0.3364263414924253,0.01575,0.011250000000000001,0.225,0.0
w_a0.75_b0.35_g1.1,factory,16,0.33596574160992804,0.017500000000000005,0.0125,0.25,0.0
w_a0.75_b0.35_g1.1,factory,17,0.33086220342816297,0.01575,0.011250000000000001,0.225,0.0
w_a0.75_b0.35_g1.1,factory,18,0.33860503129090985,0.01575,0.011250000000000001,0.225,0.0
w_a0.75_b0.35_g1.1,factory,19,0.3330348618430354,0.016333333333333335,0.011666666666666667,0.23333333333333334,0.0
w_a0.75_b0.35_g1.1,factory,20,0.33811985220587987,0.015750000000000004,0.011250000000000001,0.225,0.0
w_a0.75_b0.35_g1.1,factory,21,0.33258737315228737,0.01575,0.011250000000000001,0.225,0.0
w_a0.75_b0.35_g1.1,factory,22,0.3301841106726594,0.019833333333333335,0.014166666666666668,0.2833333333333333,0.0
w_a0.75_b0.35_g1.1,factory,23,0.3316725676094805,0.018083333333333333,0.012916666666666667,0.25833333333333336,0.0
w_a0.75_b0.35_g1.1,factory,24,0.3317958224392497,0.016333333333333335,0.011666666666666667,0.23333333333333334,0.0
w_a0.75_b0.35_g1.1,factory,25,0.3305576903127855,0.016333333333333335,0.011666666666666665,0.23333333333333334,0.0
w_a0.75_b0.35_g1.1,factory,26,0.33429454683240534,0.018083333333333333,0.012916666666666667,0.25833333333333336,0.0
w_a0.75_b0.35_g1.1,factory,27,0.3293658700739987,0.02041666666666667,0.014583333333333334,0.2916666666666667,0.0
w_a0.75_b0.35_g1.1,factory,28,0.338040036124645,0.0175,0.0125,0.25,0.0
w_a0.75_b0.35_g1.1,factory,29,0.32811603683945745,0.019250000000000003,0.01375,0.275,0.0
w_a0.75_b0.35_g1.1,factory,30,0.3304926793420969,0.01691666666666667,0.012083333333333333,0.24166666666666667,0.0
w_a0.75_b0.35_g1.1,factory,31,0.33655972399012046,0.016333333333333335,0.011666666666666667,0.23333333333333334,0.0
w_a0.75_b0.35_g1.1,factory,32,0.3284311102352488,0.0175,0.0125,0.25,0.0
w_a0.75_b0.35_g1.1,factory,33,0.3368272847745672,0.014000000000000002,0.010000000000000002,0.2,0.0
w_a0.75_b0.35_g1.1,factory,34,0.3260943336913371,0.01691666666666667,0.012083333333333335,0.24166666666666667,0.0
w_a0.75_b0.35_g1.1,factory,35,0.33432834646933784,0.017500000000000005,0.0125,0.25,0.0
w_a0.75_b0.35_g1.1,factory,36,0.3297048652707882,0.01575,0.011250000000000001,0.225,0.0
w_a0.75_b0.35_g1.1,factory,37,0.33110098540968547,0.013416666666666669,0.009583333333333334,0.19166666666666668,0.0
w_a0.75_b0.35_g1.1,factory,38,0.33932949450405625,0.012833333333333334,0.009166666666666667,0.18333333333333332,0.0
w_a0.75_b0.35_g1.1,factory,39,0.3315784578655044,0.017500000000000005,0.0125,0.25,0.0
w_a0.75_b0.35_g1.65,forklift,0,0.326301788592511,0.018083333333333337,0.012916666666666668,0.25833333333333336,0.0
w_a0.75_b0.35_g1.65,forklift,1,0.32713910054368417,0.01575,0.011250000000000001,0.225,0.0
w_a0.75_b0.35_g1.65,forklift,2,0.32952155279259315,0.01691666666666667,0.012083333333333335,0.24166666666666667,0.0
w_a0.75_b0.35_g1.65,forklift,3,0.3289462670195916,0.015750000000000004,0.011250000000000001,0.225,0.0
w_a0.75_b0.35_g1.65,forklift,4,0.326502800326093,0.018083333333333337,0.012916666666666668,0.25833333333333336,0.0
w_a0.75_b0.35_g1.65,forklift,5,0.3210989493227918,0.017500000000000005,0.012500000000000002,0.25,0.0
w_a0.75_b0.35_g1.65,forklift,6,0.3313842509507989,0.016333333333333335,0.011666666666666667,0.23333333333333334,0.0
w_a0.75_b0.35_g1.65,forklift,7,0.32107437754769436,0.018666666666666668,0.013333333333333334,0.26666666666666666,0.0
w_a0.75_b0.35_g1.65,forklift,8,0.3257501698439524,0.01925,0.013750000000000002,0.275,0.0
w_a0.75_b0.35_g1.65,forklift,9,0.32593082295274534,0.018083333333333337,0.012916666666666668,0.25833333333333336,0.0
w_a0.75_b0.35_g1.65,forklift,10,0.3222260511995053,0.016333333333333335,0.011666666666666667,0.23333333333333334,0.0
w_a0.75_b0.35_g1.65,forklift,11,0.3205324167881324,0.014583333333333335,0.010416666666666668,0.20833333333333334,0.0
w_a0.75_b0.35_g1.65,forklift,12,0.32699755825443116,0.018083333333333333,0.012916666666666668,0.25833333333333336,0.0
w_a0.75_b0.35_g1.65,forklift,13,0.327496780778513,0.0175,0.0125,0.25,0.0
w_a0.75_b0.35_g1.65,forklift,14,0.325895268515659,0.018083333333333333,0.012916666666666668,0.25833333333333336,0.0
w_a0.75_b0.35_g1.65,forklift,15,0.32500547073757496,0.014583333333333334,0.010416666666666666,0.20833333333333334,0.0
w_a0.75_b0.35_g1.65,forklift,16,0.3291289292278933,0.01925,0.01375,0.275,0.0
w_a0.75_b0.35_g1.65,forklift,17,0.3226724110084761,0.019833333333333335,0.014166666666666668,0.2833333333333333,0.0
w_a0.75_b0.35_g1.65,forklift,18,0.32174336625956645,0.018083333333333337,0.012916666666666668,0.25833333333333336,0.0
w_a0.75_b0.35_g1.65,forklift,19,0.3227489850692299,0.021000000000000005,0.015000000000000001,0.3,0.0
w_a0.75_b0.35_g1.65,forklift,20,0.32733998960297384,0.018666666666666668,0.013333333333333334,0.26666666666666666,0.0
w_a0.75_b0.35_g1.65,forklift,21,0.33041213911726364,0.018083333333333337,0.012916666666666667,0.25833333333333336,0.0
w_a0.75_b0.35_g1.65,forklift,22,0.3294819433707275,0.016333333333333335,0.011666666666666667,0.23333333333333334,0.0
w_a0.75_b0.35_g1.65,forklift,23,0.3277264582786048,0.018083333333333337,0.012916666666666668,0.25833333333333336,0.0
w_a0.75_b0.35_g1.65,forklift,24,0.3238764471490224,0.018083333333333333,0.012916666666666667,0.25833333333333336,0.0
w_a0.75_b0.35_g1.65,forklift,25,0.32518776406966576,0.018083333333333333,0.012916666666666667,0.25833333333333336,0.0
w_a0.75_b0.35_g1.65,forklift,26,0.32608242269828813,0.014000000000000002,0.010000000000000002,0.2,0.0
w_a0.75_b0.35_g1.65,forklift,27,0.3245644482212168,0.012833333333333334,0.009166666666666667,0.18333333333333332,0.0
w_a0.75_b0.35_g1.65,forklift,28,0.3265241611005666,0.016333333333333335,0.011666666666666667,0.23333333333333334,0.0
w_a0.75_b0.35_g1.65,forklift,29,0.33007285948227977,0.01575,0.011250000000000001,0.225,0.0
w_a0.75_b0.35_g1.65,forklift,30,0.3287439539988975,0.017500000000000005,0.012500000000000002,0.25,0.0
w_a0.75_b0.35_g1.65,forklift,31,0.33242774406804354,0.018083333333333337,0.012916666666666667,0.25833333333333336,0.0
w_a0.75_b0.35_g1.65,forklift,32,0.3309378349153978,0.0175,0.0125,0.25,0.0
w_a0.75_b0.35_g1.65,forklift,33,0.32602008860004034,0.018083333333333337,0.012916666666666667,0.25833333333333336,0.0
w_a0.75_b0.35_g1.65,forklift,34,0.3241581062426695,0.018083333333333337,0.012916666666666668,0.25833333333333336,0.0
w_a0.75_b0.35_g1.65,forklift,35,0.3297145066173994,0.018666666666666668,0.013333333333333334,0.26666666666666666,0.0
w_a0.75_b0.35_g1.65,forklift,36,0.32787177740371154,0.018666666666666668,0.013333333333333334,0.26666666666666666,0.0
w_a0.75_b0.35_g1.65,forklift,37,0.3217251462559535,0.019250000000000003,0.01375,0.275,0.0
w_a0.75_b0.35_g1.65,forklift,38,0.3198722998261923,0.019833333333333335,0.014166666666666668,0.2833333333333333,0.0
w_a0.75_b0.35_g1.65,forklift,39,0.3214455964671797,0.018666666666666668,0.013333333333333334,0.26666666666666666,0.0
w_a0.75_b0.35_g1.65,crane,0,0.32235876068862784,0.014000000000000002,0.010000000000000002,0.2,0.0
w_a0.75_b0.35_g1.65,crane,1,0.31434660749538684,0.018083333333333337,0.012916666666666668,0.25833333333333336,0.0
w_a0.75_b0.35_g1.65,crane,2,0.31859343952019425,0.018666666666666668,0.013333333333333334,0.26666666666666666,0.0
w_a0.75_b0.35_g1.65,crane,3,0.32209937246796655,0.014000000000000002,0.010000000000000002,0.2,0.0
w_a0.75_b0.35_g1.65,crane,4,0.32479830446539054,0.016333333333333335,0.011666666666666667,0.23333333333333334,0.0
w_a0.75_b0.35_g1.65,crane,5,0.3168681214036988,0.01575,0.011250000000000001,0.225,0.0
w_a0.75_b0.35_g1.65,crane,6,0.3175795975331564,0.018666666666666668,0.013333333333333334,0.26666666666666666,0.0
w_a0.75_b0.35_g1.65,crane,7,0.32227200610285667,0.014583333333333335,0.010416666666666666,0.20833333333333334,0.0
w_a0.75_b0.35_g1.65,crane,8,0.32304006871445,0.018666666666666668,0.013333333333333334,0.26666666666666666,0.0
w_a0.75_b0.35_g1.65,crane,9,0.3156656627557093,0.01575,0.011250000000000001,0.225,0.0
w_a0.75_b0.35_g1.65,crane,10,0.3205896827534399,0.015166666666666669,0.010833333333333335,0.21666666666666667,0.0
w_a0.75_b0.35_g1.65,crane,11,0.3229615940639505,0.018083333333333333,0.012916666666666667,0.25833333333333336,0.0
w_a0.75_b0.35_g1.65,crane,12,0.3183833173494227,0.01691666666666667,0.012083333333333335,0.24166666666666667,0.0
w_a0.75_b0.35_g1.65,crane,13,0.3210698019822183,0.01691666666666667,0.012083333333333335,0.24166666666666667,0.0
w_a0.75_b0.35_g1.65,crane,14,0.3141727760675831,0.01983333333333333,0.014166666666666666,0.2833333333333333,0.0
w_a0.75_b0.35_g1.65,crane,15,0.31931104353770257,0.015166666666666667,0.010833333333333334,0.21666666666666667,0.0
w_a0.75_b0.35_g1.65,crane,16,0.3262403560979997,0.01691666666666667,0.012083333333333335,0.24166666666666667,0.0
w_a0.75_b0.35_g1.65,crane,17,0.32279589449642915,0.01691666666666667,0.012083333333333335,0.24166666666666667,0.0
w_a0.75_b0.35_g1.65,crane,18,0.31910162233323786,0.016333333333333335,0.011666666666666667,0.23333333333333334,0.0
w_a0.75_b0.35_g1.65,crane,19,0.3237954125377953,0.018083333333333333,0.012916666666666667,0.25833333333333336,0.0
w_a0.75_b0.35_g1.65,crane,20,0.3293588068382948,0.01575,0.011250000000000001,0.225,0.0
w_a0.75_b0.35_g1.65,crane,21,0.32296201831745996,0.014583333333333335,0.010416666666666666,0.20833333333333334,0.0
w_a0.75_b0.35_g1.65,crane,22,0.3176736803108671,0.019833333333333335,0.014166666666666668,0.2833333333333333,0.0
w_a0.75_b0.35_g1.65,crane,23,0.3233984568962432,0.017500000000000005,0.0125,0.25,0.0
w_a0.75_b0.35_g1.65,crane,24,0.3199997942128327,0.018083333333333333,0.012916666666666667,0.25833333333333336,0.0
w_a0.75_b0.35_g1.65,crane,25,0.3175697431362169,0.019250000000000003,0.013750000000000002,0.275,0.0
w_a0.75_b0.35_g1.65,crane,26,0.3174604011180412,0.018083333333333337,0.012916666666666667,0.25833333333333336,0.0
w_a0.75_b0.35_g1.65,crane,27,0.3158563565411125,0.0175,0.0125,0.25,0.0
w_a0.75_b0.35_g1.65,crane,28,0.31963335635168083,0.01691666666666667,0.012083333333333335,0.24166666666666667,0.0
w_a0.75_b0.35_g1.65,crane,29,0.3196800348226162,0.017500000000000005,0.0125,0.25,0.0
w_a0.75_b0.35_g1.65,crane,30,0.3218968660849167,0.017500000000000005,0.012500000000000002,0.25,0.0
w_a0.75_b0.35_g1.65,crane,31,0.32254033821329753,0.018083333333333337,0.012916666666666667,0.25833333333333336,0.0
w_a0.75_b0.35_g1.65,crane,32,0.3174584873143575,0.018083333333333337,0.012916666666666668,0.25833333333333336,0.0
w_a0.75_b0.35_g1.65,crane,33,0.3218692614693622,0.018083333333333333,0.012916666666666668,0.25833333333333336,0.0
w_a0.75_b0.35_g1.65,crane,34,0.32246342767547925,0.016333333333333335,0.011666666666666667,0.23333333333333334,0.0
w_a0.75_b0.35_g1.65,crane,35,0.31990561908480164,0.01691666666666667,0.012083333333333335,0.24166666666666667,0.0
w_a0.75_b0.35_g1.65,crane,36,0.3175911807798508,0.01691666666666667,0.012083333333333335,0.24166666666666667,0.0
w_a0.75_b0.35_g1.65,crane,37,0.31299706698481633,0.02041666666666667,0.014583333333333334,0.2916666666666667,0.0
w_a0.75_b0.35_g1.65,crane,38,0.3283571227314168,0.016333333333333335,0.011666666666666665,0.23333333333333334,0.0
w_a0.75_b0.35_g1.65,crane,39,0.3063660405869077,0.021000000000000005,0.015000000000000001,0.3,0.0
w_a0.75_b0.35_g1.65,substation,0,0.32942357409303824,0.01575,0.011250000000000001,0.225,0.0
w_a0.75_b0.35_g1.65,substation,1,0.3248925266738386,0.014000000000000002,0.010000000000000002,0.2,0.0
w_a0.75_b0.35_g1.65,substation,2,0.321635318270348,0.01691666666666667,0.012083333333333335,0.24166666666666667,0.0
w_a0.75_b0.35_g1.65,substation,3,0.32044377324879714,0.019833333333333335,0.014166666666666668,0.2833333333333333,0.0
w_a0.75_b0.35_g1.65,substation,4,0.32369662211132455,0.014583333333333334,0.010416666666666666,0.20833333333333334,0.0
w_a0.75_b0.35_g1.65,substation,5,0.3228603564471301,0.018666666666666668,0.013333333333333334,0.26666666666666666,0.0
w_a0.75_b0.35_g1.65,substation,6,0.3237508538166731,0.015166666666666669,0.010833333333333334,0.21666666666666667,0.0
w_a0.75_b0.35_g1.65,substation,7,0.3213835722350321,0.01691666666666667,0.012083333333333333,0.24166666666666667,0.0
w_a0.75_b0.35_g1.65,substation,8,0.32414639708250154,0.017500000000000005,0.0125,0.25,0.0
w_a0.75_b0.35_g1.65,substation,9,0.3258323105253183,0.018083333333333333,0.012916666666666667,0.25833333333333336,0.0
w_a0.75_b0.35_g1.65,substation,10,0.3198505473289701,0.016333333333333335,0.011666666666666665,0.23333333333333334,0.0
w_a0.75_b0.35_g1.65,substation,11,0.3202301163287765,0.019250000000000003,0.01375,0.275,0.0
w_a0.75_b0.35_g1.65,substation,12,0.32613995647904165,0.018083333333333333,0.012916666666666667,0.25833333333333336,0.0
w_a0.75_b0.35_g1.65,substation,13,0.3290994145698285,0.017500000000000005,0.0125,0.25,0.0
w_a0.75_b0.35_g1.65,substation,14,0.32196895526872604,0.01575,0.011250000000000001,0.225,0.0
w_a0.75_b0.35_g1.65,substation,15,0.32205614616556477,0.016333333333333335,0.011666666666666667,0.23333333333333334,0.0
w_a0.75_b0.35_g1.65,substation,16,0.31951178776081685,0.018083333333333333,0.012916666666666667,0.25833333333333336,0.0
w_a0.75_b0.35_g1.65,substation,17,0.3239769669941995,0.018083333333333337,0.012916666666666668,0.25833333333333336,0.0
w_a0.75_b0.35_g1.65,substation,18,0.3227024547181891,0.02041666666666667,0.014583333333333334,0.2916666666666667,0.0
w_a0.75_b0.35_g1.65,substation,19,0.3248415190959257,0.018083333333333337,0.012916666666666668,0.25833333333333336,0.0
w_a0.75_b0.35_g1.65,substation,20,0.3241011495960046,0.017500000000000005,0.012500000000000002,0.25,0.0
w_a0.75_b0.35_g1.65,substation,21,0.32342279365092996,0.019250000000000003,0.01375,0.275,0.0
w_a0.75_b0.35_g1.65,substation,22,0.3240602880261099,0.01575,0.011250000000000001,0.225,0.0
w_a0.75_b0.35_g1.65,substation,23,0.3234122214282758,0.017500000000000005,0.012500000000000002,0.25,0.0
w_a0.75_b0.35_g1.65,substation,24,0.31875518071286846,0.019250000000000003,0.01375,0.275,0.0
w_a0.75_b0.35_g1.65,substation,25,0.320663228254336,0.01691666666666667,0.012083333333333335,0.24166666666666667,0.0
w_a0.75_b0.35_g1.65,substation,26,0.3248649287217483,0.01691666666666667,0.012083333333333335,0.24166666666666667,0.0
w_a0.75_b0.35_g1.65,substation,27,0.33035289739098217,0.01691666666666667,0.012083333333333335,0.24166666666666667,0.0
w_a0.75_b0.35_g1.65,substation,28,0.31555428263700097,0.019833333333333335,0.014166666666666668,0.2833333333333333,0.0
w_a0.75_b0.35_g1.65,substation,29,0.3195787212654313,0.017500000000000005,0.012500000000000002,0.25,0.0
w_a0.75_b0.35_g1.65,substation,30,0.32802328585673374,0.017500000000000005,0.012500000000000002,0.25,0.0
w_a0.75_b0.35_g1.65,substation,31,0.3298741024399285,0.015166666666666669,0.010833333333333335,0.21666666666666667,0.0
w_a0.75_b0.35_g1.65,substation,32,0.327404357077991,0.018083333333333333,0.012916666666666667,0.25833333333333336,0.0
w_a0.75_b0.35_g1.65,substation,33,0.324243054872705,0.017500000000000005,0.012500000000000002,0.25,0.0
w_a0.75_b0.35_g1.65,substation,34,0.3220472821578433,0.018083333333333337,0.012916666666666667,0.25833333333333336,0.0
w_a0.75_b0.35_g1.65,substation,35,0.32187501051269585,0.0175,0.0125,0.25,0.0
w_a0.75_b0.35_g1.65,substation,36,0.3264799913236058,0.019250000000000003,0.013750000000000002,0.275,0.0
w_a0.75_b0.35_g1.65,substation,37,0.3207856086717355,0.018666666666666668,0.013333333333333334,0.26666666666666666,0.0
w_a0.75_b0.35_g1.65,substation,38,0.3211889777259089,0.016333333333333335,0.011666666666666667,0.23333333333333334,0.0
w_a0.75_b0.35_g1.65,substation,39,0.3231513851692931,0.016333333333333335,0.011666666666666665,0.23333333333333334,0.0
w_a0.75_b0.35_g1.65,mining,0,0.31506048258678354,0.018083333333333337,0.012916666666666667,0.25833333333333336,0.0
w_a0.75_b0.35_g1.65,mining,1,0.31610820206896134,0.017500000000000005,0.0125,0.25,0.0
w_a0.75_b0.35_g1.65,mining,2,0.32116268161888223,0.01691666666666667,0.012083333333333335,0.24166666666666667,0.0
w_a0.75_b0.35_g1.65,mining,3,0.3150639518460852,0.01691666666666667,0.012083333333333335,0.24166666666666667,0.0
w_a0.75_b0.35_g1.65,mining,4,0.3206312836399319,0.015166666666666669,0.010833333333333334,0.21666666666666667,0.0
w_a0.75_b0.35_g1.65,mining,5,0.3214652675286596,0.017500000000000005,0.0125,0.25,0.0
w_a0.75_b0.35_g1.65,mining,6,0.3152277000827724,0.016333333333333335,0.011666666666666667,0.23333333333333334,0.0
w_a0.75_b0.35_g1.65,mining,7,0.31718870280295497,0.018666666666666668,0.013333333333333334,0.26666666666666666,0.0
w_a0.75_b0.35_g1.65,mining,8,0.3138703836122502,0.019250000000000003,0.01375,0.275,0.0
w_a0.75_b0.35_g1.65,mining,9,0.31404976506376914,0.018083333333333333,0.012916666666666667,0.25833333333333336,0.0
w_a0.75_b0.35_g1.65,mining,10,0.3171489135986042,0.01575,0.011250000000000001,0.225,0.0
w_a0.75_b0.35_g1.65,mining,11,0.3164758700773687,0.019833333333333335,0.014166666666666668,0.2833333333333333,0.0
w_a0.75_b0.35_g1.65,mining,12,0.3168772394183404,0.019833333333333335,0.014166666666666668,0.2833333333333333,0.0
w_a0.75_b0.35_g1.65,mining,13,0.32005662856328265,0.0175,0.0125,0.25,0.0
w_a0.75_b0.35_g1.65,mining,14,0.3190170192950849,0.016333333333333335,0.011666666666666665,0.23333333333333334,0.0
w_a0.75_b0.35_g1.65,mining,15,0.3160678795356882,0.018083333333333333,0.012916666666666667,0.25833333333333336,0.0
w_a0.75_b0.35_g1.65,mining,16,0.32458423152008026,0.015166666666666669,0.010833333333333335,0.21666666666666667,0.0
w_a0.75_b0.35_g1.65,mining,17,0.31856030263917173,0.017500000000000005,0.0125,0.25,0.0
w_a0.75_b0.35_g1.65,mining,18,0.31690549137713214,0.016333333333333335,0.011666666666666667,0.23333333333333334,0.0
w_a0.75_b0.35_g1.65,mining,19,0.31776175493165904,0.018083333333333333,0.012916666666666667,0.25833333333333336,0.0
w_a0.75_b0.35_g1.65,mining,20,0.3193715397777802,0.01691666666666667,0.012083333333333335,0.24166666666666667,0.0
w_a0.75_b0.35_g1.65,mining,21,0.3230903146089601,0.019250000000000003,0.01375,0.275,0.0
w_a0.75_b0.35_g1.65,mining,22,0.3205272676219424,0.01575,0.011250000000000001,0.225,0.0
w_a0.75_b0.35_g1.65,mining,23,0.31647697681328246,0.0175,0.0125,0.25,0.0
w_a0.75_b0.35_g1.65,mining,24,0.3203791962688358,0.01575,0.011250000000000001,0.225,0.0
w_a0.75_b0.35_g1.65,mining,25,0.3190567654932443,0.018083333333333333,0.012916666666666667,0.25833333333333336,0.0
w_a0.75_b0.35_g1.65,mining,26,0.30953528466504066,0.01575,0.011250000000000001,0.225,0.0
w_a0.75_b0.35_g1.65,mining,27,0.3146653410801381,0.016333333333333335,0.011666666666666667,0.23333333333333334,0.0
w_a0.75_b0.35_g1.65,mining,28,0.3159157610499908,0.016333333333333335,0.011666666666666665,0.23333333333333334,0.0
w_a0.75_b0.35_g1.65,mining,29,0.3129480257883041,0.021000000000000005,0.015000000000000003,0.3,0.0
w_a0.75_b0.35_g1.65,mining,30,0.3221104271318009,0.018666666666666668,0.013333333333333334,0.26666666666666666,0.0
w_a0.75_b0.35_g1.65,mining,31,0.3083215666176855,0.01983333333333333,0.014166666666666668,0.2833333333333333,0.0
w_a0.75_b0.35_g1.65,mining,32,0.3164622645275941,0.018083333333333337,0.012916666666666667,0.25833333333333336,0.0
w_a0.75_b0.35_g1.65,mining,33,0.311911903616909,0.019250000000000003,0.013750000000000002,0.275,0.0
w_a0.75_b0.35_g1.65,mining,34,0.30979428776057333,0.019250000000000003,0.013750000000000002,0.275,0.0
w_a0.75_b0.35_g1.65,mining,35,0.3141777797866341,0.01691666666666667,0.012083333333333335,0.24166666666666667,0.0
w_a0.75_b0.35_g1.65,mining,36,0.3191331136586132,0.01691666666666667,0.012083333333333333,0.24166666666666667,0.0
w_a0.75_b0.35_g1.65,mining,37,0.3129579585273387,0.018083333333333337,0.012916666666666668,0.25833333333333336,0.0
w_a0.75_b0.35_g1.65,mining,38,0.31179816516027414,0.019833333333333335,0.014166666666666668,0.2833333333333333,0.0
w_a0.75_b0.35_g1.65,mining,39,0.31337843460675135,0.015166666666666667,0.010833333333333334,0.21666666666666667,0.0
w_a0.75_b0.35_g1.65,oil_gas,0,0.31000637298146316,0.01691666666666667,0.012083333333333335,0.24166666666666667,0.0
w_a0.75_b0.35_g1.65,oil_gas,1,0.3089462738070266,0.018083333333333337,0.012916666666666667,0.25833333333333336,0.0
w_a0.75_b0.35_g1.65,oil_gas,2,0.30652029829906874,0.022166666666666668,0.015833333333333335,0.31666666666666665,0.0
w_a0.75_b0.35_g1.65,oil_gas,3,0.3138137256683323,0.0175,0.0125,0.25,0.0
w_a0.75_b0.35_g1.65,oil_gas,4,0.31515518629537664,0.018083333333333337,0.012916666666666668,0.25833333333333336,0.0
w_a0.75_b0.35_g1.65,oil_gas,5,0.31276641056655025,0.018083333333333333,0.012916666666666667,0.25833333333333336,0.0
w_a0.75_b0.35_g1.65,oil_gas,6,0.3138900917158592,0.01691666666666667,0.012083333333333335,0.24166666666666667,0.0
w_a0.75_b0.35_g1.65,oil_gas,7,0.3203778633701238,0.017500000000000005,0.012500000000000002,0.25,0.0
w_a0.75_b0.35_g1.65,oil_gas,8,0.31413380865369855,0.01575,0.011250000000000001,0.225,0.0
w_a0.75_b0.35_g1.65,oil_gas,9,0.3150946763358727,0.019250000000000003,0.01375,0.275,0.0
w_a0.75_b0.35_g1.65,oil_gas,10,0.31303589503008794,0.021000000000000005,0.015000000000000001,0.3,0.0
w_a0.75_b0.35_g1.65,oil_gas,11,0.3182893513423212,0.016333333333333335,0.011666666666666667,0.23333333333333334,0.0
w_a0.75_b0.35_g1.65,oil_gas,12,0.314409957143352,0.016333333333333335,0.011666666666666667,0.23333333333333334,0.0
w_a0.75_b0.35_g1.65,oil_gas,13,0.3156966179065616,0.018083333333333337,0.012916666666666667,0.25833333333333336,0.0
w_a0.75_b0.35_g1.65,oil_gas,14,0.3178036968580963,0.016333333333333335,0.011666666666666667,0.23333333333333334,0.0
w_a0.75_b0.35_g1.65,oil_gas,15,0.3211157136041185,0.018666666666666668,0.013333333333333334,0.26666666666666666,0.0
w_a0.75_b0.35_g1.65,oil_gas,16,0.3154655020079929,0.02041666666666667,0.014583333333333334,0.2916666666666667,0.0
w_a0.75_b0.35_g1.65,oil_gas,17,0.3157469445024276,0.019250000000000003,0.013750000000000002,0.275,0.0
w_a0.75_b0.35_g1.65,oil_gas,18,0.31733433981744547,0.018083333333333337,0.012916666666666668,0.25833333333333336,0.0
w_a0.75_b0.35_g1.65,oil_gas,19,0.3118073583956427,0.019833333333333335,0.014166666666666666,0.2833333333333333,0.0
w_a0.75_b0.35_g1.65,oil_gas,20,0.31000120045722157,0.018666666666666668,0.013333333333333334,0.26666666666666666,0.0
w_a0.75_b0.35_g1.65,oil_gas,21,0.32104229672882767,0.018083333333333337,0.012916666666666667,0.25833333333333336,0.0
w_a0.75_b0.35_g1.65,oil_gas,22,0.313739594281783,0.019833333333333335,0.014166666666666668,0.2833333333333333,0.0
w_a0.75_b0.35_g1.65,oil_gas,23,0.31178634340811323,0.021000000000000005,0.015000000000000001,0.3,0.0
w_a0.75_b0.35_g1.65,oil_gas,24,0.3142368798259365,0.019250000000000003,0.013750000000000002,0.275,0.0
w_a0.75_b0.35_g1.65,oil_gas,25,0.3096143975661792,0.022166666666666668,0.01583333333333333,0.31666666666666665,0.0
w_a0.75_b0.35_g1.65,oil_gas,26,0.31409834274862686,0.019250000000000003,0.013750000000000002,0.275,0.0
w_a0.75_b0.35_g1.65,oil_gas,27,0.31991006528508714,0.018083333333333337,0.012916666666666668,0.25833333333333336,0.0
w_a0.75_b0.35_g1.65,oil_gas,28,0.3102914393720077,0.01925,0.013750000000000002,0.275,0.0
w_a0.75_b0.35_g1.65,oil_gas,29,0.3157271541288658,0.0175,0.0125,0.25,0.0
w_a0.75_b0.35_g1.65,oil_gas,30,0.3217421694993075,0.01691666666666667,0.012083333333333335,0.24166666666666667,0.0
w_a0.75_b0.35_g1.65,oil_gas,31,0.3166035863906678,0.01691666666666667,0.012083333333333335,0.24166666666666667,0.0
w_a0.75_b0.35_g1.65,oil_gas,32,0.3127027769764419,0.018083333333333337,0.012916666666666668,0.25833333333333336,0.0
w_a0.75_b0.35_g1.65,oil_gas,33,0.3171308437169316,0.021000000000000005,0.015000000000000001,0.3,0.0
w_a0.75_b0.35_g1.65,oil_gas,34,0.311155056827263,0.01691666666666667,0.012083333333333335,0.24166666666666667,0.0
w_a0.75_b0.35_g1.65,oil_gas,35,0.32250300937826826,0.016333333333333335,0.011666666666666665,0.23333333333333334,0.0
w_a0.75_b0.35_g1.65,oil_gas,36,0.31421513897026104,0.01575,0.011250000000000001,0.225,0.0
w_a0.75_b0.35_g1.65,oil_gas,37,0.31522499199311454,0.015166666666666669,0.010833333333333335,0.21666666666666667,0.0
w_a0.75_b0.35_g1.65,oil_gas,38,0.31807665750750264,0.018083333333333337,0.012916666666666667,0.25833333333333336,0.0
w_a0.75_b0.35_g1.65,oil_gas,39,0.3159931511307442,0.018083333333333333,0.012916666666666667,0.25833333333333336,0.0
w_a0.75_b0.35_g1.65,factory,0,0.3279910537334387,0.014583333333333334,0.010416666666666666,0.20833333333333334,0.0
w_a0.75_b0.35_g1.65,factory,1,0.33339846948850915,0.015166666666666669,0.010833333333333335,0.21666666666666667,0.0
w_a0.75_b0.35_g1.65,factory,2,0.3261690001630255,0.01691666666666667,0.012083333333333335,0.24166666666666667,0.0
w_a0.75_b0.35_g1.65,factory,3,0.3381654637891697,0.017500000000000005,0.0125,0.25,0.0
w_a0.75_b0.35_g1.65,factory,4,0.3310344542365237,0.015166666666666669,0.010833333333333335,0.21666666666666667,0.0
w_a0.75_b0.35_g1.65,factory,5,0.3304462857491276,0.0175,0.0125,0.25,0.0
w_a0.75_b0.35_g1.65,factory,6,0.3324409608587139,0.019250000000000003,0.01375,0.275,0.0
w_a0.75_b0.35_g1.65,factory,7,0.33664515975999976,0.015166666666666667,0.010833333333333334,0.21666666666666667,0.0
w_a0.75_b0.35_g1.65,factory,8,0.33257325614789257,0.016333333333333335,0.011666666666666665,0.23333333333333334,0.0
w_a0.75_b0.35_g1.65,factory,9,0.33383107622488434,0.016333333333333335,0.011666666666666667,0.23333333333333334,0.0
w_a0.75_b0.35_g1.65,factory,10,0.3354022862084463,0.016333333333333335,0.011666666666666665,0.23333333333333334,0.0
w_a0.75_b0.35_g1.65,factory,11,0.3292244365646771,0.02041666666666667,0.014583333333333334,0.2916666666666667,0.0
w_a0.75_b0.35_g1.65,factory,12,0.33675582661604603,0.016333333333333335,0.011666666666666665,0.23333333333333334,0.0
w_a0.75_b0.35_g1.65,factory,13,0.3344947696491623,0.01691666666666667,0.012083333333333335,0.24166666666666667,0.0
w_a0.75_b0.35_g1.65,factory,14,0.3260757290602444,0.018083333333333337,0.012916666666666668,0.25833333333333336,0.0
w_a0.75_b0.35_g1.65,factory,15,0.3364263414924253,0.01575,0.011250000000000001,0.225,0.0
w_a0.75_b0.35_g1.65,factory,16,0.33596574160992804,0.017500000000000005,0.0125,0.25,0.0
w_a0.75_b0.35_g1.65,factory,17,0.33086220342816297,0.01575,0.011250000000000001,0.225,0.0
w_a0.75_b0.35_g1.65,factory,18,0.33860503129090985,0.01575,0.011250000000000001,0.225,0.0
w_a0.75_b0.35_g1.65,factory,19,0.3330348618430354,0.016333333333333335,0.011666666666666667,0.23333333333333334,0.0
w_a0.75_b0.35_g1.65,factory,20,0.33811985220587987,0.015750000000000004,0.011250000000000001,0.225,0.0
w_a0.75_b0.35_g1.65,factory,21,0.33258737315228737,0.01575,0.011250000000000001,0.225,0.0
w_a0.75_b0.35_g1.65,factory,22,0.3301841106726594,0.019833333333333335,0.014166666666666668,0.2833333333333333,0.0
w_a0.75_b0.35_g1.65,factory,23,0.3316725676094805,0.018083333333333333,0.012916666666666667,0.25833333333333336,0.0
w_a0.75_b0.35_g1.65,factory,24,0.3317958224392497,0.016333333333333335,0.011666666666666667,0.23333333333333334,0.0
w_a0.75_b0.35_g1.65,factory,25,0.3305576903127855,0.016333333333333335,0.011666666666666665,0.23333333333333334,0.0
w_a0.75_b0.35_g1.65,factory,26,0.33429454683240534,0.018083333333333333,0.012916666666666667,0.25833333333333336,0.0
w_a0.75_b0.35_g1.65,factory,27,0.3293658700739987,0.02041666666666667,0.014583333333333334,0.2916666666666667,0.0
w_a0.75_b0.35_g1.65,factory,28,0.338040036124645,0.0175,0.0125,0.25,0.0
w_a0.75_b0.35_g1.65,factory,29,0.32811603683945745,0.019250000000000003,0.01375,0.275,0.0
w_a0.75_b0.35_g1.65,factory,30,0.3304926793420969,0.01691666666666667,0.012083333333333333,0.24166666666666667,0.0
w_a0.75_b0.35_g1.65,factory,31,0.33655972399012046,0.016333333333333335,0.011666666666666667,0.23333333333333334,0.0
w_a0.75_b0.35_g1.65,factory,32,0.3284311102352488,0.0175,0.0125,0.25,0.0
w_a0.75_b0.35_g1.65,factory,33,0.3368272847745672,0.014000000000000002,0.010000000000000002,0.2,0.0
w_a0.75_b0.35_g1.65,factory,34,0.3260943336913371,0.01691666666666667,0.012083333333333335,0.24166666666666667,0.0
w_a0.75_b0.35_g1.65,factory,35,0.33432834646933784,0.017500000000000005,0.0125,0.25,0.0
w_a0.75_b0.35_g1.65,factory,36,0.3297048652707882,0.01575,0.011250000000000001,0.225,0.0
w_a0.75_b0.35_g1.65,factory,37,0.33110098540968547,0.013416666666666669,0.009583333333333334,0.19166666666666668,0.0
w_a0.75_b0.35_g1.65,factory,38,0.33932949450405625,0.012833333333333334,0.009166666666666667,0.18333333333333332,0.0
w_a0.75_b0.35_g1.65,factory,39,0.3315784578655044,0.017500000000000005,0.0125,0.25,0.0
w_a0.75_b0.7_g0.55,forklift,0,0.306926788592511,0.04133333333333333,0.04133333333333333,0.25833333333333336,0.0
w_a0.75_b0.7_g0.55,forklift,1,0.3102641005436842,0.036000000000000004,0.036000000000000004,0.225,0.0
w_a0.75_b0.7_g0.55,forklift,2,0.3113965527925932,0.03866666666666666,0.03866666666666666,0.24166666666666667,0.0
w_a0.75_b0.7_g0.55,forklift,3,0.31207126701959165,0.036000000000000004,0.036000000000000004,0.225,0.0
w_a0.75_b0.7_g0.55,forklift,4,0.307127800326093,0.04133333333333333,0.04133333333333333,0.25833333333333336,0.0
w_a0.75_b0.7_g0.55,forklift,5,0.3023489493227918,0.04,0.04,0.25,0.0
w_a0.75_b0.7_g0.55,forklift,6,0.31388425095079886,0.037333333333333336,0.037333333333333336,0.23333333333333334,0.0
w_a0.75_b0.7_g0.55,forklift,7,0.3010743775476943,0.04266666666666667,0.04266666666666667,0.26666666666666666,0.0
w_a0.75_b0.7_g0.55,forklift,8,0.3051251698439523,0.044000000000000004,0.044000000000000004,0.275,0.0
w_a0.75_b0.7_g0.55,forklift,9,0.30655582295274536,0.04133333333333334,0.04133333333333334,0.25833333333333336,0.0
w_a0.75_b0.7_g0.55,forklift,10,0.3047260511995053,0.037333333333333336,0.037333333333333336,0.23333333333333334,0.0
w_a0.75_b0.7_g0.55,forklift,11,0.3049074167881323,0.03333333333333333,0.03333333333333333,0.20833333333333334,0.0
w_a0.75_b0.7_g0.55,forklift,12,0.3076225582544312,0.04133333333333334,0.04133333333333334,0.25833333333333336,0.0
w_a0.75_b0.7_g0.55,forklift,13,0.3087467807785131,0.04000000000000001,0.04000000000000001,0.25,0.0
w_a0.75_b0.7_g0.55,forklift,14,0.306520268515659,0.04133333333333334,0.04133333333333334,0.25833333333333336,0.0
w_a0.75_b0.7_g0.55,forklift,15,0.30938047073757496,0.03333333333333333,0.03333333333333333,0.20833333333333334,0.0
w_a0.75_b0.7_g0.55,forklift,16,0.3085039292278932,0.044000000000000004,0.044000000000000004,0.275,0.0
w_a0.75_b0.7_g0.55,forklift,17,0.30142241100847605,0.04533333333333333,0.04533333333333333,0.2833333333333333,0.0
w_a0.75_b0.7_g0.55,forklift,18,0.3023683662595664,0.04133333333333333,0.04133333333333333,0.25833333333333336,0.0
w_a0.75_b0.7_g0.55,forklift,19,0.3002579114564551,0.048,0.048,0.3,0.0
w_a0.75_b0.7_g0.55,forklift,20,0.30733998960297376,0.042666666666666665,0.042666666666666665,0.26666666666666666,0.0
w_a0.75_b0.7_g0.55,forklift,21,0.31103713911726366,0.04133333333333333,0.04133333333333333,0.25833333333333336,0.0
w_a0.75_b0.7_g0.55,forklift,22,0.31198194337072754,0.037333333333333336,0.037333333333333336,0.23333333333333334,0.0
w_a0.75_b0.7_g0.55,forklift,23,0.3083514582786048,0.04133333333333333,0.04133333333333333,0.25833333333333336,0.0
w_a0.75_b0.7_g0.55,forklift,24,0.30450144714902244,0.04133333333333334,0.04133333333333334,0.25833333333333336,0.0
w_a0.75_b0.7_g0.55,forklift,25,0.3058127640696658,0.04133333333333334,0.04133333333333334,0.25833333333333336,0.0
w_a0.75_b0.7_g0.55,forklift,26,0.3110824226982881,0.032,0.032,0.2,0.0
w_a0.75_b0.7_g0.55,forklift,27,0.3108144482212167,0.029333333333333336,0.029333333333333336,0.18333333333333332,0.0
w_a0.75_b0.7_g0.55,forklift,28,0.30902416110056663,0.037333333333333336,0.037333333333333336,0.23333333333333334,0.0
w_a0.75_b0.7_g0.55,forklift,29,0.3131978594822798,0.036000000000000004,0.036000000000000004,0.225,0.0
w_a0.75_b0.7_g0.55,forklift,30,0.3100032790796473,0.04,0.04,0.25,0.0
w_a0.75_b0.7_g0.55,forklift,31,0.3130527440680435,0.04133333333333333,0.04133333333333333,0.25833333333333336,0.0
w_a0.75_b0.7_g0.55,forklift,32,0.31218783491539787,0.04000000000000001,0.04000000000000001,0.25,0.0
w_a0.75_b0.7_g0.55,forklift,33,0.30664508860004047,0.04133333333333333,0.04133333333333333,0.25833333333333336,0.0
w_a0.75_b0.7_g0.55,forklift,34,0.3047831062426695,0.04133333333333334,0.04133333333333334,0.25833333333333336,0.0
w_a0.75_b0.7_g0.55,forklift,35,0.30971450661739935,0.042666666666666665,0.042666666666666665,0.26666666666666666,0.0
w_a0.75_b0.7_g0.55,forklift,36,0.3078717774037115,0.042666666666666665,0.042666666666666665,0.26666666666666666,0.0
w_a0.75_b0.7_g0.55,forklift,37,0.30172514625595354,0.04325,0.043083333333333335,0.275,0.0
w_a0.75_b0.7_g0.55,forklift,38,0.2986222998261923,0.04533333333333333,0.04533333333333333,0.2833333333333333,0.0
w_a0.75_b0.7_g0.55,forklift,39,0.3014455964671798,0.042666666666666665,0.042666666666666665,0.26666666666666666,0.0
w_a0.75_b0.7_g0.55,crane,0,0.3073587606886278,0.032,0.032,0.2,0.0
w_a0.75_b0.7_g0.55,crane,1,0.2949716074953868,0.04133333333333333,0.04133333333333333,0.25833333333333336,0.0
w_a0.75_b0.7_g0.55,crane,2,0.2985934395201942,0.042666666666666665,0.042666666666666665,0.26666666666666666,0.0
w_a0.75_b0.7_g0.55,crane,3,0.3070993724679666,0.032,0.032,0.2,0.0
w_a0.75_b0.7_g0.55,crane,4,0.30729830446539064,0.037333333333333336,0.037333333333333336,0.23333333333333334,0.0
w_a0.75_b0.7_g0.55,crane,5,0.29999312140369877,0.036000000000000004,0.036000000000000004,0.225,0.0
w_a0.75_b0.7_g0.55,crane,6,0.29757959753315644,0.04266666666666667,0.04266666666666667,0.26666666666666666,0.0
w_a0.75_b0.7_g0.55,crane,7,0.30664700610285667,0.03333333333333333,0.03333333333333333,0.20833333333333334,0.0
w_a0.75_b0.7_g0.55,crane,8,0.30304006871445,0.04266666666666666,0.04266666666666666,0.26666666666666666,0.0
w_a0.75_b0.7_g0.55,crane,9,0.29879066275570926,0.036000000000000004,0.036000000000000004,0.225,0.0
w_a0.75_b0.7_g0.55,crane,10,0.3043396827534399,0.034666666666666665,0.034666666666666665,0.21666666666666667,0.0
w_a0.75_b0.7_g0.55,crane,11,0.3035955742206026,0.04133333333333334,0.04133333333333334,0.25833333333333336,0.0
w_a0.75_b0.7_g0.55,crane,12,0.30025831734942265,0.03866666666666667,0.03866666666666667,0.24166666666666667,0.0
w_a0.75_b0.7_g0.55,crane,13,0.30294480198221835,0.03866666666666667,0.03866666666666667,0.24166666666666667,0.0
w_a0.75_b0.7_g0.55,crane,14,0.2935477760675831,0.044583333333333336,0.04441666666666667,0.2833333333333333,0.0
w_a0.75_b0.7_g0.55,crane,15,0.3030610435377026,0.034666666666666665,0.034666666666666665,0.21666666666666667,0.0
w_a0.75_b0.7_g0.55,crane,16,0.30811535609799967,0.03866666666666667,0.03866666666666667,0.24166666666666667,0.0
w_a0.75_b0.7_g0.55,crane,17,0.30530774747074785,0.03791666666666667,0.03775,0.24166666666666667,0.0
w_a0.75_b0.7_g0.55,crane,18,0.3016016223332379,0.037333333333333336,0.037333333333333336,0.23333333333333334,0.0
w_a0.75_b0.7_g0.55,crane,19,0.30442041253779534,0.04133333333333334,0.04133333333333334,0.25833333333333336,0.0
w_a0.75_b0.7_g0.55,crane,20,0.31248380683829485,0.036000000000000004,0.036000000000000004,0.225,0.0
w_a0.75_b0.7_g0.55,crane,21,0.30733701831745996,0.03333333333333333,0.03333333333333333,0.20833333333333334,0.0
w_a0.75_b0.7_g0.55,crane,22,0.29642368031086713,0.04533333333333333,0.04533333333333333,0.2833333333333333,0.0
w_a0.75_b0.7_g0.55,crane,23,0.3046484568962431,0.04,0.04,0.25,0.0
w_a0.75_b0.7_g0.55,crane,24,0.3006247942128327,0.04133333333333334,0.04133333333333334,0.25833333333333336,0.0
w_a0.75_b0.7_g0.55,crane,25,0.2969447431362168,0.044000000000000004,0.044000000000000004,0.275,0.0
w_a0.75_b0.7_g0.55,crane,26,0.2981078272441149,0.04133333333333333,0.04133333333333333,0.25833333333333336,0.0
w_a0.75_b0.7_g0.55,crane,27,0.2971063565411125,0.04000000000000001,0.04000000000000001,0.25,0.0
w_a0.75_b0.7_g0.55,crane,28,0.30150835635168083,0.03866666666666667,0.03866666666666667,0.24166666666666667,0.0
w_a0.75_b0.7_g0.55,crane,29,0.30093003482261615,0.04000000000000001,0.04000000000000001,0.25,0.0
w_a0.75_b0.7_g0.55,crane,30,0.3037718660849168,0.03925000000000001,0.03908333333333334,0.25,0.0
w_a0.75_b0.7_g0.55,crane,31,0.3031653382132976,0.04133333333333333,0.04133333333333333,0.25833333333333336,0.0
w_a0.75_b0.7_g0.55,crane,32,0.2980834873143576,0.04133333333333333,0.04133333333333333,0.25833333333333336,0.0
w_a0.75_b0.7_g0.55,crane,33,0.30249426146936215,0.04133333333333333,0.04133333333333333,0.25833333333333336,0.0
w_a0.75_b0.7_g0.55,crane,34,0.3049634276754793,0.037333333333333336,0.037333333333333336,0.23333333333333334,0.0
w_a0.75_b0.7_g0.55,crane,35,0.3017806190848015,0.03866666666666667,0.03866666666666667,0.24166666666666667,0.0
w_a0.75_b0.7_g0.55,crane,36,0.3000911807798508,0.03791666666666667,0.03775,0.24166666666666667,0.0
w_a0.75_b0.7_g0.55,crane,37,0.2911220669848164,0.04666666666666666,0.04666666666666666,0.2916666666666667,0.0
w_a0.75_b0.7_g0.55,crane,38,0.31085712273141675,0.037333333333333336,0.037333333333333336,0.23333333333333334,0.0
w_a0.75_b0.7_g0.55,crane,39,0.2838660405869077,0.048,0.048,0.3,0.0
w_a0.75_b0.7_g0.55,substation,0,0.3125485740930383,0.036000000000000004,0.036000000000000004,0.225,0.0
w_a0.75_b0.7_g0.55,substation,1,0.3098925266738386,0.032,0.032,0.2,0.0
w_a0.75_b0.7_g0.55,substation,2,0.303510318270348,0.03866666666666667,0.03866666666666667,0.24166666666666667,0.0
w_a0.75_b0.7_g0.55,substation,3,0.29919377324879703,0.04533333333333333,0.04533333333333333,0.2833333333333333,0.0
w_a0.75_b0.7_g0.55,substation,4,0.30807162211132455,0.03333333333333333,0.03333333333333333,0.20833333333333334,0.0
w_a0.75_b0.7_g0.55,substation,5,0.30286035644713016,0.042666666666666665,0.042666666666666665,0.26666666666666666,0.0
w_a0.75_b0.7_g0.55,substation,6,0.30750085381667314,0.034666666666666665,0.034666666666666665,0.21666666666666667,0.0
w_a0.75_b0.7_g0.55,substation,7,0.3032585722350321,0.03866666666666667,0.03866666666666667,0.24166666666666667,0.0
w_a0.75_b0.7_g0.55,substation,8,0.30539639708250144,0.04,0.04,0.25,0.0
w_a0.75_b0.7_g0.55,substation,9,0.30645731052531827,0.04133333333333334,0.04133333333333334,0.25833333333333336,0.0
w_a0.75_b0.7_g0.55,substation,10,0.30235054732897015,0.037333333333333336,0.037333333333333336,0.23333333333333334,0.0
w_a0.75_b0.7_g0.55,substation,11,0.29960511632877657,0.044000000000000004,0.044000000000000004,0.275,0.0
w_a0.75_b0.7_g0.55,substation,12,0.3067649564790417,0.04133333333333334,0.04133333333333334,0.25833333333333336,0.0
w_a0.75_b0.7_g0.55,substation,13,0.3103494145698285,0.04,0.04,0.25,0.0
w_a0.75_b0.7_g0.55,substation,14,0.305093955268726,0.036000000000000004,0.036000000000000004,0.225,0.0
w_a0.75_b0.7_g0.55,substation,15,0.3045561461655648,0.037333333333333336,0.037333333333333336,0.23333333333333334,0.0
w_a0.75_b0.7_g0.55,substation,16,0.30013678776081687,0.04133333333333333,0.04133333333333333,0.25833333333333336,0.0
w_a0.75_b0.7_g0.55,substation,17,0.30460196699419945,0.04133333333333334,0.04133333333333334,0.25833333333333336,0.0
w_a0.75_b0.7_g0.55,substation,18,0.30082745471818917,0.04666666666666666,0.04666666666666666,0.2916666666666667,0.0
w_a0.75_b0.7_g0.55,substation,19,0.3054665190959257,0.04133333333333333,0.04133333333333333,0.25833333333333336,0.0
w_a0.75_b0.7_g0.55,substation,20,0.3053511495960046,0.04,0.04,0.25,0.0
w_a0.75_b0.7_g0.55,substation,21,0.30282632048680885,0.044000000000000004,0.044000000000000004,0.275,0.0
w_a0.75_b0.7_g0.55,substation,22,0.30781028802611005,0.035250000000000004,0.035083333333333334,0.225,0.0
w_a0.75_b0.7_g0.55,substation,23,0.3046622214282758,0.04,0.04,0.25,0.0
w_a0.75_b0.7_g0.55,substation,24,0.2981301807128685,0.044000000000000004,0.044000000000000004,0.275,0.0
w_a0.75_b0.7_g0.55,substation,25,0.302538228254336,0.03866666666666667,0.03866666666666667,0.24166666666666667,0.0
w_a0.75_b0.7_g0.55,substation,26,0.3067399287217483,0.03866666666666667,0.03866666666666667,0.24166666666666667,0.0
w_a0.75_b0.7_g0.55,substation,27,0.31222789739098217,0.03866666666666666,0.03866666666666666,0.24166666666666667,0.0
w_a0.75_b0.7_g0.55,substation,28,0.29430428263700104,0.04533333333333333,0.04533333333333333,0.2833333333333333,0.0
w_a0.75_b0.7_g0.55,substation,29,0.3008287212654313,0.04,0.04,0.25,0.0
w_a0.75_b0.7_g0.55,substation,30,0.30927328585673375,0.04,0.04,0.25,0.0
w_a0.75_b0.7_g0.55,substation,31,0.3136241024399285,0.034666666666666665,0.034666666666666665,0.21666666666666667,0.0
w_a0.75_b0.7_g0.55,substation,32,0.30802935707799095,0.04133333333333334,0.04133333333333334,0.25833333333333336,0.0
w_a0.75_b0.7_g0.55,substation,33,0.305493054872705,0.04,0.04,0.25,0.0
w_a0.75_b0.7_g0.55,substation,34,0.30267228215784325,0.04133333333333333,0.04133333333333333,0.25833333333333336,0.0
w_a0.75_b0.7_g0.55,substation,35,0.3031250105126959,0.04000000000000001,0.04000000000000001,0.25,0.0
w_a0.75_b0.7_g0.55,substation,36,0.3058549913236058,0.044,0.044,0.275,0.0
w_a0.75_b0.7_g0.55,substation,37,0.30078560867173554,0.04266666666666667,0.04266666666666667,0.26666666666666666,0.0
w_a0.75_b0.7_g0.55,substation,38,0.3036889777259089,0.037333333333333336,0.037333333333333336,0.23333333333333334,0.0
w_a0.75_b0.7_g0.55,substation,39,0.3056513851692931,0.037333333333333336,0.037333333333333336,0.23333333333333334,0.0
w_a0.75_b0.7_g0.55,mining,0,0.2956854825867835,0.04133333333333333,0.04133333333333333,0.25833333333333336,0.0
w_a0.75_b0.7_g0.55,mining,1,0.2973582020689613,0.04,0.04,0.25,0.0
w_a0.75_b0.7_g0.55,mining,2,0.3030376816188822,0.03866666666666667,0.03866666666666667,0.24166666666666667,0.0
w_a0.75_b0.7_g0.55,mining,3,0.29693895184608526,0.03866666666666667,0.03866666666666667,0.24166666666666667,0.0
w_a0.75_b0.7_g0.55,mining,4,0.3043812836399319,0.034666666666666665,0.034666666666666665,0.21666666666666667,0.0
w_a0.75_b0.7_g0.55,mining,5,0.30273863425314324,0.04,0.04,0.25,0.0
w_a0.75_b0.7_g0.55,mining,6,0.2977277000827724,0.037333333333333336,0.037333333333333336,0.23333333333333334,0.0
w_a0.75_b0.7_g0.55,mining,7,0.2972107706848324,0.042666666666666665,0.042666666666666665,0.26666666666666666,0.0
w_a0.75_b0.7_g0.55,mining,8,0.2932453836122502,0.044,0.044,0.275,0.0
w_a0.75_b0.7_g0.55,mining,9,0.29467476506376916,0.04133333333333333,0.04133333333333333,0.25833333333333336,0.0
w_a0.75_b0.7_g0.55,mining,10,0.30027391359860417,0.036000000000000004,0.036000000000000004,0.225,0.0
w_a0.75_b0.7_g0.55,mining,11,0.2952258700773687,0.04533333333333333,0.04533333333333333,0.2833333333333333,0.0
w_a0.75_b0.7_g0.55,mining,12,0.29562723941834046,0.04533333333333333,0.04533333333333333,0.2833333333333333,0.0
w_a0.75_b0.7_g0.55,mining,13,0.30130662856328266,0.04000000000000001,0.04000000000000001,0.25,0.0
w_a0.75_b0.7_g0.55,mining,14,0.3015170192950849,0.037333333333333336,0.037333333333333336,0.23333333333333334,0.0
w_a0.75_b0.7_g0.55,mining,15,0.2966928795356882,0.04133333333333334,0.04133333333333334,0.25833333333333336,0.0
w_a0.75_b0.7_g0.55,mining,16,0.30833423152008027,0.034666666666666665,0.034666666666666665,0.21666666666666667,0.0
w_a0.75_b0.7_g0.55,mining,17,0.2998103026391717,0.04000000000000001,0.04000000000000001,0.25,0.0
w_a0.75_b0.7_g0.55,mining,18,0.2994054913771321,0.037333333333333336,0.037333333333333336,0.23333333333333334,0.0
w_a0.75_b0.7_g0.55,mining,19,0.2983867549316591,0.04133333333333334,0.04133333333333334,0.25833333333333336,0.0
w_a0.75_b0.7_g0.55,mining,20,0.3012465397777802,0.03866666666666667,0.03866666666666667,0.24166666666666667,0.0
w_a0.75_b0.7_g0.55,mining,21,0.3024653146089601,0.044000000000000004,0.044000000000000004,0.275,0.0
w_a0.75_b0.7_g0.55,mining,22,0.30365226762194236,0.036000000000000004,0.036000000000000004,0.225,0.0
w_a0.75_b0.7_g0.55,mining,23,0.2977269768132825,0.04000000000000001,0.04000000000000001,0.25,0.0
w_a0.75_b0.7_g0.55,mining,24,0.30350419626883585,0.036000000000000004,0.036000000000000004,0.225,0.0
w_a0.75_b0.7_g0.55,mining,25,0.29968176549324427,0.04133333333333334,0.04133333333333334,0.25833333333333336,0.0
w_a0.75_b0.7_g0.55,mining,26,0.2932852846650407,0.035250000000000004,0.035083333333333334,0.225,0.0
w_a0.75_b0.7_g0.55,mining,27,0.2977903410801381,0.03658333333333333,0.03641666666666667,0.23333333333333334,0.0
w_a0.75_b0.7_g0.55,mining,28,0.2984157610499908,0.037333333333333336,0.037333333333333336,0.23333333333333334,0.0
w_a0.75_b0.7_g0.55,mining,29,0.29046771619862316,0.048,0.048,0.3,0.0
w_a0.75_b0.7_g0.55,mining,30,0.3021104271318009,0.042666666666666665,0.042666666666666665,0.26666666666666666,0.0
w_a0.75_b0.7_g0.55,mining,31,0.2870715666176855,0.04533333333333334,0.04533333333333334,0.2833333333333333,0.0
w_a0.75_b0.7_g0.55,mining,32,0.29708726452759404,0.04133333333333334,0.04133333333333334,0.25833333333333336,0.0
w_a0.75_b0.7_g0.55,mining,33,0.29191190361690905,0.043250000000000004,0.043083333333333335,0.275,0.0
w_a0.75_b0.7_g0.55,mining,34,0.28916928776057327,0.044,0.044,0.275,0.0
w_a0.75_b0.7_g0.55,mining,35,0.2960527797866341,0.03866666666666666,0.03866666666666666,0.24166666666666667,0.0
w_a0.75_b0.7_g0.55,mining,36,0.3010081136586132,0.03866666666666667,0.03866666666666667,0.24166666666666667,0.0
w_a0.75_b0.7_g0.55,mining,37,0.29358295852733873,0.04133333333333333,0.04133333333333333,0.25833333333333336,0.0
w_a0.75_b0.7_g0.55,mining,38,0.29054816516027415,0.04533333333333333,0.04533333333333333,0.2833333333333333,0.0
w_a0.75_b0.7_g0.55,mining,39,0.2971284346067513,0.034666666666666665,0.034666666666666665,0.21666666666666667,0.0
w_a0.75_b0.7_g0.55,oil_gas,0,0.2918813729814632,0.03866666666666666,0.03866666666666666,0.24166666666666667,0.0
w_a0.75_b0.7_g0.55,oil_gas,1,0.28957127380702663,0.04133333333333333,0.04133333333333333,0.25833333333333336,0.0
w_a0.75_b0.7_g0.55,oil_gas,2,0.2827702982990688,0.050666666666666665,0.050666666666666665,0.31666666666666665,0.0
w_a0.75_b0.7_g0.55,oil_gas,3,0.2950637256683324,0.04000000000000001,0.04000000000000001,0.25,0.0
w_a0.75_b0.7_g0.55,oil_gas,4,0.29578018629537667,0.04133333333333333,0.04133333333333333,0.25833333333333336,0.0
w_a0.75_b0.7_g0.55,oil_gas,5,0.2933914105665502,0.04133333333333334,0.04133333333333334,0.25833333333333336,0.0
w_a0.75_b0.7_g0.55,oil_gas,6,0.29576509171585913,0.03866666666666667,0.03866666666666667,0.24166666666666667,0.0
w_a0.75_b0.7_g0.55,oil_gas,7,0.30162786337012376,0.04,0.04,0.25,0.0
w_a0.75_b0.7_g0.55,oil_gas,8,0.2972588086536985,0.036000000000000004,0.036000000000000004,0.225,0.0
w_a0.75_b0.7_g0.55,oil_gas,9,0.29446967633587273,0.044000000000000004,0.044000000000000004,0.275,0.0
w_a0.75_b0.7_g0.55,oil_gas,10,0.2905358950300879,0.048,0.048,0.3,0.0
w_a0.75_b0.7_g0.55,oil_gas,11,0.30078935134232127,0.037333333333333336,0.037333333333333336,0.23333333333333334,0.0
w_a0.75_b0.7_g0.55,oil_gas,12,0.2969099571433521,0.037333333333333336,0.037333333333333336,0.23333333333333334,0.0
w_a0.75_b0.7_g0.55,oil_gas,13,0.2963216179065616,0.04133333333333333,0.04133333333333333,0.25833333333333336,0.0
w_a0.75_b0.7_g0.55,oil_gas,14,0.3003036968580963,0.037333333333333336,0.037333333333333336,0.23333333333333334,0.0
w_a0.75_b0.7_g0.55,oil_gas,15,0.30111571360411854,0.042666666666666665,0.042666666666666665,0.26666666666666666,0.0
w_a0.75_b0.7_g0.55,oil_gas,16,0.2935905020079929,0.04666666666666666,0.04666666666666666,0.2916666666666667,0.0
w_a0.75_b0.7_g0.55,oil_gas,17,0.29512194450242757,0.044,0.044,0.275,0.0
w_a0.75_b0.7_g0.55,oil_gas,18,0.2979593398174455,0.04133333333333333,0.04133333333333333,0.25833333333333336,0.0
w_a0.75_b0.7_g0.55,oil_gas,19,0.29055735839564273,0.04533333333333333,0.04533333333333333,0.2833333333333333,0.0
w_a0.75_b0.7_g0.55,oil_gas,20,0.29062620045722165,0.04191666666666667,0.041749999999999995,0.26666666666666666,0.0
w_a0.75_b0.7_g0.55,oil_gas,21,0.3016672967288277,0.04133333333333333,0.04133333333333333,0.25833333333333336,0.0
w_a0.75_b0.7_g0.55,oil_gas,22,0.29248959428178295,0.04533333333333333,0.04533333333333333,0.2833333333333333,0.0
w_a0.75_b0.7_g0.55,oil_gas,23,0.28928634340811327,0.048,0.048,0.3,0.0
w_a0.75_b0.7_g0.55,oil_gas,24,0.2936118798259365,0.044,0.044,0.275,0.0
w_a0.75_b0.7_g0.55,oil_gas,25,0.2858969130756537,0.050666666666666665,0.050666666666666665,0.31666666666666665,0.0
w_a0.75_b0.7_g0.55,oil_gas,26,0.2934733427486268,0.044,0.044,0.275,0.0
w_a0.75_b0.7_g0.55,oil_gas,27,0.30053506528508717,0.04133333333333333,0.04133333333333333,0.25833333333333336,0.0
w_a0.75_b0.7_g0.55,oil_gas,28,0.28966643937200776,0.044000000000000004,0.044000000000000004,0.275,0.0
w_a0.75_b0.7_g0.55,oil_gas,29,0.29697715412886583,0.04000000000000001,0.04000000000000001,0.25,0.0
w_a0.75_b0.7_g0.55,oil_gas,30,0.30361716949930756,0.03866666666666667,0.03866666666666667,0.24166666666666667,0.0
w_a0.75_b0.7_g0.55,oil_gas,31,0.29847858639066777,0.03866666666666667,0.03866666666666667,0.24166666666666667,0.0
w_a0.75_b0.7_g0.55,oil_gas,32,0.2933277769764419,0.04133333333333333,0.04133333333333333,0.25833333333333336,0.0
w_a0.75_b0.7_g0.55,oil_gas,33,0.2946308437169316,0.048,0.048,0.3,0.0
w_a0.75_b0.7_g0.55,oil_gas,34,0.29303005682726296,0.03866666666666667,0.03866666666666667,0.24166666666666667,0.0
w_a0.75_b0.7_g0.55,oil_gas,35,0.30500300937826824,0.037333333333333336,0.037333333333333336,0.23333333333333334,0.0
w_a0.75_b0.7_g0.55,oil_gas,36,0.297340138970261,0.036000000000000004,0.036000000000000004,0.225,0.0
w_a0.75_b0.7_g0.55,oil_gas,37,0.2989749919931146,0.034666666666666665,0.034666666666666665,0.21666666666666667,0.0
w_a0.75_b0.7_g0.55,oil_gas,38,0.2993266575075026,0.04058333333333333,0.04041666666666666,0.25833333333333336,0.0
w_a0.75_b0.7_g0.55,oil_gas,39,0.2966181511307442,0.04133333333333334,0.04133333333333334,0.25833333333333336,0.0
w_a0.75_b0.7_g0.55,factory,0,0.3123660537334387,0.03333333333333333,0.03333333333333333,0.20833333333333334,0.0
w_a0.75_b0.7_g0.55,factory,1,0.3171484694885091,0.034666666666666665,0.034666666666666665,0.21666666666666667,0.0
w_a0.75_b0.7_g0.55,factory,2,0.3080440001630256,0.03866666666666667,0.03866666666666667,0.24166666666666667,0.0
w_a0.75_b0.7_g0.55,factory,3,0.3194154637891697,0.04000000000000001,0.04000000000000001,0.25,0.0
w_a0.75_b0.7_g0.55,factory,4,0.3147844542365237,0.034666666666666665,0.034666666666666665,0.21666666666666667,0.0
w_a0.75_b0.7_g0.55,factory,5,0.3116962857491276,0.04000000000000001,0.04000000000000001,0.25,0.0
w_a0.75_b0.7_g0.55,factory,6,0.31181596085871394,0.044000000000000004,0.044000000000000004,0.275,0.0
w_a0.75_b0.7_g0.55,factory,7,0.3203951597599997,0.034666666666666665,0.034666666666666665,0.21666666666666667,0.0
w_a0.75_b0.7_g0.55,factory,8,0.3150732561478925,0.037333333333333336,0.037333333333333336,0.23333333333333334,0.0
w_a0.75_b0.7_g0.55,factory,9,0.3163310762248843,0.037333333333333336,0.037333333333333336,0.23333333333333334,0.0
w_a0.75_b0.7_g0.55,factory,10,0.31790228620844635,0.037333333333333336,0.037333333333333336,0.23333333333333334,0.0
w_a0.75_b0.7_g0.55,factory,11,0.3073494365646771,0.04666666666666666,0.04666666666666666,0.2916666666666667,0.0
w_a0.75_b0.7_g0.55,factory,12,0.31925582661604607,0.037333333333333336,0.037333333333333336,0.23333333333333334,0.0
w_a0.75_b0.7_g0.55,factory,13,0.31636976964916225,0.03866666666666667,0.03866666666666667,0.24166666666666667,0.0
w_a0.75_b0.7_g0.55,factory,14,0.30670072906024437,0.04133333333333333,0.04133333333333333,0.25833333333333336,0.0
w_a0.75_b0.7_g0.55,factory,15,0.3195513414924253,0.036000000000000004,0.036000000000000004,0.225,0.0
w_a0.75_b0.7_g0.55,factory,16,0.31721574160992805,0.04,0.04,0.25,0.0
w_a0.75_b0.7_g0.55,factory,17,0.31398720342816294,0.036000000000000004,0.036000000000000004,0.225,0.0
w_a0.75_b0.7_g0.55,factory,18,0.32173003129090993,0.036000000000000004,0.036000000000000004,0.225,0.0
w_a0.75_b0.7_g0.55,factory,19,0.31553486184303536,0.037333333333333336,0.037333333333333336,0.23333333333333334,0.0
w_a0.75_b0.7_g0.55,factory,20,0.32124485220587995,0.036000000000000004,0.036000000000000004,0.225,0.0
w_a0.75_b0.7_g0.55,factory,21,0.3157123731522874,0.036000000000000004,0.036000000000000004,0.225,0.0
w_a0.75_b0.7_g0.55,factory,22,0.3089341106726593,0.04533333333333334,0.04533333333333334,0.2833333333333333,0.0
w_a0.75_b0.7_g0.55,factory,23,0.31229756760948046,0.04133333333333333,0.04133333333333333,0.25833333333333336,0.0
w_a0.75_b0.7_g0.55,factory,24,0.3142958224392497,0.037333333333333336,0.037333333333333336,0.23333333333333334,0.0
w_a0.75_b0.7_g0.55,factory,25,0.31305769031278546,0.037333333333333336,0.037333333333333336,0.23333333333333334,0.0
w_a0.75_b0.7_g0.55,factory,26,0.31491954683240536,0.04133333333333334,0.04133333333333334,0.25833333333333336,0.0
w_a0.75_b0.7_g0.55,factory,27,0.3074908700739987,0.04666666666666666,0.04666666666666666,0.2916666666666667,0.0
w_a0.75_b0.7_g0.55,factory,28,0.319290036124645,0.04000000000000001,0.04000000000000001,0.25,0.0
w_a0.75_b0.7_g0.55,factory,29,0.3074910368394575,0.044,0.044,0.275,0.0
w_a0.75_b0.7_g0.55,factory,30,0.31236767934209697,0.03866666666666667,0.03866666666666667,0.24166666666666667,0.0
w_a0.75_b0.7_g0.55,factory,31,0.3190597239901204,0.037333333333333336,0.037333333333333336,0.23333333333333334,0.0
w_a0.75_b0.7_g0.55,factory,32,0.30968111023524875,0.04000000000000001,0.04000000000000001,0.25,0.0
w_a0.75_b0.7_g0.55,factory,33,0.32182728477456723,0.032,0.032,0.2,0.0
w_a0.75_b0.7_g0.55,factory,34,0.3079693336913371,0.03866666666666666,0.03866666666666666,0.24166666666666667,0.0
w_a0.75_b0.7_g0.55,factory,35,0.31557834646933786,0.04000000000000001,0.04000000000000001,0.25,0.0
w_a0.75_b0.7_g0.55,factory,36,0.3128298652707882,0.036000000000000004,0.036000000000000004,0.225,0.0
w_a0.75_b0.7_g0.55,factory,37,0.3167259854096855,0.03066666666666667,0.03066666666666667,0.19166666666666668,0.0
w_a0.75_b0.7_g0.55,factory,38,0.3255794945040563,0.029333333333333333,0.029333333333333333,0.18333333333333332,0.0
w_a0.75_b0.7_g0.55,factory,39,0.31282845786550434,0.04000000000000001,0.04000000000000001,0.25,0.0
w_a0.75_b0.7_g1.1,forklift,0,0.326301788592511,0.018083333333333337,0.012916666666666668,0.25833333333333336,0.0
w_a0.75_b0.7_g1.1,forklift,1,0.32713910054368417,0.01575,0.011250000000000001,0.225,0.0
w_a0.75_b0.7_g1.1,forklift,2,0.32952155279259315,0.01691666666666667,0.012083333333333335,0.24166666666666667,0.0
w_a0.75_b0.7_g1.1,forklift,3,0.3289462670195916,0.015750000000000004,0.011250000000000001,0.225,0.0
w_a0.75_b0.7_g1.1,forklift,4,0.326502800326093,0.018083333333333337,0.012916666666666668,0.25833333333333336,0.0
w_a0.75_b0.7_g1.1,forklift,5,0.3210989493227918,0.017500000000000005,0.012500000000000002,0.25,0.0
w_a0.75_b0.7_g1.1,forklift,6,0.3313842509507989,0.016333333333333335,0.011666666666666667,0.23333333333333334,0.0
w_a0.75_b0.7_g1.1,forklift,7,0.32107437754769436,0.018666666666666668,0.013333333333333334,0.26666666666666666,0.0
w_a0.75_b0.7_g1.1,forklift,8,0.3257501698439524,0.01925,0.013750000000000002,0.275,0.0
w_a0.75_b0.7_g1.1,forklift,9,0.32593082295274534,0.018083333333333337,0.012916666666666668,0.25833333333333336,0.0
w_a0.75_b0.7_g1.1,forklift,10,0.3222260511995053,0.016333333333333335,0.011666666666666667,0.23333333333333334,0.0
w_a0.75_b0.7_g1.1,forklift,11,0.3205324167881324,0.014583333333333335,0.010416666666666668,0.20833333333333334,0.0
w_a0.75_b0.7_g1.1,forklift,12,0.32699755825443116,0.018083333333333333,0.012916666666666668,0.25833333333333336,0.0
w_a0.75_b0.7_g1.1,forklift,13,0.327496780778513,0.0175,0.0125,0.25,0.0
w_a0.75_b0.7_g1.1,forklift,14,0.325895268515659,0.018083333333333333,0.012916666666666668,0.25833333333333336,0.0
w_a0.75_b0.7_g1.1,forklift,15,0.32500547073757496,0.014583333333333334,0.010416666666666666,0.20833333333333334,0.0
w_a0.75_b0.7_g1.1,forklift,16,0.3291289292278933,0.01925,0.01375,0.275,0.0
w_a0.75_b0.7_g1.1,forklift,17,0.3226724110084761,0.019833333333333335,0.014166666666666668,0.2833333333333333,0.0
w_a0.75_b0.7_g1.1,forklift,18,0.32174336625956645,0.018083333333333337,0.012916666666666668,0.25833333333333336,0.0
w_a0.75_b0.7_g1.1,forklift,19,0.3227489850692299,0.021000000000000005,0.015000000000000001,0.3,0.0
w_a0.75_b0.7_g1.1,forklift,20,0.32733998960297384,0.018666666666666668,0.013333333333333334,0.26666666666666666,0.0
w_a0.75_b0.7_g1.1,forklift,21,0.33041213911726364,0.018083333333333337,0.012916666666666667,0.25833333333333336,0.0
w_a0.75_b0.7_g1.1,forklift,22,0.3294819433707275,0.016333333333333335,0.011666666666666667,0.23333333333333334,0.0
w_a0.75_b0.7_g1.1,forklift,23,0.3277264582786048,0.018083333333333337,0.012916666666666668,0.25833333333333336,0.0
w_a0.75_b0.7_g1.1,forklift,24,0.3238764471490224,0.018083333333333333,0.012916666666666667,0.25833333333333336,0.0
w_a0.75_b0.7_g1.1,forklift,25,0.32518776406966576,0.018083333333333333,0.012916666666666667,0.25833333333333336,0.0
w_a0.75_b0.7_g1.1,forklift,26,0.32608242269828813,0.014000000000000002,0.010000000000000002,0.2,0.0
w_a0.75_b0.7_g1.1,forklift,27,0.3245644482212168,0.012833333333333334,0.009166666666666667,0.18333333333333332,0.0
w_a0.75_b0.7_g1.1,forklift,28,0.3265241611005666,0.016333333333333335,0.011666666666666667,0.23333333333333334,0.0
w_a0.75_b0.7_g1.1,forklift,29,0.33007285948227977,0.01575,0.011250000000000001,0.225,0.0
w_a0.75_b0.7_g1.1,forklift,30,0.3287439539988975,0.017500000000000005,0.012500000000000002,0.25,0.0
w_a0.75_b0.7_g1.1,forklift,31,0.33242774406804354,0.018083333333333337,0.012916666666666667,0.25833333333333336,0.0
w_a0.75_b0.7_g1.1,forklift,32,0.3309378349153978,0.0175,0.0125,0.25,0.0
w_a0.75_b0.7_g1.1,forklift,33,0.32602008860004034,0.018083333333333337,0.012916666666666667,0.25833333333333336,0.0
w_a0.75_b0.7_g1.1,forklift,34,0.3241581062426695,0.018083333333333337,0.012916666666666668,0.25833333333333336,0.0
w_a0.75_b0.7_g1.1,forklift,35,0.3297145066173994,0.018666666666666668,0.013333333333333334,0.26666666666666666,0.0
w_a0.75_b0.7_g1.1,forklift,36,0.32787177740371154,0.018666666666666668,0.013333333333333334,0.26666666666666666,0.0
w_a0.75_b0.7_g1.1,forklift,37,0.3217251462559535,0.019250000000000003,0.01375,0.275,0.0
w_a0.75_b0.7_g1.1,forklift,38,0.3198722998261923,0.019833333333333335,0.014166666666666668,0.2833333333333333,0.0
w_a0.75_b0.7_g1.1,forklift,39,0.3214455964671797,0.018666666666666668,0.013333333333333334,0.26666666666666666,0.0
w_a0.75_b0.7_g1.1,crane,0,0.32235876068862784,0.014000000000000002,0.010000000000000002,0.2,0.0
w_a0.75_b0.7_g1.1,crane,1,0.31434660749538684,0.018083333333333337,0.012916666666666668,0.25833333333333336,0.0
w_a0.75_b0.7_g1.1,crane,2,0.31859343952019425,0.018666666666666668,0.013333333333333334,0.26666666666666666,0.0
w_a0.75_b0.7_g1.1,crane,3,0.32209937246796655,0.014000000000000002,0.010000000000000002,0.2,0.0
w_a0.75_b0.7_g1.1,crane,4,0.32479830446539054,0.016333333333333335,0.011666666666666667,0.23333333333333334,0.0
w_a0.75_b0.7_g1.1,crane,5,0.3168681214036988,0.01575,0.011250000000000001,0.225,0.0
w_a0.75_b0.7_g1.1,crane,6,0.3175795975331564,0.018666666666666668,0.013333333333333334,0.26666666666666666,0.0
w_a0.75_b0.7_g1.1,crane,7,0.32227200610285667,0.014583333333333335,0.010416666666666666,0.20833333333333334,0.0
w_a0.75_b0.7_g1.1,crane,8,0.32304006871445,0.018666666666666668,0.013333333333333334,0.26666666666666666,0.0
w_a0.75_b0.7_g1.1,crane,9,0.3156656627557093,0.01575,0.011250000000000001,0.225,0.0
w_a0.75_b0.7_g1.1,crane,10,0.3205896827534399,0.015166666666666669,0.010833333333333335,0.21666666666666667,0.0
w_a0.75_b0.7_g1.1,crane,11,0.3229615940639505,0.018083333333333333,0.012916666666666667,0.25833333333333336,0.0
w_a0.75_b0.7_g1.1,crane,12,0.3183833173494227,0.01691666666666667,0.012083333333333335,0.24166666666666667,0.0
w_a0.75_b0.7_g1.1,crane,13,0.3210698019822183,0.01691666666666667,0.012083333333333335,0.24166666666666667,0.0
w_a0.75_b0.7_g1.1,crane,14,0.3141727760675831,0.01983333333333333,0.014166666666666666,0.2833333333333333,0.0
w_a0.75_b0.7_g1.1,crane,15,0.31931104353770257,0.015166666666666667,0.010833333333333334,0.21666666666666667,0.0
w_a0.75_b0.7_g1.1,crane,16,0.3262403560979997,0.01691666666666667,0.012083333333333335,0.24166666666666667,0.0
w_a0.75_b0.7_g1.1,crane,17,0.32279589449642915,0.01691666666666667,0.012083333333333335,0.24166666666666667,0.0
w_a0.75_b0.7_g1.1,crane,18,0.31910162233323786,0.016333333333333335,0.011666666666666667,0.23333333333333334,0.0
w_a0.75_b0.7_g1.1,crane,19,0.3237954125377953,0.018083333333333333,0.012916666666666667,0.25833333333333336,0.0
w_a0.75_b0.7_g1.1,crane,20,0.3293588068382948,0.01575,0.011250000000000001,0.225,0.0
w_a0.75_b0.7_g1.1,crane,21,0.32296201831745996,0.014583333333333335,0.010416666666666666,0.20833333333333334,0.0
w_a0.75_b0.7_g1.1,crane,22,0.3176736803108671,0.019833333333333335,0.014166666666666668,0.2833333333333333,0.0
w_a0.75_b0.7_g1.1,crane,23,0.3233984568962432,0.017500000000000005,0.0125,0.25,0.0
w_a0.75_b0.7_g1.1,crane,24,0.3199997942128327,0.018083333333333333,0.012916666666666667,0.25833333333333336,0.0
w_a0.75_b0.7_g1.1,crane,25,0.3175697431362169,0.019250000000000003,0.013750000000000002,0.275,0.0
w_a0.75_b0.7_g1.1,crane,26,0.3174604011180412,0.018083333333333337,0.012916666666666667,0.25833333333333336,0.0
w_a0.75_b0.7_g1.1,crane,27,0.3158563565411125,0.0175,0.0125,0.25,0.0
w_a0.75_b0.7_g1.1,crane,28,0.31963335635168083,0.01691666666666667,0.012083333333333335,0.24166666666666667,0.0
w_a0.75_b0.7_g1.1,crane,29,0.3196800348226162,0.017500000000000005,0.0125,0.25,0.0
w_a0.75_b0.7_g1.1,crane,30,0.3218968660849167,0.017500000000000005,0.012500000000000002,0.25,0.0
w_a0.75_b0.7_g1.1,crane,31,0.32254033821329753,0.018083333333333337,0.012916666666666667,0.25833333333333336,0.0
w_a0.75_b0.7_g1.1,crane,32,0.3174584873143575,0.018083333333333337,0.012916666666666668,0.25833333333333336,0.0
w_a0.75_b0.7_g1.1,crane,33,0.3218692614693622,0.018083333333333333,0.012916666666666668,0.25833333333333336,0.0
w_a0.75_b0.7_g1.1,crane,34,0.32246342767547925,0.016333333333333335,0.011666666666666667,0.23333333333333334,0.0
w_a0.75_b0.7_g1.1,crane,35,0.31990561908480164,0.01691666666666667,0.012083333333333335,0.24166666666666667,0.0
w_a0.75_b0.7_g1.1,crane,36,0.3175911807798508,0.01691666666666667,0.012083333333333335,0.24166666666666667,0.0
w_a0.75_b0.7_g1.1,crane,37,0.31299706698481633,0.02041666666666667,0.014583333333333334,0.2916666666666667,0.0
w_a0.75_b0.7_g1.1,crane,38,0.3283571227314168,0.016333333333333335,0.011666666666666665,0.23333333333333334,0.0
w_a0.75_b0.7_g1.1,crane,39,0.3063660405869077,0.021000000000000005,0.015000000000000001,0.3,0.0
w_a0.75_b0.7_g1.1,substation,0,0.32942357409303824,0.01575,0.011250000000000001,0.225,0.0
w_a0.75_b0.7_g1.1,substation,1,0.3248925266738386,0.014000000000000002,0.010000000000000002,0.2,0.0
w_a0.75_b0.7_g1.1,substation,2,0.321635318270348,0.01691666666666667,0.012083333333333335,0.24166666666666667,0.0
w_a0.75_b0.7_g1.1,substation,3,0.32044377324879714,0.019833333333333335,0.014166666666666668,0.2833333333333333,0.0
w_a0.75_b0.7_g1.1,substation,4,0.32369662211132455,0.014583333333333334,0.010416666666666666,0.20833333333333334,0.0
w_a0.75_b0.7_g1.1,substation,5,0.3228603564471301,0.018666666666666668,0.013333333333333334,0.26666666666666666,0.0
w_a0.75_b0.7_g1.1,substation,6,0.3237508538166731,0.015166666666666669,0.010833333333333334,0.21666666666666667,0.0
w_a0.75_b0.7_g1.1,substation,7,0.3213835722350321,0.01691666666666667,0.012083333333333333,0.24166666666666667,0.0
w_a0.75_b0.7_g1.1,substation,8,0.32414639708250154,0.017500000000000005,0.0125,0.25,0.0
w_a0.75_b0.7_g1.1,substation,9,0.3258323105253183,0.018083333333333333,0.012916666666666667,0.25833333333333336,0.0
w_a0.75_b0.7_g1.1,substation,10,0.3198505473289701,0.016333333333333335,0.011666666666666665,0.23333333333333334,0.0
w_a0.75_b0.7_g1.1,substation,11,0.3202301163287765,0.019250000000000003,0.01375,0.275,0.0
w_a0.75_b0.7_g1.1,substation,12,0.32613995647904165,0.018083333333333333,0.012916666666666667,0.25833333333333336,0.0
w_a0.75_b0.7_g1.1,substation,13,0.3290994145698285,0.017500000000000005,0.0125,0.25,0.0
w_a0.75_b0.7_g1.1,substation,14,0.32196895526872604,0.01575,0.011250000000000001,0.225,0.0
w_a0.75_b0.7_g1.1,substation,15,0.32205614616556477,0.016333333333333335,0.011666666666666667,0.23333333333333334,0.0
w_a0.75_b0.7_g1.1,substation,16,0.31951178776081685,0.018083333333333333,0.012916666666666667,0.25833333333333336,0.0
w_a0.75_b0.7_g1.1,substation,17,0.3239769669941995,0.018083333333333337,0.012916666666666668,0.25833333333333336,0.0
w_a0.75_b0.7_g1.1,substation,18,0.3227024547181891,0.02041666666666667,0.014583333333333334,0.2916666666666667,0.0
w_a0.75_b0.7_g1.1,substation,19,0.3248415190959257,0.018083333333333337,0.012916666666666668,0.25833333333333336,0.0
w_a0.75_b0.7_g1.1,substation,20,0.3241011495960046,0.017500000000000005,0.012500000000000002,0.25,0.0
w_a0.75_b0.7_g1.1,substation,21,0.32342279365092996,0.019250000000000003,0.01375,0.275,0.0
w_a0.75_b0.7_g1.1,substation,22,0.3240602880261099,0.01575,0.011250000000000001,0.225,0.0
w_a0.75_b0.7_g1.1,substation,23,0.3234122214282758,0.017500000000000005,0.012500000000000002,0.25,0.0
w_a0.75_b0.7_g1.1,substation,24,0.31875518071286846,0.019250000000000003,0.01375,0.275,0.0
w_a0.75_b0.7_g1.1,substation,25,0.320663228254336,0.01691666666666667,0.012083333333333335,0.24166666666666667,0.0
w_a0.75_b0.7_g1.1,substation,26,0.3248649287217483,0.01691666666666667,0.012083333333333335,0.24166666666666667,0.0
w_a0.75_b0.7_g1.1,substation,27,0.33035289739098217,0.01691666666666667,0.012083333333333335,0.24166666666666667,0.0
w_a0.75_b0.7_g1.1,substation,28,0.31555428263700097,0.019833333333333335,0.014166666666666668,0.2833333333333333,0.0
w_a0.75_b0.7_g1.1,substation,29,0.3195787212654313,0.017500000000000005,0.012500000000000002,0.25,0.0
w_a0.75_b0.7_g1.1,substation,30,0.32802328585673374,0.017500000000000005,0.012500000000000002,0.25,0.0
w_a0.75_b0.7_g1.1,substation,31,0.3298741024399285,0.015166666666666669,0.010833333333333335,0.21666666666666667,0.0
w_a0.75_b0.7_g1.1,substation,32,0.327404357077991,0.018083333333333333,0.012916666666666667,0.25833333333333336,0.0
w_a0.75_b0.7_g1.1,substation,33,0.324243054872705,0.017500000000000005,0.012500000000000002,0.25,0.0
w_a0.75_b0.7_g1.1,substation,34,0.3220472821578433,0.018083333333333337,0.012916666666666667,0.25833333333333336,0.0
w_a0.75_b0.7_g1.1,substation,35,0.32187501051269585,0.0175,0.0125,0.25,0.0
w_a0.75_b0.7_g1.1,substation,36,0.3264799913236058,0.019250000000000003,0.013750000000000002,0.275,0.0
w_a0.75_b0.7_g1.1,substation,37,0.3207856086717355,0.018666666666666668,0.013333333333333334,0.26666666666666666,0.0
w_a0.75_b0.7_g1.1,substation,38,0.3211889777259089,0.016333333333333335,0.011666666666666667,0.23333333333333334,0.0
w_a0.75_b0.7_g1.1,substation,39,0.3231513851692931,0.016333333333333335,0.011666666666666665,0.23333333333333334,0.0
w_a0.75_b0.7_g1.1,mining,0,0.31506048258678354,0.018083333333333337,0.012916666666666667,0.25833333333333336,0.0
w_a0.75_b0.7_g1.1,mining,1,0.31610820206896134,0.017500000000000005,0.0125,0.25,0.0
w_a0.75_b0.7_g1.1,mining,2,0.32116268161888223,0.01691666666666667,0.012083333333333335,0.24166666666666667,0.0
w_a0.75_b0.7_g1.1,mining,3,0.3150639518460852,0.01691666666666667,0.012083333333333335,0.24166666666666667,0.0
w_a0.75_b0.7_g1.1,mining,4,0.3206312836399319,0.015166666666666669,0.010833333333333334,0.21666666666666667,0.0
w_a0.75_b0.7_g1.1,mining,5,0.3214652675286596,0.017500000000000005,0.0125,0.25,0.0
w_a0.75_b0.7_g1.1,mining,6,0.3152277000827724,0.016333333333333335,0.011666666666666667,0.23333333333333334,0.0
w_a0.75_b0.7_g1.1,mining,7,0.31718870280295497,0.018666666666666668,0.013333333333333334,0.26666666666666666,0.0
w_a0.75_b0.7_g1.1,mining,8,0.3138703836122502,0.019250000000000003,0.01375,0.275,0.0
w_a0.75_b0.7_g1.1,mining,9,0.31404976506376914,0.018083333333333333,0.012916666666666667,0.25833333333333336,0.0
w_a0.75_b0.7_g1.1,mining,10,0.3171489135986042,0.01575,0.011250000000000001,0.225,0.0
w_a0.75_b0.7_g1.1,mining,11,0.3164758700773687,0.019833333333333335,0.014166666666666668,0.2833333333333333,0.0
w_a0.75_b0.7_g1.1,mining,12,0.3168772394183404,0.019833333333333335,0.014166666666666668,0.2833333333333333,0.0
w_a0.75_b0.7_g1.1,mining,13,0.32005662856328265,0.0175,0.0125,0.25,0.0
w_a0.75_b0.7_g1.1,mining,14,0.3190170192950849,0.016333333333333335,0.011666666666666665,0.23333333333333334,0.0
w_a0.75_b0.7_g1.1,mining,15,0.3160678795356882,0.018083333333333333,0.012916666666666667,0.25833333333333336,0.0
w_a0.75_b0.7_g1.1,mining,16,0.32458423152008026,0.015166666666666669,0.010833333333333335,0.21666666666666667,0.0
w_a0.75_b0.7_g1.1,mining,17,0.31856030263917173,0.017500000000000005,0.0125,0.25,0.0
w_a0.75_b0.7_g1.1,mining,18,0.31690549137713214,0.016333333333333335,0.011666666666666667,0.23333333333333334,0.0
w_a0.75_b0.7_g1.1,mining,19,0.31776175493165904,0.018083333333333333,0.012916666666666667,0.25833333333333336,0.0
w_a0.75_b0.7_g1.1,mining,20,0.3193715397777802,0.01691666666666667,0.012083333333333335,0.24166666666666667,0.0
w_a0.75_b0.7_g1.1,mining,21,0.3230903146089601,0.019250000000000003,0.01375,0.275,0.0
w_a0.75_b0.7_g1.1,mining,22,0.3205272676219424,0.01575,0.011250000000000001,0.225,0.0
w_a0.75_b0.7_g1.1,mining,23,0.31647697681328246,0.0175,0.0125,0.25,0.0
w_a0.75_b0.7_g1.1,mining,24,0.3203791962688358,0.01575,0.011250000000000001,0.225,0.0
w_a0.75_b0.7_g1.1,mining,25,0.3190567654932443,0.018083333333333333,0.012916666666666667,0.25833333333333336,0.0
w_a0.75_b0.7_g1.1,mining,26,0.30953528466504066,0.01575,0.011250000000000001,0.225,0.0
w_a0.75_b0.7_g1.1,mining,27,0.3146653410801381,0.016333333333333335,0.011666666666666667,0.23333333333333334,0.0
w_a0.75_b0.7_g1.1,mining,28,0.3159157610499908,0.016333333333333335,0.011666666666666665,0.23333333333333334,0.0
w_a0.75_b0.7_g1.1,mining,29,0.3129480257883041,0.021000000000000005,0.015000000000000003,0.3,0.0
w_a0.75_b0.7_g1.1,mining,30,0.3221104271318009,0.018666666666666668,0.013333333333333334,0.26666666666666666,0.0
w_a0.75_b0.7_g1.1,mining,31,0.3083215666176855,0.01983333333333333,0.014166666666666668,0.2833333333333333,0.0
w_a0.75_b0.7_g1.1,mining,32,0.3164622645275941,0.018083333333333337,0.012916666666666667,0.25833333333333336,0.0
w_a0.75_b0.7_g1.1,mining,33,0.311911903616909,0.019250000000000003,0.013750000000000002,0.275,0.0
w_a0.75_b0.7_g1.1,mining,34,0.30979428776057333,0.019250000000000003,0.013750000000000002,0.275,0.0
w_a0.75_b0.7_g1.1,mining,35,0.3141777797866341,0.01691666666666667,0.012083333333333335,0.24166666666666667,0.0
w_a0.75_b0.7_g1.1,mining,36,0.3191331136586132,0.01691666666666667,0.012083333333333333,0.24166666666666667,0.0
w_a0.75_b0.7_g1.1,mining,37,0.3129579585273387,0.018083333333333337,0.012916666666666668,0.25833333333333336,0.0
w_a0.75_b0.7_g1.1,mining,38,0.31179816516027414,0.019833333333333335,0.014166666666666668,0.2833333333333333,0.0
w_a0.75_b0.7_g1.1,mining,39,0.31337843460675135,0.015166666666666667,0.010833333333333334,0.21666666666666667,0.0
w_a0.75_b0.7_g1.1,oil_gas,0,0.31000637298146316,0.01691666666666667,0.012083333333333335,0.24166666666666667,0.0
w_a0.75_b0.7_g1.1,oil_gas,1,0.3089462738070266,0.018083333333333337,0.012916666666666667,0.25833333333333336,0.0
w_a0.75_b0.7_g1.1,oil_gas,2,0.30652029829906874,0.022166666666666668,0.015833333333333335,0.31666666666666665,0.0
w_a0.75_b0.7_g1.1,oil_gas,3,0.3138137256683323,0.0175,0.0125,0.25,0.0
w_a0.75_b0.7_g1.1,oil_gas,4,0.31515518629537664,0.018083333333333337,0.012916666666666668,0.25833333333333336,0.0
w_a0.75_b0.7_g1.1,oil_gas,5,0.31276641056655025,0.018083333333333333,0.012916666666666667,0.25833333333333336,0.0
w_a0.75_b0.7_g1.1,oil_gas,6,0.3138900917158592,0.01691666666666667,0.012083333333333335,0.24166666666666667,0.0
w_a0.75_b0.7_g1.1,oil_gas,7,0.3203778633701238,0.017500000000000005,0.012500000000000002,0.25,0.0
w_a0.75_b0.7_g1.1,oil_gas,8,0.31413380865369855,0.01575,0.011250000000000001,0.225,0.0
w_a0.75_b0.7_g1.1,oil_gas,9,0.3150946763358727,0.019250000000000003,0.01375,0.275,0.0
w_a0.75_b0.7_g1.1,oil_gas,10,0.31303589503008794,0.021000000000000005,0.015000000000000001,0.3,0.0
w_a0.75_b0.7_g1.1,oil_gas,11,0.3182893513423212,0.016333333333333335,0.011666666666666667,0.23333333333333334,0.0
w_a0.75_b0.7_g1.1,oil_gas,12,0.314409957143352,0.016333333333333335,0.011666666666666667,0.23333333333333334,0.0
w_a0.75_b0.7_g1.1,oil_gas,13,0.3156966179065616,0.018083333333333337,0.012916666666666667,0.25833333333333336,0.0
w_a0.75_b0.7_g1.1,oil_gas,14,0.3178036968580963,0.016333333333333335,0.011666666666666667,0.23333333333333334,0.0
w_a0.75_b0.7_g1.1,oil_gas,15,0.3211157136041185,0.018666666666666668,0.013333333333333334,0.26666666666666666,0.0
w_a0.75_b0.7_g1.1,oil_gas,16,0.3154655020079929,0.02041666666666667,0.014583333333333334,0.2916666666666667,0.0
w_a0.75_b0.7_g1.1,oil_gas,17,0.3157469445024276,0.019250000000000003,0.013750000000000002,0.275,0.0
w_a0.75_b0.7_g1.1,oil_gas,18,0.31733433981744547,0.018083333333333337,0.012916666666666668,0.25833333333333336,0.0
w_a0.75_b0.7_g1.1,oil_gas,19,0.3118073583956427,0.019833333333333335,0.014166666666666666,0.2833333333333333,0.0
w_a0.75_b0.7_g1.1,oil_gas,20,0.31000120045722157,0.018666666666666668,0.013333333333333334,0.26666666666666666,0.0
w_a0.75_b0.7_g1.1,oil_gas,21,0.32104229672882767,0.018083333333333337,0.012916666666666667,0.25833333333333336,0.0
w_a0.75_b0.7_g1.1,oil_gas,22,0.313739594281783,0.019833333333333335,0.014166666666666668,0.2833333333333333,0.0
w_a0.75_b0.7_g1.1,oil_gas,23,0.31178634340811323,0.021000000000000005,0.015000000000000001,0.3,0.0
w_a0.75_b0.7_g1.1,oil_gas,24,0.3142368798259365,0.019250000000000003,0.013750000000000002,0.275,0.0
w_a0.75_b0.7_g1.1,oil_gas,25,0.3096143975661792,0.022166666666666668,0.01583333333333333,0.31666666666666665,0.0
w_a0.75_b0.7_g1.1,oil_gas,26,0.31409834274862686,0.019250000000000003,0.013750000000000002,0.275,0.0
w_a0.75_b0.7_g1.1,oil_gas,27,0.31991006528508714,0.018083333333333337,0.012916666666666668,0.25833333333333336,0.0
w_a0.75_b0.7_g1.1,oil_gas,28,0.3102914393720077,0.01925,0.013750000000000002,0.275,0.0
w_a0.75_b0.7_g1.1,oil_gas,29,0.3157271541288658,0.0175,0.0125,0.25,0.0
w_a0.75_b0.7_g1.1,oil_gas,30,0.3217421694993075,0.01691666666666667,0.012083333333333335,0.24166666666666667,0.0
w_a0.75_b0.7_g1.1,oil_gas,31,0.3166035863906678,0.01691666666666667,0.012083333333333335,0.24166666666666667,0.0
w_a0.75_b0.7_g1.1,oil_gas,32,0.3127027769764419,0.018083333333333337,0.012916666666666668,0.25833333333333336,0.0
w_a0.75_b0.7_g1.1,oil_gas,33,0.3171308437169316,0.021000000000000005,0.015000000000000001,0.3,0.0
w_a0.75_b0.7_g1.1,oil_gas,34,0.311155056827263,0.01691666666666667,0.012083333333333335,0.24166666666666667,0.0
w_a0.75_b0.7_g1.1,oil_gas,35,0.32250300937826826,0.016333333333333335,0.011666666666666665,0.23333333333333334,0.0
w_a0.75_b0.7_g1.1,oil_gas,36,0.31421513897026104,0.01575,0.011250000000000001,0.225,0.0
w_a0.75_b0.7_g1.1,oil_gas,37,0.31522499199311454,0.015166666666666669,0.010833333333333335,0.21666666666666667,0.0
w_a0.75_b0.7_g1.1,oil_gas,38,0.31807665750750264,0.018083333333333337,0.012916666666666667,0.25833333333333336,0.0
w_a0.75_b0.7_g1.1,oil_gas,39,0.3159931511307442,0.018083333333333333,0.012916666666666667,0.25833333333333336,0.0
w_a0.75_b0.7_g1.1,factory,0,0.3279910537334387,0.014583333333333334,0.010416666666666666,0.20833333333333334,0.0
w_a0.75_b0.7_g1.1,factory,1,0.33339846948850915,0.015166666666666669,0.010833333333333335,0.21666666666666667,0.0
w_a0.75_b0.7_g1.1,factory,2,0.3261690001630255,0.01691666666666667,0.012083333333333335,0.24166666666666667,0.0
w_a0.75_b0.7_g1.1,factory,3,0.3381654637891697,0.017500000000000005,0.0125,0.25,0.0
w_a0.75_b0.7_g1.1,factory,4,0.3310344542365237,0.015166666666666669,0.010833333333333335,0.21666666666666667,0.0
w_a0.75_b0.7_g1.1,factory,5,0.3304462857491276,0.0175,0.0125,0.25,0.0
w_a0.75_b0.7_g1.1,factory,6,0.3324409608587139,0.019250000000000003,0.01375,0.275,0.0
w_a0.75_b0.7_g1.1,factory,7,0.33664515975999976,0.015166666666666667,0.010833333333333334,0.21666666666666667,0.0
w_a0.75_b0.7_g1.1,factory,8,0.33257325614789257,0.016333333333333335,0.011666666666666665,0.23333333333333334,0.0
w_a0.75_b0.7_g1.1,factory,9,0.33383107622488434,0.016333333333333335,0.011666666666666667,0.23333333333333334,0.0
w_a0.75_b0.7_g1.1,factory,10,0.3354022862084463,0.016333333333333335,0.011666666666666665,0.23333333333333334,0.0
w_a0.75_b0.7_g1.1,factory,11,0.3292244365646771,0.02041666666666667,0.014583333333333334,0.2916666666666667,0.0
w_a0.75_b0.7_g1.1,factory,12,0.33675582661604603,0.016333333333333335,0.011666666666666665,0.23333333333333334,0.0
w_a0.75_b0.7_g1.1,factory,13,0.3344947696491623,0.01691666666666667,0.012083333333333335,0.24166666666666667,0.0
w_a0.75_b0.7_g1.1,factory,14,0.3260757290602444,0.018083333333333337,0.012916666666666668,0.25833333333333336,0.0
w_a0.75_b0.7_g1.1,factory,15,0.3364263414924253,0.01575,0.011250000000000001,0.225,0.0
w_a0.75_b0.7_g1.1,factory,16,0.33596574160992804,0.017500000000000005,0.0125,0.25,0.0
w_a0.75_b0.7_g1.1,factory,17,0.33086220342816297,0.01575,0.011250000000000001,0.225,0.0
w_a0.75_b0.7_g1.1,factory,18,0.33860503129090985,0.01575,0.011250000000000001,0.225,0.0
w_a0.75_b0.7_g1.1,factory,19,0.3330348618430354,0.016333333333333335,0.011666666666666667,0.23333333333333334,0.0
w_a0.75_b0.7_g1.1,factory,20,0.33811985220587987,0.015750000000000004,0.011250000000000001,0.225,0.0
w_a0.75_b0.7_g1.1,factory,21,0.33258737315228737,0.01575,0.011250000000000001,0.225,0.0
w_a0.75_b0.7_g1.1,factory,22,0.3301841106726594,0.019833333333333335,0.014166666666666668,0.2833333333333333,0.0
w_a0.75_b0.7_g1.1,factory,23,0.3316725676094805,0.018083333333333333,0.012916666666666667,0.25833333333333336,0.0
w_a0.75_b0.7_g1.1,factory,24,0.3317958224392497,0.016333333333333335,0.011666666666666667,0.23333333333333334,0.0
w_a0.75_b0.7_g1.1,factory,25,0.3305576903127855,0.016333333333333335,0.011666666666666665,0.23333333333333334,0.0
w_a0.75_b0.7_g1.1,factory,26,0.33429454683240534,0.018083333333333333,0.012916666666666667,0.25833333333333336,0.0
w_a0.75_b0.7_g1.1,factory,27,0.3293658700739987,0.02041666666666667,0.014583333333333334,0.2916666666666667,0.0
w_a0.75_b0.7_g1.1,factory,28,0.338040036124645,0.0175,0.0125,0.25,0.0
w_a0.75_b0.7_g1.1,factory,29,0.32811603683945745,0.019250000000000003,0.01375,0.275,0.0
w_a0.75_b0.7_g1.1,factory,30,0.3304926793420969,0.01691666666666667,0.012083333333333333,0.24166666666666667,0.0
w_a0.75_b0.7_g1.1,factory,31,0.33655972399012046,0.016333333333333335,0.011666666666666667,0.23333333333333334,0.0
w_a0.75_b0.7_g1.1,factory,32,0.3284311102352488,0.0175,0.0125,0.25,0.0
w_a0.75_b0.7_g1.1,factory,33,0.3368272847745672,0.014000000000000002,0.010000000000000002,0.2,0.0
w_a0.75_b0.7_g1.1,factory,34,0.3260943336913371,0.01691666666666667,0.012083333333333335,0.24166666666666667,0.0
w_a0.75_b0.7_g1.1,factory,35,0.33432834646933784,0.017500000000000005,0.0125,0.25,0.0
w_a0.75_b0.7_g1.1,factory,36,0.3297048652707882,0.01575,0.011250000000000001,0.225,0.0
w_a0.75_b0.7_g1.1,factory,37,0.33110098540968547,0.013416666666666669,0.009583333333333334,0.19166666666666668,0.0
w_a0.75_b0.7_g1.1,factory,38,0.33932949450405625,0.012833333333333334,0.009166666666666667,0.18333333333333332,0.0
w_a0.75_b0.7_g1.1,factory,39,0.3315784578655044,0.017500000000000005,0.0125,0.25,0.0
w_a0.75_b0.7_g1.65,forklift,0,0.326301788592511,0.018083333333333337,0.012916666666666668,0.25833333333333336,0.0
w_a0.75_b0.7_g1.65,forklift,1,0.32713910054368417,0.01575,0.011250000000000001,0.225,0.0
w_a0.75_b0.7_g1.65,forklift,2,0.32952155279259315,0.01691666666666667,0.012083333333333335,0.24166666666666667,0.0
w_a0.75_b0.7_g1.65,forklift,3,0.3289462670195916,0.015750000000000004,0.011250000000000001,0.225,0.0
w_a0.75_b0.7_g1.65,forklift,4,0.326502800326093,0.018083333333333337,0.012916666666666668,0.25833333333333336,0.0
w_a0.75_b0.7_g1.65,forklift,5,0.3210989493227918,0.017500000000000005,0.012500000000000002,0.25,0.0
w_a0.75_b0.7_g1.65,forklift,6,0.3313842509507989,0.016333333333333335,0.011666666666666667,0.23333333333333334,0.0
w_a0.75_b0.7_g1.65,forklift,7,0.32107437754769436,0.018666666666666668,0.013333333333333334,0.26666666666666666,0.0
w_a0.75_b0.7_g1.65,forklift,8,0.3257501698439524,0.01925,0.013750000000000002,0.275,0.0
w_a0.75_b0.7_g1.65,forklift,9,0.32593082295274534,0.018083333333333337,0.012916666666666668,0.25833333333333336,0.0
w_a0.75_b0.7_g1.65,forklift,10,0.3222260511995053,0.016333333333333335,0.011666666666666667,0.23333333333333334,0.0
w_a0.75_b0.7_g1.65,forklift,11,0.3205324167881324,0.014583333333333335,0.010416666666666668,0.20833333333333334,0.0
w_a0.75_b0.7_g1.65,forklift,12,0.32699755825443116,0.018083333333333333,0.012916666666666668,0.25833333333333336,0.0
w_a0.75_b0.7_g1.65,forklift,13,0.327496780778513,0.0175,0.0125,0.25,0.0
w_a0.75_b0.7_g1.65,forklift,14,0.325895268515659,0.018083333333333333,0.012916666666666668,0.25833333333333336,0.0
w_a0.75_b0.7_g1.65,forklift,15,0.32500547073757496,0.014583333333333334,0.010416666666666666,0.20833333333333334,0.0
w_a0.75_b0.7_g1.65,forklift,16,0.3291289292278933,0.01925,0.01375,0.275,0.0
w_a0.75_b0.7_g1.65,forklift,17,0.3226724110084761,0.019833333333333335,0.014166666666666668,0.2833333333333333,0.0
w_a0.75_b0.7_g1.65,forklift,18,0.32174336625956645,0.018083333333333337,0.012916666666666668,0.25833333333333336,0.0
w_a0.75_b0.7_g1.65,forklift,19,0.3227489850692299,0.021000000000000005,0.015000000000000001,0.3,0.0
w_a0.75_b0.7_g1.65,forklift,20,0.32733998960297384,0.018666666666666668,0.013333333333333334,0.26666666666666666,0.0
w_a0.75_b0.7_g1.65,forklift,21,0.33041213911726364,0.018083333333333337,0.012916666666666667,0.25833333333333336,0.0
w_a0.75_b0.7_g1.65,forklift,22,0.3294819433707275,0.016333333333333335,0.011666666666666667,0.23333333333333334,0.0
w_a0.75_b0.7_g1.65,forklift,23,0.3277264582786048,0.018083333333333337,0.012916666666666668,0.25833333333333336,0.0
w_a0.75_b0.7_g1.65,forklift,24,0.3238764471490224,0.018083333333333333,0.012916666666666667,0.25833333333333336,0.0
w_a0.75_b0.7_g1.65,forklift,25,0.32518776406966576,0.018083333333333333,0.012916666666666667,0.25833333333333336,0.0
w_a0.75_b0.7_g1.65,forklift,26,0.32608242269828813,0.014000000000000002,0.010000000000000002,0.2,0.0
w_a0.75_b0.7_g1.65,forklift,27,0.3245644482212168,0.012833333333333334,0.009166666666666667,0.18333333333333332,0.0
w_a0.75_b0.7_g1.65,forklift,28,0.3265241611005666,0.016333333333333335,0.011666666666666667,0.23333333333333334,0.0
w_a0.75_b0.7_g1.65,forklift,29,0.33007285948227977,0.01575,0.011250000000000001,0.225,0.0
w_a0.75_b0.7_g1.65,forklift,30,0.3287439539988975,0.017500000000000005,0.012500000000000002,0.25,0.0
w_a0.75_b0.7_g1.65,forklift,31,0.33242774406804354,0.018083333333333337,0.012916666666666667,0.25833333333333336,0.0
w_a0.75_b0.7_g1.65,forklift,32,0.3309378349153978,0.0175,0.0125,0.25,0.0
w_a0.75_b0.7_g1.65,forklift,33,0.32602008860004034,0.018083333333333337,0.012916666666666667,0.25833333333333336,0.0
w_a0.75_b0.7_g1.65,forklift,34,0.3241581062426695,0.018083333333333337,0.012916666666666668,0.25833333333333336,0.0
w_a0.75_b0.7_g1.65,forklift,35,0.3297145066173994,0.018666666666666668,0.013333333333333334,0.26666666666666666,0.0
w_a0.75_b0.7_g1.65,forklift,36,0.32787177740371154,0.018666666666666668,0.013333333333333334,0.26666666666666666,0.0
w_a0.75_b0.7_g1.65,forklift,37,0.3217251462559535,0.019250000000000003,0.01375,0.275,0.0
w_a0.75_b0.7_g1.65,forklift,38,0.3198722998261923,0.019833333333333335,0.014166666666666668,0.2833333333333333,0.0
w_a0.75_b0.7_g1.65,forklift,39,0.3214455964671797,0.018666666666666668,0.013333333333333334,0.26666666666666666,0.0
w_a0.75_b0.7_g1.65,crane,0,0.32235876068862784,0.014000000000000002,0.010000000000000002,0.2,0.0
w_a0.75_b0.7_g1.65,crane,1,0.31434660749538684,0.018083333333333337,0.012916666666666668,0.25833333333333336,0.0
w_a0.75_b0.7_g1.65,crane,2,0.31859343952019425,0.018666666666666668,0.013333333333333334,0.26666666666666666,0.0
w_a0.75_b0.7_g1.65,crane,3,0.32209937246796655,0.014000000000000002,0.010000000000000002,0.2,0.0
w_a0.75_b0.7_g1.65,crane,4,0.32479830446539054,0.016333333333333335,0.011666666666666667,0.23333333333333334,0.0
w_a0.75_b0.7_g1.65,crane,5,0.3168681214036988,0.01575,0.011250000000000001,0.225,0.0
w_a0.75_b0.7_g1.65,crane,6,0.3175795975331564,0.018666666666666668,0.013333333333333334,0.26666666666666666,0.0
w_a0.75_b0.7_g1.65,crane,7,0.32227200610285667,0.014583333333333335,0.010416666666666666,0.20833333333333334,0.0
w_a0.75_b0.7_g1.65,crane,8,0.32304006871445,0.018666666666666668,0.013333333333333334,0.26666666666666666,0.0
w_a0.75_b0.7_g1.65,crane,9,0.3156656627557093,0.01575,0.011250000000000001,0.225,0.0
w_a0.75_b0.7_g1.65,crane,10,0.3205896827534399,0.015166666666666669,0.010833333333333335,0.21666666666666667,0.0
w_a0.75_b0.7_g1.65,crane,11,0.3229615940639505,0.018083333333333333,0.012916666666666667,0.25833333333333336,0.0
w_a0.75_b0.7_g1.65,crane,12,0.3183833173494227,0.01691666666666667,0.012083333333333335,0.24166666666666667,0.0
w_a0.75_b0.7_g1.65,crane,13,0.3210698019822183,0.01691666666666667,0.012083333333333335,0.24166666666666667,0.0
w_a0.75_b0.7_g1.65,crane,14,0.3141727760675831,0.01983333333333333,0.014166666666666666,0.2833333333333333,0.0
w_a0.75_b0.7_g1.65,crane,15,0.31931104353770257,0.015166666666666667,0.010833333333333334,0.21666666666666667,0.0
w_a0.75_b0.7_g1.65,crane,16,0.3262403560979997,0.01691666666666667,0.012083333333333335,0.24166666666666667,0.0
w_a0.75_b0.7_g1.65,crane,17,0.32279589449642915,0.01691666666666667,0.012083333333333335,0.24166666666666667,0.0
w_a0.75_b0.7_g1.65,crane,18,0.31910162233323786,0.016333333333333335,0.011666666666666667,0.23333333333333334,0.0
w_a0.75_b0.7_g1.65,crane,19,0.3237954125377953,0.018083333333333333,0.012916666666666667,0.25833333333333336,0.0
w_a0.75_b0.7_g1.65,crane,20,0.3293588068382948,0.01575,0.011250000000000001,0.225,0.0
w_a0.75_b0.7_g1.65,crane,21,0.32296201831745996,0.014583333333333335,0.010416666666666666,0.20833333333333334,0.0
w_a0.75_b0.7_g1.65,crane,22,0.3176736803108671,0.019833333333333335,0.014166666666666668,0.2833333333333333,0.0
w_a0.75_b0.7_g1.65,crane,23,0.3233984568962432,0.017500000000000005,0.0125,0.25,0.0
w_a0.75_b0.7_g1.65,crane,24,0.3199997942128327,0.018083333333333333,0.012916666666666667,0.25833333333333336,0.0
w_a0.75_b0.7_g1.65,crane,25,0.3175697431362169,0.019250000000000003,0.013750000000000002,0.275,0.0
w_a0.75_b0.7_g1.65,crane,26,0.3174604011180412,0.018083333333333337,0.012916666666666667,0.25833333333333336,0.0
w_a0.75_b0.7_g1.65,crane,27,0.3158563565411125,0.0175,0.0125,0.25,0.0
w_a0.75_b0.7_g1.65,crane,28,0.31963335635168083,0.01691666666666667,0.012083333333333335,0.24166666666666667,0.0
w_a0.75_b0.7_g1.65,crane,29,0.3196800348226162,0.017500000000000005,0.0125,0.25,0.0
w_a0.75_b0.7_g1.65,crane,30,0.3218968660849167,0.017500000000000005,0.012500000000000002,0.25,0.0
w_a0.75_b0.7_g1.65,crane,31,0.32254033821329753,0.018083333333333337,0.012916666666666667,0.25833333333333336,0.0
w_a0.75_b0.7_g1.65,crane,32,0.3174584873143575,0.018083333333333337,0.012916666666666668,0.25833333333333336,0.0
w_a0.75_b0.7_g1.65,crane,33,0.3218692614693622,0.018083333333333333,0.012916666666666668,0.25833333333333336,0.0
w_a0.75_b0.7_g1.65,crane,34,0.32246342767547925,0.016333333333333335,0.011666666666666667,0.23333333333333334,0.0
w_a0.75_b0.7_g1.65,crane,35,0.31990561908480164,0.01691666666666667,0.012083333333333335,0.24166666666666667,0.0
w_a0.75_b0.7_g1.65,crane,36,0.3175911807798508,0.01691666666666667,0.012083333333333335,0.24166666666666667,0.0
w_a0.75_b0.7_g1.65,crane,37,0.31299706698481633,0.02041666666666667,0.014583333333333334,0.2916666666666667,0.0
w_a0.75_b0.7_g1.65,crane,38,0.3283571227314168,0.016333333333333335,0.011666666666666665,0.23333333333333334,0.0
w_a0.75_b0.7_g1.65,crane,39,0.3063660405869077,0.021000000000000005,0.015000000000000001,0.3,0.0
w_a0.75_b0.7_g1.65,substation,0,0.32942357409303824,0.01575,0.011250000000000001,0.225,0.0
w_a0.75_b0.7_g1.65,substation,1,0.3248925266738386,0.014000000000000002,0.010000000000000002,0.2,0.0
w_a0.75_b0.7_g1.65,substation,2,0.321635318270348,0.01691666666666667,0.012083333333333335,0.24166666666666667,0.0
w_a0.75_b0.7_g1.65,substation,3,0.32044377324879714,0.019833333333333335,0.014166666666666668,0.2833333333333333,0.0
w_a0.75_b0.7_g1.65,substation,4,0.32369662211132455,0.014583333333333334,0.010416666666666666,0.20833333333333334,0.0
w_a0.75_b0.7_g1.65,substation,5,0.3228603564471301,0.018666666666666668,0.013333333333333334,0.26666666666666666,0.0
w_a0.75_b0.7_g1.65,substation,6,0.3237508538166731,0.015166666666666669,0.010833333333333334,0.21666666666666667,0.0
w_a0.75_b0.7_g1.65,substation,7,0.3213835722350321,0.01691666666666667,0.012083333333333333,0.24166666666666667,0.0
w_a0.75_b0.7_g1.65,substation,8,0.32414639708250154,0.017500000000000005,0.0125,0.25,0.0
w_a0.75_b0.7_g1.65,substation,9,0.3258323105253183,0.018083333333333333,0.012916666666666667,0.25833333333333336,0.0
w_a0.75_b0.7_g1.65,substation,10,0.3198505473289701,0.016333333333333335,0.011666666666666665,0.23333333333333334,0.0
w_a0.75_b0.7_g1.65,substation,11,0.3202301163287765,0.019250000000000003,0.01375,0.275,0.0
w_a0.75_b0.7_g1.65,substation,12,0.32613995647904165,0.018083333333333333,0.012916666666666667,0.25833333333333336,0.0
w_a0.75_b0.7_g1.65,substation,13,0.3290994145698285,0.017500000000000005,0.0125,0.25,0.0
w_a0.75_b0.7_g1.65,substation,14,0.32196895526872604,0.01575,0.011250000000000001,0.225,0.0
w_a0.75_b0.7_g1.65,substation,15,0.32205614616556477,0.016333333333333335,0.011666666666666667,0.23333333333333334,0.0
w_a0.75_b0.7_g1.65,substation,16,0.31951178776081685,0.018083333333333333,0.012916666666666667,0.25833333333333336,0.0
w_a0.75_b0.7_g1.65,substation,17,0.3239769669941995,0.018083333333333337,0.012916666666666668,0.25833333333333336,0.0
w_a0.75_b0.7_g1.65,substation,18,0.3227024547181891,0.02041666666666667,0.014583333333333334,0.2916666666666667,0.0
w_a0.75_b0.7_g1.65,substation,19,0.3248415190959257,0.018083333333333337,0.012916666666666668,0.25833333333333336,0.0
w_a0.75_b0.7_g1.65,substation,20,0.3241011495960046,0.017500000000000005,0.012500000000000002,0.25,0.0
w_a0.75_b0.7_g1.65,substation,21,0.32342279365092996,0.019250000000000003,0.01375,0.275,0.0
w_a0.75_b0.7_g1.65,substation,22,0.3240602880261099,0.01575,0.011250000000000001,0.225,0.0
w_a0.75_b0.7_g1.65,substation,23,0.3234122214282758,0.017500000000000005,0.012500000000000002,0.25,0.0
w_a0.75_b0.7_g1.65,substation,24,0.31875518071286846,0.019250000000000003,0.01375,0.275,0.0
w_a0.75_b0.7_g1.65,substation,25,0.320663228254336,0.01691666666666667,0.012083333333333335,0.24166666666666667,0.0
w_a0.75_b0.7_g1.65,substation,26,0.3248649287217483,0.01691666666666667,0.012083333333333335,0.24166666666666667,0.0
w_a0.75_b0.7_g1.65,substation,27,0.33035289739098217,0.01691666666666667,0.012083333333333335,0.24166666666666667,0.0
w_a0.75_b0.7_g1.65,substation,28,0.31555428263700097,0.019833333333333335,0.014166666666666668,0.2833333333333333,0.0
w_a0.75_b0.7_g1.65,substation,29,0.3195787212654313,0.017500000000000005,0.012500000000000002,0.25,0.0
w_a0.75_b0.7_g1.65,substation,30,0.32802328585673374,0.017500000000000005,0.012500000000000002,0.25,0.0
w_a0.75_b0.7_g1.65,substation,31,0.3298741024399285,0.015166666666666669,0.010833333333333335,0.21666666666666667,0.0
w_a0.75_b0.7_g1.65,substation,32,0.327404357077991,0.018083333333333333,0.012916666666666667,0.25833333333333336,0.0
w_a0.75_b0.7_g1.65,substation,33,0.324243054872705,0.017500000000000005,0.012500000000000002,0.25,0.0
w_a0.75_b0.7_g1.65,substation,34,0.3220472821578433,0.018083333333333337,0.012916666666666667,0.25833333333333336,0.0
w_a0.75_b0.7_g1.65,substation,35,0.32187501051269585,0.0175,0.0125,0.25,0.0
w_a0.75_b0.7_g1.65,substation,36,0.3264799913236058,0.019250000000000003,0.013750000000000002,0.275,0.0
w_a0.75_b0.7_g1.65,substation,37,0.3207856086717355,0.018666666666666668,0.013333333333333334,0.26666666666666666,0.0
w_a0.75_b0.7_g1.65,substation,38,0.3211889777259089,0.016333333333333335,0.011666666666666667,0.23333333333333334,0.0
w_a0.75_b0.7_g1.65,substation,39,0.3231513851692931,0.016333333333333335,0.011666666666666665,0.23333333333333334,0.0
w_a0.75_b0.7_g1.65,mining,0,0.31506048258678354,0.018083333333333337,0.012916666666666667,0.25833333333333336,0.0
w_a0.75_b0.7_g1.65,mining,1,0.31610820206896134,0.017500000000000005,0.0125,0.25,0.0
w_a0.75_b0.7_g1.65,mining,2,0.32116268161888223,0.01691666666666667,0.012083333333333335,0.24166666666666667,0.0
w_a0.75_b0.7_g1.65,mining,3,0.3150639518460852,0.01691666666666667,0.012083333333333335,0.24166666666666667,0.0
w_a0.75_b0.7_g1.65,mining,4,0.3206312836399319,0.015166666666666669,0.010833333333333334,0.21666666666666667,0.0
w_a0.75_b0.7_g1.65,mining,5,0.3214652675286596,0.017500000000000005,0.0125,0.25,0.0
w_a0.75_b0.7_g1.65,mining,6,0.3152277000827724,0.016333333333333335,0.011666666666666667,0.23333333333333334,0.0
w_a0.75_b0.7_g1.65,mining,7,0.31718870280295497,0.018666666666666668,0.013333333333333334,0.26666666666666666,0.0
w_a0.75_b0.7_g1.65,mining,8,0.3138703836122502,0.019250000000000003,0.01375,0.275,0.0
w_a0.75_b0.7_g1.65,mining,9,0.31404976506376914,0.018083333333333333,0.012916666666666667,0.25833333333333336,0.0
w_a0.75_b0.7_g1.65,mining,10,0.3171489135986042,0.01575,0.011250000000000001,0.225,0.0
w_a0.75_b0.7_g1.65,mining,11,0.3164758700773687,0.019833333333333335,0.014166666666666668,0.2833333333333333,0.0
w_a0.75_b0.7_g1.65,mining,12,0.3168772394183404,0.019833333333333335,0.014166666666666668,0.2833333333333333,0.0
w_a0.75_b0.7_g1.65,mining,13,0.32005662856328265,0.0175,0.0125,0.25,0.0
w_a0.75_b0.7_g1.65,mining,14,0.3190170192950849,0.016333333333333335,0.011666666666666665,0.23333333333333334,0.0
w_a0.75_b0.7_g1.65,mining,15,0.3160678795356882,0.018083333333333333,0.012916666666666667,0.25833333333333336,0.0
w_a0.75_b0.7_g1.65,mining,16,0.32458423152008026,0.015166666666666669,0.010833333333333335,0.21666666666666667,0.0
w_a0.75_b0.7_g1.65,mining,17,0.31856030263917173,0.017500000000000005,0.0125,0.25,0.0
w_a0.75_b0.7_g1.65,mining,18,0.31690549137713214,0.016333333333333335,0.011666666666666667,0.23333333333333334,0.0
w_a0.75_b0.7_g1.65,mining,19,0.31776175493165904,0.018083333333333333,0.012916666666666667,0.25833333333333336,0.0
w_a0.75_b0.7_g1.65,mining,20,0.3193715397777802,0.01691666666666667,0.012083333333333335,0.24166666666666667,0.0
w_a0.75_b0.7_g1.65,mining,21,0.3230903146089601,0.019250000000000003,0.01375,0.275,0.0
w_a0.75_b0.7_g1.65,mining,22,0.3205272676219424,0.01575,0.011250000000000001,0.225,0.0
w_a0.75_b0.7_g1.65,mining,23,0.31647697681328246,0.0175,0.0125,0.25,0.0
w_a0.75_b0.7_g1.65,mining,24,0.3203791962688358,0.01575,0.011250000000000001,0.225,0.0
w_a0.75_b0.7_g1.65,mining,25,0.3190567654932443,0.018083333333333333,0.012916666666666667,0.25833333333333336,0.0
w_a0.75_b0.7_g1.65,mining,26,0.30953528466504066,0.01575,0.011250000000000001,0.225,0.0
w_a0.75_b0.7_g1.65,mining,27,0.3148492146900804,0.01616666666666667,0.011500000000000002,0.23333333333333334,0.0
w_a0.75_b0.7_g1.65,mining,28,0.3159157610499908,0.016333333333333335,0.011666666666666665,0.23333333333333334,0.0
w_a0.75_b0.7_g1.65,mining,29,0.3129480257883041,0.021000000000000005,0.015000000000000003,0.3,0.0
w_a0.75_b0.7_g1.65,mining,30,0.3221104271318009,0.018666666666666668,0.013333333333333334,0.26666666666666666,0.0
w_a0.75_b0.7_g1.65,mining,31,0.3083215666176855,0.01983333333333333,0.014166666666666668,0.2833333333333333,0.0
w_a0.75_b0.7_g1.65,mining,32,0.3164622645275941,0.018083333333333337,0.012916666666666667,0.25833333333333336,0.0
w_a0.75_b0.7_g1.65,mining,33,0.311911903616909,0.019250000000000003,0.013750000000000002,0.275,0.0
w_a0.75_b0.7_g1.65,mining,34,0.30979428776057333,0.019250000000000003,0.013750000000000002,0.275,0.0
w_a0.75_b0.7_g1.65,mining,35,0.3141777797866341,0.01691666666666667,0.012083333333333335,0.24166666666666667,0.0
w_a0.75_b0.7_g1.65,mining,36,0.3191331136586132,0.01691666666666667,0.012083333333333333,0.24166666666666667,0.0
w_a0.75_b0.7_g1.65,mining,37,0.3129579585273387,0.018083333333333337,0.012916666666666668,0.25833333333333336,0.0
w_a0.75_b0.7_g1.65,mining,38,0.31179816516027414,0.019833333333333335,0.014166666666666668,0.2833333333333333,0.0
w_a0.75_b0.7_g1.65,mining,39,0.31337843460675135,0.015166666666666667,0.010833333333333334,0.21666666666666667,0.0
w_a0.75_b0.7_g1.65,oil_gas,0,0.31000637298146316,0.01691666666666667,0.012083333333333335,0.24166666666666667,0.0
w_a0.75_b0.7_g1.65,oil_gas,1,0.3089462738070266,0.018083333333333337,0.012916666666666667,0.25833333333333336,0.0
w_a0.75_b0.7_g1.65,oil_gas,2,0.30652029829906874,0.022166666666666668,0.015833333333333335,0.31666666666666665,0.0
w_a0.75_b0.7_g1.65,oil_gas,3,0.3138137256683323,0.0175,0.0125,0.25,0.0
w_a0.75_b0.7_g1.65,oil_gas,4,0.31515518629537664,0.018083333333333337,0.012916666666666668,0.25833333333333336,0.0
w_a0.75_b0.7_g1.65,oil_gas,5,0.31276641056655025,0.018083333333333333,0.012916666666666667,0.25833333333333336,0.0
w_a0.75_b0.7_g1.65,oil_gas,6,0.3138900917158592,0.01691666666666667,0.012083333333333335,0.24166666666666667,0.0
w_a0.75_b0.7_g1.65,oil_gas,7,0.3203778633701238,0.017500000000000005,0.012500000000000002,0.25,0.0
w_a0.75_b0.7_g1.65,oil_gas,8,0.31413380865369855,0.01575,0.011250000000000001,0.225,0.0
w_a0.75_b0.7_g1.65,oil_gas,9,0.3150946763358727,0.019250000000000003,0.01375,0.275,0.0
w_a0.75_b0.7_g1.65,oil_gas,10,0.31303589503008794,0.021000000000000005,0.015000000000000001,0.3,0.0
w_a0.75_b0.7_g1.65,oil_gas,11,0.3182893513423212,0.016333333333333335,0.011666666666666667,0.23333333333333334,0.0
w_a0.75_b0.7_g1.65,oil_gas,12,0.314409957143352,0.016333333333333335,0.011666666666666667,0.23333333333333334,0.0
w_a0.75_b0.7_g1.65,oil_gas,13,0.3156966179065616,0.018083333333333337,0.012916666666666667,0.25833333333333336,0.0
w_a0.75_b0.7_g1.65,oil_gas,14,0.3178036968580963,0.016333333333333335,0.011666666666666667,0.23333333333333334,0.0
w_a0.75_b0.7_g1.65,oil_gas,15,0.3211157136041185,0.018666666666666668,0.013333333333333334,0.26666666666666666,0.0
w_a0.75_b0.7_g1.65,oil_gas,16,0.3154655020079929,0.02041666666666667,0.014583333333333334,0.2916666666666667,0.0
w_a0.75_b0.7_g1.65,oil_gas,17,0.3157469445024276,0.019250000000000003,0.013750000000000002,0.275,0.0
w_a0.75_b0.7_g1.65,oil_gas,18,0.31733433981744547,0.018083333333333337,0.012916666666666668,0.25833333333333336,0.0
w_a0.75_b0.7_g1.65,oil_gas,19,0.3118073583956427,0.019833333333333335,0.014166666666666666,0.2833333333333333,0.0
w_a0.75_b0.7_g1.65,oil_gas,20,0.31000120045722157,0.018666666666666668,0.013333333333333334,0.26666666666666666,0.0
w_a0.75_b0.7_g1.65,oil_gas,21,0.32104229672882767,0.018083333333333337,0.012916666666666667,0.25833333333333336,0.0
w_a0.75_b0.7_g1.65,oil_gas,22,0.313739594281783,0.019833333333333335,0.014166666666666668,0.2833333333333333,0.0
w_a0.75_b0.7_g1.65,oil_gas,23,0.31178634340811323,0.021000000000000005,0.015000000000000001,0.3,0.0
w_a0.75_b0.7_g1.65,oil_gas,24,0.3142368798259365,0.019250000000000003,0.013750000000000002,0.275,0.0
w_a0.75_b0.7_g1.65,oil_gas,25,0.3096143975661792,0.022166666666666668,0.01583333333333333,0.31666666666666665,0.0
w_a0.75_b0.7_g1.65,oil_gas,26,0.31409834274862686,0.019250000000000003,0.013750000000000002,0.275,0.0
w_a0.75_b0.7_g1.65,oil_gas,27,0.31991006528508714,0.018083333333333337,0.012916666666666668,0.25833333333333336,0.0
w_a0.75_b0.7_g1.65,oil_gas,28,0.3102914393720077,0.01925,0.013750000000000002,0.275,0.0
w_a0.75_b0.7_g1.65,oil_gas,29,0.3157271541288658,0.0175,0.0125,0.25,0.0
w_a0.75_b0.7_g1.65,oil_gas,30,0.3217421694993075,0.01691666666666667,0.012083333333333335,0.24166666666666667,0.0
w_a0.75_b0.7_g1.65,oil_gas,31,0.3166035863906678,0.01691666666666667,0.012083333333333335,0.24166666666666667,0.0
w_a0.75_b0.7_g1.65,oil_gas,32,0.3127027769764419,0.018083333333333337,0.012916666666666668,0.25833333333333336,0.0
w_a0.75_b0.7_g1.65,oil_gas,33,0.3171308437169316,0.021000000000000005,0.015000000000000001,0.3,0.0
w_a0.75_b0.7_g1.65,oil_gas,34,0.311155056827263,0.01691666666666667,0.012083333333333335,0.24166666666666667,0.0
w_a0.75_b0.7_g1.65,oil_gas,35,0.32250300937826826,0.016333333333333335,0.011666666666666665,0.23333333333333334,0.0
w_a0.75_b0.7_g1.65,oil_gas,36,0.31421513897026104,0.01575,0.011250000000000001,0.225,0.0
w_a0.75_b0.7_g1.65,oil_gas,37,0.31522499199311454,0.015166666666666669,0.010833333333333335,0.21666666666666667,0.0
w_a0.75_b0.7_g1.65,oil_gas,38,0.31807665750750264,0.018083333333333337,0.012916666666666667,0.25833333333333336,0.0
w_a0.75_b0.7_g1.65,oil_gas,39,0.3159931511307442,0.018083333333333333,0.012916666666666667,0.25833333333333336,0.0
w_a0.75_b0.7_g1.65,factory,0,0.3279910537334387,0.014583333333333334,0.010416666666666666,0.20833333333333334,0.0
w_a0.75_b0.7_g1.65,factory,1,0.33339846948850915,0.015166666666666669,0.010833333333333335,0.21666666666666667,0.0
w_a0.75_b0.7_g1.65,factory,2,0.3261690001630255,0.01691666666666667,0.012083333333333335,0.24166666666666667,0.0
w_a0.75_b0.7_g1.65,factory,3,0.3381654637891697,0.017500000000000005,0.0125,0.25,0.0
w_a0.75_b0.7_g1.65,factory,4,0.3310344542365237,0.015166666666666669,0.010833333333333335,0.21666666666666667,0.0
w_a0.75_b0.7_g1.65,factory,5,0.3304462857491276,0.0175,0.0125,0.25,0.0
w_a0.75_b0.7_g1.65,factory,6,0.3324409608587139,0.019250000000000003,0.01375,0.275,0.0
w_a0.75_b0.7_g1.65,factory,7,0.33664515975999976,0.015166666666666667,0.010833333333333334,0.21666666666666667,0.0
w_a0.75_b0.7_g1.65,factory,8,0.33257325614789257,0.016333333333333335,0.011666666666666665,0.23333333333333334,0.0
w_a0.75_b0.7_g1.65,factory,9,0.33383107622488434,0.016333333333333335,0.011666666666666667,0.23333333333333334,0.0
w_a0.75_b0.7_g1.65,factory,10,0.3354022862084463,0.016333333333333335,0.011666666666666665,0.23333333333333334,0.0
w_a0.75_b0.7_g1.65,factory,11,0.3292244365646771,0.02041666666666667,0.014583333333333334,0.2916666666666667,0.0
w_a0.75_b0.7_g1.65,factory,12,0.33675582661604603,0.016333333333333335,0.011666666666666665,0.23333333333333334,0.0
w_a0.75_b0.7_g1.65,factory,13,0.3344947696491623,0.01691666666666667,0.012083333333333335,0.24166666666666667,0.0
w_a0.75_b0.7_g1.65,factory,14,0.3260757290602444,0.018083333333333337,0.012916666666666668,0.25833333333333336,0.0
w_a0.75_b0.7_g1.65,factory,15,0.3364263414924253,0.01575,0.011250000000000001,0.225,0.0
w_a0.75_b0.7_g1.65,factory,16,0.33596574160992804,0.017500000000000005,0.0125,0.25,0.0
w_a0.75_b0.7_g1.65,factory,17,0.33086220342816297,0.01575,0.011250000000000001,0.225,0.0
w_a0.75_b0.7_g1.65,factory,18,0.33860503129090985,0.01575,0.011250000000000001,0.225,0.0
w_a0.75_b0.7_g1.65,factory,19,0.3330348618430354,0.016333333333333335,0.011666666666666667,0.23333333333333334,0.0
w_a0.75_b0.7_g1.65,factory,20,0.33811985220587987,0.015750000000000004,0.011250000000000001,0.225,0.0
w_a0.75_b0.7_g1.65,factory,21,0.33258737315228737,0.01575,0.011250000000000001,0.225,0.0
w_a0.75_b0.7_g1.65,factory,22,0.3301841106726594,0.019833333333333335,0.014166666666666668,0.2833333333333333,0.0
w_a0.75_b0.7_g1.65,factory,23,0.3316725676094805,0.018083333333333333,0.012916666666666667,0.25833333333333336,0.0
w_a0.75_b0.7_g1.65,factory,24,0.3317958224392497,0.016333333333333335,0.011666666666666667,0.23333333333333334,0.0
w_a0.75_b0.7_g1.65,factory,25,0.3305576903127855,0.016333333333333335,0.011666666666666665,0.23333333333333334,0.0
w_a0.75_b0.7_g1.65,factory,26,0.33429454683240534,0.018083333333333333,0.012916666666666667,0.25833333333333336,0.0
w_a0.75_b0.7_g1.65,factory,27,0.3293658700739987,0.02041666666666667,0.014583333333333334,0.2916666666666667,0.0
w_a0.75_b0.7_g1.65,factory,28,0.338040036124645,0.0175,0.0125,0.25,0.0
w_a0.75_b0.7_g1.65,factory,29,0.32811603683945745,0.019250000000000003,0.01375,0.275,0.0
w_a0.75_b0.7_g1.65,factory,30,0.3304926793420969,0.01691666666666667,0.012083333333333333,0.24166666666666667,0.0
w_a0.75_b0.7_g1.65,factory,31,0.33655972399012046,0.016333333333333335,0.011666666666666667,0.23333333333333334,0.0
w_a0.75_b0.7_g1.65,factory,32,0.3284311102352488,0.0175,0.0125,0.25,0.0
w_a0.75_b0.7_g1.65,factory,33,0.3368272847745672,0.014000000000000002,0.010000000000000002,0.2,0.0
w_a0.75_b0.7_g1.65,factory,34,0.3260943336913371,0.01691666666666667,0.012083333333333335,0.24166666666666667,0.0
w_a0.75_b0.7_g1.65,factory,35,0.33432834646933784,0.017500000000000005,0.0125,0.25,0.0
w_a0.75_b0.7_g1.65,factory,36,0.3297048652707882,0.01575,0.011250000000000001,0.225,0.0
w_a0.75_b0.7_g1.65,factory,37,0.33110098540968547,0.013416666666666669,0.009583333333333334,0.19166666666666668,0.0
w_a0.75_b0.7_g1.65,factory,38,0.33932949450405625,0.012833333333333334,0.009166666666666667,0.18333333333333332,0.0
w_a0.75_b0.7_g1.65,factory,39,0.3315784578655044,0.017500000000000005,0.0125,0.25,0.0
w_a0.75_b1.05_g0.55,forklift,0,0.326301788592511,0.018083333333333337,0.012916666666666668,0.25833333333333336,0.0
w_a0.75_b1.05_g0.55,forklift,1,0.32713910054368417,0.01575,0.011250000000000001,0.225,0.0
w_a0.75_b1.05_g0.55,forklift,2,0.32952155279259315,0.01691666666666667,0.012083333333333335,0.24166666666666667,0.0
w_a0.75_b1.05_g0.55,forklift,3,0.3289462670195916,0.015750000000000004,0.011250000000000001,0.225,0.0
w_a0.75_b1.05_g0.55,forklift,4,0.326502800326093,0.018083333333333337,0.012916666666666668,0.25833333333333336,0.0
w_a0.75_b1.05_g0.55,forklift,5,0.3210989493227918,0.017500000000000005,0.012500000000000002,0.25,0.0
w_a0.75_b1.05_g0.55,forklift,6,0.3313842509507989,0.016333333333333335,0.011666666666666667,0.23333333333333334,0.0
w_a0.75_b1.05_g0.55,forklift,7,0.32107437754769436,0.018666666666666668,0.013333333333333334,0.26666666666666666,0.0
w_a0.75_b1.05_g0.55,forklift,8,0.3257501698439524,0.01925,0.013750000000000002,0.275,0.0
w_a0.75_b1.05_g0.55,forklift,9,0.32593082295274534,0.018083333333333337,0.012916666666666668,0.25833333333333336,0.0
w_a0.75_b1.05_g0.55,forklift,10,0.3222260511995053,0.016333333333333335,0.011666666666666667,0.23333333333333334,0.0
w_a0.75_b1.05_g0.55,forklift,11,0.3205324167881324,0.014583333333333335,0.010416666666666668,0.20833333333333334,0.0
w_a0.75_b1.05_g0.55,forklift,12,0.32699755825443116,0.018083333333333333,0.012916666666666668,0.25833333333333336,0.0
w_a0.75_b1.05_g0.55,forklift,13,0.327496780778513,0.0175,0.0125,0.25,0.0
w_a0.75_b1.05_g0.55,forklift,14,0.325895268515659,0.018083333333333333,0.012916666666666668,0.25833333333333336,0.0
w_a0.75_b1.05_g0.55,forklift,15,0.32500547073757496,0.014583333333333334,0.010416666666666666,0.20833333333333334,0.0
w_a0.75_b1.05_g0.55,forklift,16,0.3291289292278933,0.01925,0.01375,0.275,0.0
w_a0.75_b1.05_g0.55,forklift,17,0.3226724110084761,0.019833333333333335,0.014166666666666668,0.2833333333333333,0.0
w_a0.75_b1.05_g0.55,forklift,18,0.32174336625956645,0.018083333333333337,0.012916666666666668,0.25833333333333336,0.0
w_a0.75_b1.05_g0.55,forklift,19,0.3227489850692299,0.021000000000000005,0.015000000000000001,0.3,0.0
w_a0.75_b1.05_g0.55,forklift,20,0.32733998960297384,0.018666666666666668,0.013333333333333334,0.26666666666666666,0.0
w_a0.75_b1.05_g0.55,forklift,21,0.33041213911726364,0.018083333333333337,0.012916666666666667,0.25833333333333336,0.0
w_a0.75_b1.05_g0.55,forklift,22,0.3294819433707275,0.016333333333333335,0.011666666666666667,0.23333333333333334,0.0
w_a0.75_b1.05_g0.55,forklift,23,0.3277264582786048,0.018083333333333337,0.012916666666666668,0.25833333333333336,0.0
w_a0.75_b1.05_g0.55,forklift,24,0.3238764471490224,0.018083333333333333,0.012916666666666667,0.25833333333333336,0.0
w_a0.75_b1.05_g0.55,forklift,25,0.32518776406966576,0.018083333333333333,0.012916666666666667,0.25833333333333336,0.0
w_a0.75_b1.05_g0.55,forklift,26,0.32608242269828813,0.014000000000000002,0.010000000000000002,0.2,0.0
w_a0.75_b1.05_g0.55,forklift,27,0.3245644482212168,0.012833333333333334,0.009166666666666667,0.18333333333333332,0.0
w_a0.75_b1.05_g0.55,forklift,28,0.3265241611005666,0.016333333333333335,0.011666666666666667,0.23333333333333334,0.0
w_a0.75_b1.05_g0.55,forklift,29,0.33007285948227977,0.01575,0.011250000000000001,0.225,0.0
w_a0.75_b1.05_g0.55,forklift,30,0.3287439539988975,0.017500000000000005,0.012500000000000002,0.25,0.0
w_a0.75_b1.05_g0.55,forklift,31,0.33242774406804354,0.018083333333333337,0.012916666666666667,0.25833333333333336,0.0
w_a0.75_b1.05_g0.55,forklift,32,0.3309378349153978,0.0175,0.0125,0.25,0.0
w_a0.75_b1.05_g0.55,forklift,33,0.32602008860004034,0.018083333333333337,0.012916666666666667,0.25833333333333336,0.0
w_a0.75_b1.05_g0.55,forklift,34,0.3241581062426695,0.018083333333333337,0.012916666666666668,0.25833333333333336,0.0
w_a0.75_b1.05_g0.55,forklift,35,0.3297145066173994,0.018666666666666668,0.013333333333333334,0.26666666666666666,0.0
w_a0.75_b1.05_g0.55,forklift,36,0.32787177740371154,0.018666666666666668,0.013333333333333334,0.26666666666666666,0.0
w_a0.75_b1.05_g0.55,forklift,37,0.3217251462559535,0.019250000000000003,0.01375,0.275,0.0
w_a0.75_b1.05_g0.55,forklift,38,0.3198722998261923,0.019833333333333335,0.014166666666666668,0.2833333333333333,0.0
w_a0.75_b1.05_g0.55,forklift,39,0.3214455964671797,0.018666666666666668,0.013333333333333334,0.26666666666666666,0.0
w_a0.75_b1.05_g0.55,crane,0,0.32235876068862784,0.014000000000000002,0.010000000000000002,0.2,0.0
w_a0.75_b1.05_g0.55,crane,1,0.31434660749538684,0.018083333333333337,0.012916666666666668,0.25833333333333336,0.0
w_a0.75_b1.05_g0.55,crane,2,0.31859343952019425,0.018666666666666668,0.013333333333333334,0.26666666666666666,0.0
w_a0.75_b1.05_g0.55,crane,3,0.32209937246796655,0.014000000000000002,0.010000000000000002,0.2,0.0
w_a0.75_b1.05_g0.55,crane,4,0.32479830446539054,0.016333333333333335,0.011666666666666667,0.23333333333333334,0.0
w_a0.75_b1.05_g0.55,crane,5,0.3168681214036988,0.01575,0.011250000000000001,0.225,0.0
w_a0.75_b1.05_g0.55,crane,6,0.3175795975331564,0.018666666666666668,0.013333333333333334,0.26666666666666666,0.0
w_a0.75_b1.05_g0.55,crane,7,0.32227200610285667,0.014583333333333335,0.010416666666666666,0.20833333333333334,0.0
w_a0.75_b1.05_g0.55,crane,8,0.32304006871445,0.018666666666666668,0.013333333333333334,0.26666666666666666,0.0
w_a0.75_b1.05_g0.55,crane,9,0.3156656627557093,0.01575,0.011250000000000001,0.225,0.0
w_a0.75_b1.05_g0.55,crane,10,0.3205896827534399,0.015166666666666669,0.010833333333333335,0.21666666666666667,0.0
w_a0.75_b1.05_g0.55,crane,11,0.3229615940639505,0.018083333333333333,0.012916666666666667,0.25833333333333336,0.0
w_a0.75_b1.05_g0.55,crane,12,0.3183833173494227,0.01691666666666667,0.012083333333333335,0.24166666666666667,0.0
w_a0.75_b1.05_g0.55,crane,13,0.3210698019822183,0.01691666666666667,0.012083333333333335,0.24166666666666667,0.0
w_a0.75_b1.05_g0.55,crane,14,0.3141727760675831,0.01983333333333333,0.014166666666666666,0.2833333333333333,0.0
w_a0.75_b1.05_g0.55,crane,15,0.31931104353770257,0.015166666666666667,0.010833333333333334,0.21666666666666667,0.0
w_a0.75_b1.05_g0.55,crane,16,0.3262403560979997,0.01691666666666667,0.012083333333333335,0.24166666666666667,0.0
w_a0.75_b1.05_g0.55,crane,17,0.32279589449642915,0.01691666666666667,0.012083333333333335,0.24166666666666667,0.0
w_a0.75_b1.05_g0.55,crane,18,0.31910162233323786,0.016333333333333335,0.011666666666666667,0.23333333333333334,0.0
w_a0.75_b1.05_g0.55,crane,19,0.3237954125377953,0.018083333333333333,0.012916666666666667,0.25833333333333336,0.0
w_a0.75_b1.05_g0.55,crane,20,0.3293588068382948,0.01575,0.011250000000000001,0.225,0.0
w_a0.75_b1.05_g0.55,crane,21,0.32296201831745996,0.014583333333333335,0.010416666666666666,0.20833333333333334,0.0
w_a0.75_b1.05_g0.55,crane,22,0.3176736803108671,0.019833333333333335,0.014166666666666668,0.2833333333333333,0.0
w_a0.75_b1.05_g0.55,crane,23,0.3233984568962432,0.017500000000000005,0.0125,0.25,0.0
w_a0.75_b1.05_g0.55,crane,24,0.3199997942128327,0.018083333333333333,0.012916666666666667,0.25833333333333336,0.0
w_a0.75_b1.05_g0.55,crane,25,0.3175697431362169,0.019250000000000003,0.013750000000000002,0.275,0.0
w_a0.75_b1.05_g0.55,crane,26,0.3174604011180412,0.018083333333333337,0.012916666666666667,0.25833333333333336,0.0
w_a0.75_b1.05_g0.55,crane,27,0.3158563565411125,0.0175,0.0125,0.25,0.0
w_a0.75_b1.05_g0.55,crane,28,0.31963335635168083,0.01691666666666667,0.012083333333333335,0.24166666666666667,0.0
w_a0.75_b1.05_g0.55,crane,29,0.3196800348226162,0.017500000000000005,0.0125,0.25,0.0
w_a0.75_b1.05_g0.55,crane,30,0.3218968660849167,0.017500000000000005,0.012500000000000002,0.25,0.0
w_a0.75_b1.05_g0.55,crane,31,0.32254033821329753,0.018083333333333337,0.012916666666666667,0.25833333333333336,0.0
w_a0.75_b1.05_g0.55,crane,32,0.3174584873143575,0.018083333333333337,0.012916666666666668,0.25833333333333336,0.0
w_a0.75_b1.05_g0.55,crane,33,0.3218692614693622,0.018083333333333333,0.012916666666666668,0.25833333333333336,0.0
w_a0.75_b1.05_g0.55,crane,34,0.32246342767547925,0.016333333333333335,0.011666666666666667,0.23333333333333334,0.0
w_a0.75_b1.05_g0.55,crane,35,0.31990561908480164,0.01691666666666667,0.012083333333333335,0.24166666666666667,0.0
w_a0.75_b1.05_g0.55,crane,36,0.3175911807798508,0.01691666666666667,0.012083333333333335,0.24166666666666667,0.0
w_a0.75_b1.05_g0.55,crane,37,0.31299706698481633,0.02041666666666667,0.014583333333333334,0.2916666666666667,0.0
w_a0.75_b1.05_g0.55,crane,38,0.3283571227314168,0.016333333333333335,0.011666666666666665,0.23333333333333334,0.0
w_a0.75_b1.05_g0.55,crane,39,0.3063660405869077,0.021000000000000005,0.015000000000000001,0.3,0.0
w_a0.75_b1.05_g0.55,substation,0,0.32942357409303824,0.01575,0.011250000000000001,0.225,0.0
w_a0.75_b1.05_g0.55,substation,1,0.3248925266738386,0.014000000000000002,0.010000000000000002,0.2,0.0
w_a0.75_b1.05_g0.55,substation,2,0.321635318270348,0.01691666666666667,0.012083333333333335,0.24166666666666667,0.0
w_a0.75_b1.05_g0.55,substation,3,0.32044377324879714,0.019833333333333335,0.014166666666666668,0.2833333333333333,0.0
w_a0.75_b1.05_g0.55,substation,4,0.32369662211132455,0.014583333333333334,0.010416666666666666,0.20833333333333334,0.0
w_a0.75_b1.05_g0.55,substation,5,0.3228603564471301,0.018666666666666668,0.013333333333333334,0.26666666666666666,0.0
w_a0.75_b1.05_g0.55,substation,6,0.3237508538166731,0.015166666666666669,0.010833333333333334,0.21666666666666667,0.0
w_a0.75_b1.05_g0.55,substation,7,0.3213835722350321,0.01691666666666667,0.012083333333333333,0.24166666666666667,0.0
w_a0.75_b1.05_g0.55,substation,8,0.32414639708250154,0.017500000000000005,0.0125,0.25,0.0
w_a0.75_b1.05_g0.55,substation,9,0.3258323105253183,0.018083333333333333,0.012916666666666667,0.25833333333333336,0.0
w_a0.75_b1.05_g0.55,substation,10,0.3198505473289701,0.016333333333333335,0.011666666666666665,0.23333333333333334,0.0
w_a0.75_b1.05_g0.55,substation,11,0.3202301163287765,0.019250000000000003,0.01375,0.275,0.0
w_a0.75_b1.05_g0.55,substation,12,0.32613995647904165,0.018083333333333333,0.012916666666666667,0.25833333333333336,0.0
w_a0.75_b1.05_g0.55,substation,13,0.3290994145698285,0.017500000000000005,0.0125,0.25,0.0
w_a0.75_b1.05_g0.55,substation,14,0.32196895526872604,0.01575,0.011250000000000001,0.225,0.0
w_a0.75_b1.05_g0.55,substation,15,0.32205614616556477,0.016333333333333335,0.011666666666666667,0.23333333333333334,0.0
w_a0.75_b1.05_g0.55,substation,16,0.31951178776081685,0.018083333333333333,0.012916666666666667,0.25833333333333336,0.0
w_a0.75_b1.05_g0.55,substation,17,0.3239769669941995,0.018083333333333337,0.012916666666666668,0.25833333333333336,0.0
w_a0.75_b1.05_g0.55,substation,18,0.3227024547181891,0.02041666666666667,0.014583333333333334,0.2916666666666667,0.0
w_a0.75_b1.05_g0.55,substation,19,0.3248415190959257,0.018083333333333337,0.012916666666666668,0.25833333333333336,0.0
w_a0.75_b1.05_g0.55,substation,20,0.3241011495960046,0.017500000000000005,0.012500000000000002,0.25,0.0
w_a0.75_b1.05_g0.55,substation,21,0.32342279365092996,0.019250000000000003,0.01375,0.275,0.0
w_a0.75_b1.05_g0.55,substation,22,0.3240602880261099,0.01575,0.011250000000000001,0.225,0.0
w_a0.75_b1.05_g0.55,substation,23,0.3234122214282758,0.017500000000000005,0.012500000000000002,0.25,0.0
w_a0.75_b1.05_g0.55,substation,24,0.31875518071286846,0.019250000000000003,0.01375,0.275,0.0
w_a0.75_b1.05_g0.55,substation,25,0.320663228254336,0.01691666666666667,0.012083333333333335,0.24166666666666667,0.0
w_a0.75_b1.05_g0.55,substation,26,0.3248649287217483,0.01691666666666667,0.012083333333333335,0.24166666666666667,0.0
w_a0.75_b1.05_g0.55,substation,27,0.33035289739098217,0.01691666666666667,0.012083333333333335,0.24166666666666667,0.0
w_a0.75_b1.05_g0.55,substation,28,0.31555428263700097,0.019833333333333335,0.014166666666666668,0.2833333333333333,0.0
w_a0.75_b1.05_g0.55,substation,29,0.3195787212654313,0.017500000000000005,0.012500000000000002,0.25,0.0
w_a0.75_b1.05_g0.55,substation,30,0.32802328585673374,0.017500000000000005,0.012500000000000002,0.25,0.0
w_a0.75_b1.05_g0.55,substation,31,0.3298741024399285,0.015166666666666669,0.010833333333333335,0.21666666666666667,0.0
w_a0.75_b1.05_g0.55,substation,32,0.327404357077991,0.018083333333333333,0.012916666666666667,0.25833333333333336,0.0
w_a0.75_b1.05_g0.55,substation,33,0.324243054872705,0.017500000000000005,0.012500000000000002,0.25,0.0
w_a0.75_b1.05_g0.55,substation,34,0.3220472821578433,0.018083333333333337,0.012916666666666667,0.25833333333333336,0.0
w_a0.75_b1.05_g0.55,substation,35,0.32187501051269585,0.0175,0.0125,0.25,0.0
w_a0.75_b1.05_g0.55,substation,36,0.3264799913236058,0.019250000000000003,0.013750000000000002,0.275,0.0
w_a0.75_b1.05_g0.55,substation,37,0.3207856086717355,0.018666666666666668,0.013333333333333334,0.26666666666666666,0.0
w_a0.75_b1.05_g0.55,substation,38,0.3211889777259089,0.016333333333333335,0.011666666666666667,0.23333333333333334,0.0
w_a0.75_b1.05_g0.55,substation,39,0.3231513851692931,0.016333333333333335,0.011666666666666665,0.23333333333333334,0.0
w_a0.75_b1.05_g0.55,mining,0,0.31506048258678354,0.018083333333333337,0.012916666666666667,0.25833333333333336,0.0
w_a0.75_b1.05_g0.55,mining,1,0.31610820206896134,0.017500000000000005,0.0125,0.25,0.0
w_a0.75_b1.05_g0.55,mining,2,0.32116268161888223,0.01691666666666667,0.012083333333333335,0.24166666666666667,0.0
w_a0.75_b1.05_g0.55,mining,3,0.3150639518460852,0.01691666666666667,0.012083333333333335,0.24166666666666667,0.0
w_a0.75_b1.05_g0.55,mining,4,0.3206312836399319,0.015166666666666669,0.010833333333333334,0.21666666666666667,0.0
w_a0.75_b1.05_g0.55,mining,5,0.3214652675286596,0.017500000000000005,0.0125,0.25,0.0
w_a0.75_b1.05_g0.55,mining,6,0.3152277000827724,0.016333333333333335,0.011666666666666667,0.23333333333333334,0.0
w_a0.75_b1.05_g0.55,mining,7,0.31718870280295497,0.018666666666666668,0.013333333333333334,0.26666666666666666,0.0
w_a0.75_b1.05_g0.55,mining,8,0.3138703836122502,0.019250000000000003,0.01375,0.275,0.0
w_a0.75_b1.05_g0.55,mining,9,0.31404976506376914,0.018083333333333333,0.012916666666666667,0.25833333333333336,0.0
w_a0.75_b1.05_g0.55,mining,10,0.3171489135986042,0.01575,0.011250000000000001,0.225,0.0
w_a0.75_b1.05_g0.55,mining,11,0.3164758700773687,0.019833333333333335,0.014166666666666668,0.2833333333333333,0.0
w_a0.75_b1.05_g0.55,mining,12,0.3168772394183404,0.019833333333333335,0.014166666666666668,0.2833333333333333,0.0
w_a0.75_b1.05_g0.55,mining,13,0.32005662856328265,0.0175,0.0125,0.25,0.0
w_a0.75_b1.05_g0.55,mining,14,0.3190170192950849,0.016333333333333335,0.011666666666666665,0.23333333333333334,0.0
w_a0.75_b1.05_g0.55,mining,15,0.3160678795356882,0.018083333333333333,0.012916666666666667,0.25833333333333336,0.0
w_a0.75_b1.05_g0.55,mining,16,0.32458423152008026,0.015166666666666669,0.010833333333333335,0.21666666666666667,0.0
w_a0.75_b1.05_g0.55,mining,17,0.31856030263917173,0.017500000000000005,0.0125,0.25,0.0
w_a0.75_b1.05_g0.55,mining,18,0.31690549137713214,0.016333333333333335,0.011666666666666667,0.23333333333333334,0.0
w_a0.75_b1.05_g0.55,mining,19,0.31776175493165904,0.018083333333333333,0.012916666666666667,0.25833333333333336,0.0
w_a0.75_b1.05_g0.55,mining,20,0.3193715397777802,0.01691666666666667,0.012083333333333335,0.24166666666666667,0.0
w_a0.75_b1.05_g0.55,mining,21,0.3230903146089601,0.019250000000000003,0.01375,0.275,0.0
w_a0.75_b1.05_g0.55,mining,22,0.3205272676219424,0.01575,0.011250000000000001,0.225,0.0
w_a0.75_b1.05_g0.55,mining,23,0.31647697681328246,0.0175,0.0125,0.25,0.0
w_a0.75_b1.05_g0.55,mining,24,0.3203791962688358,0.01575,0.011250000000000001,0.225,0.0
w_a0.75_b1.05_g0.55,mining,25,0.3190567654932443,0.018083333333333333,0.012916666666666667,0.25833333333333336,0.0
w_a0.75_b1.05_g0.55,mining,26,0.30953528466504066,0.01575,0.011250000000000001,0.225,0.0
w_a0.75_b1.05_g0.55,mining,27,0.3146653410801381,0.016333333333333335,0.011666666666666667,0.23333333333333334,0.0
w_a0.75_b1.05_g0.55,mining,28,0.3159157610499908,0.016333333333333335,0.011666666666666665,0.23333333333333334,0.0
w_a0.75_b1.05_g0.55,mining,29,0.3129480257883041,0.021000000000000005,0.015000000000000003,0.3,0.0
w_a0.75_b1.05_g0.55,mining,30,0.3221104271318009,0.018666666666666668,0.013333333333333334,0.26666666666666666,0.0
w_a0.75_b1.05_g0.55,mining,31,0.3083215666176855,0.01983333333333333,0.014166666666666668,0.2833333333333333,0.0
w_a0.75_b1.05_g0.55,mining,32,0.3164622645275941,0.018083333333333337,0.012916666666666667,0.25833333333333336,0.0
w_a0.75_b1.05_g0.55,mining,33,0.311911903616909,0.019250000000000003,0.013750000000000002,0.275,0.0
w_a0.75_b1.05_g0.55,mining,34,0.30979428776057333,0.019250000000000003,0.013750000000000002,0.275,0.0
w_a0.75_b1.05_g0.55,mining,35,0.3141777797866341,0.01691666666666667,0.012083333333333335,0.24166666666666667,0.0
w_a0.75_b1.05_g0.55,mining,36,0.3191331136586132,0.01691666666666667,0.012083333333333333,0.24166666666666667,0.0
w_a0.75_b1.05_g0.55,mining,37,0.3129579585273387,0.018083333333333337,0.012916666666666668,0.25833333333333336,0.0
w_a0.75_b1.05_g0.55,mining,38,0.31179816516027414,0.019833333333333335,0.014166666666666668,0.2833333333333333,0.0
w_a0.75_b1.05_g0.55,mining,39,0.31337843460675135,0.015166666666666667,0.010833333333333334,0.21666666666666667,0.0
w_a0.75_b1.05_g0.55,oil_gas,0,0.31000637298146316,0.01691666666666667,0.012083333333333335,0.24166666666666667,0.0
w_a0.75_b1.05_g0.55,oil_gas,1,0.3089462738070266,0.018083333333333337,0.012916666666666667,0.25833333333333336,0.0
w_a0.75_b1.05_g0.55,oil_gas,2,0.30652029829906874,0.022166666666666668,0.015833333333333335,0.31666666666666665,0.0
w_a0.75_b1.05_g0.55,oil_gas,3,0.3138137256683323,0.0175,0.0125,0.25,0.0
w_a0.75_b1.05_g0.55,oil_gas,4,0.31515518629537664,0.018083333333333337,0.012916666666666668,0.25833333333333336,0.0
w_a0.75_b1.05_g0.55,oil_gas,5,0.31276641056655025,0.018083333333333333,0.012916666666666667,0.25833333333333336,0.0
w_a0.75_b1.05_g0.55,oil_gas,6,0.3138900917158592,0.01691666666666667,0.012083333333333335,0.24166666666666667,0.0
w_a0.75_b1.05_g0.55,oil_gas,7,0.3203778633701238,0.017500000000000005,0.012500000000000002,0.25,0.0
w_a0.75_b1.05_g0.55,oil_gas,8,0.31413380865369855,0.01575,0.011250000000000001,0.225,0.0
w_a0.75_b1.05_g0.55,oil_gas,9,0.3150946763358727,0.019250000000000003,0.01375,0.275,0.0
w_a0.75_b1.05_g0.55,oil_gas,10,0.31303589503008794,0.021000000000000005,0.015000000000000001,0.3,0.0
w_a0.75_b1.05_g0.55,oil_gas,11,0.3182893513423212,0.016333333333333335,0.011666666666666667,0.23333333333333334,0.0
w_a0.75_b1.05_g0.55,oil_gas,12,0.314409957143352,0.016333333333333335,0.011666666666666667,0.23333333333333334,0.0
w_a0.75_b1.05_g0.55,oil_gas,13,0.3156966179065616,0.018083333333333337,0.012916666666666667,0.25833333333333336,0.0
w_a0.75_b1.05_g0.55,oil_gas,14,0.3178036968580963,0.016333333333333335,0.011666666666666667,0.23333333333333334,0.0
w_a0.75_b1.05_g0.55,oil_gas,15,0.3211157136041185,0.018666666666666668,0.013333333333333334,0.26666666666666666,0.0
w_a0.75_b1.05_g0.55,oil_gas,16,0.3154655020079929,0.02041666666666667,0.014583333333333334,0.2916666666666667,0.0
w_a0.75_b1.05_g0.55,oil_gas,17,0.3157469445024276,0.019250000000000003,0.013750000000000002,0.275,0.0
w_a0.75_b1.05_g0.55,oil_gas,18,0.31733433981744547,0.018083333333333337,0.012916666666666668,0.25833333333333336,0.0
w_a0.75_b1.05_g0.55,oil_gas,19,0.3118073583956427,0.019833333333333335,0.014166666666666666,0.2833333333333333,0.0
w_a0.75_b1.05_g0.55,oil_gas,20,0.31000120045722157,0.018666666666666668,0.013333333333333334,0.26666666666666666,0.0
w_a0.75_b1.05_g0.55,oil_gas,21,0.32104229672882767,0.018083333333333337,0.012916666666666667,0.25833333333333336,0.0
w_a0.75_b1.05_g0.55,oil_gas,22,0.313739594281783,0.019833333333333335,0.014166666666666668,0.2833333333333333,0.0
w_a0.75_b1.05_g0.55,oil_gas,23,0.31178634340811323,0.021000000000000005,0.015000000000000001,0.3,0.0
w_a0.75_b1.05_g0.55,oil_gas,24,0.3142368798259365,0.019250000000000003,0.013750000000000002,0.275,0.0
w_a0.75_b1.05_g0.55,oil_gas,25,0.3096143975661792,0.022166666666666668,0.01583333333333333,0.31666666666666665,0.0
w_a0.75_b1.05_g0.55,oil_gas,26,0.31409834274862686,0.019250000000000003,0.013750000000000002,0.275,0.0
w_a0.75_b1.05_g0.55,oil_gas,27,0.31991006528508714,0.018083333333333337,0.012916666666666668,0.25833333333333336,0.0
w_a0.75_b1.05_g0.55,oil_gas,28,0.3102914393720077,0.01925,0.013750000000000002,0.275,0.0
w_a0.75_b1.05_g0.55,oil_gas,29,0.3157271541288658,0.0175,0.0125,0.25,0.0
w_a0.75_b1.05_g0.55,oil_gas,30,0.3217421694993075,0.01691666666666667,0.012083333333333335,0.24166666666666667,0.0
w_a0.75_b1.05_g0.55,oil_gas,31,0.3166035863906678,0.01691666666666667,0.012083333333333335,0.24166666666666667,0.0
w_a0.75_b1.05_g0.55,oil_gas,32,0.3127027769764419,0.018083333333333337,0.012916666666666668,0.25833333333333336,0.0
w_a0.75_b1.05_g0.55,oil_gas,33,0.3171308437169316,0.021000000000000005,0.015000000000000001,0.3,0.0
w_a0.75_b1.05_g0.55,oil_gas,34,0.311155056827263,0.01691666666666667,0.012083333333333335,0.24166666666666667,0.0
w_a0.75_b1.05_g0.55,oil_gas,35,0.32250300937826826,0.016333333333333335,0.011666666666666665,0.23333333333333334,0.0
w_a0.75_b1.05_g0.55,oil_gas,36,0.31421513897026104,0.01575,0.011250000000000001,0.225,0.0
w_a0.75_b1.05_g0.55,oil_gas,37,0.31522499199311454,0.015166666666666669,0.010833333333333335,0.21666666666666667,0.0
w_a0.75_b1.05_g0.55,oil_gas,38,0.31807665750750264,0.018083333333333337,0.012916666666666667,0.25833333333333336,0.0
w_a0.75_b1.05_g0.55,oil_gas,39,0.3159931511307442,0.018083333333333333,0.012916666666666667,0.25833333333333336,0.0
w_a0.75_b1.05_g0.55,factory,0,0.3279910537334387,0.014583333333333334,0.010416666666666666,0.20833333333333334,0.0
w_a0.75_b1.05_g0.55,factory,1,0.33339846948850915,0.015166666666666669,0.010833333333333335,0.21666666666666667,0.0
w_a0.75_b1.05_g0.55,factory,2,0.3261690001630255,0.01691666666666667,0.012083333333333335,0.24166666666666667,0.0
w_a0.75_b1.05_g0.55,factory,3,0.3381654637891697,0.017500000000000005,0.0125,0.25,0.0
w_a0.75_b1.05_g0.55,factory,4,0.3310344542365237,0.015166666666666669,0.010833333333333335,0.21666666666666667,0.0
w_a0.75_b1.05_g0.55,factory,5,0.3304462857491276,0.0175,0.0125,0.25,0.0
w_a0.75_b1.05_g0.55,factory,6,0.3324409608587139,0.019250000000000003,0.01375,0.275,0.0
w_a0.75_b1.05_g0.55,factory,7,0.33664515975999976,0.015166666666666667,0.010833333333333334,0.21666666666666667,0.0
w_a0.75_b1.05_g0.55,factory,8,0.33257325614789257,0.016333333333333335,0.011666666666666665,0.23333333333333334,0.0
w_a0.75_b1.05_g0.55,factory,9,0.33383107622488434,0.016333333333333335,0.011666666666666667,0.23333333333333334,0.0
w_a0.75_b1.05_g0.55,factory,10,0.3354022862084463,0.016333333333333335,0.011666666666666665,0.23333333333333334,0.0
w_a0.75_b1.05_g0.55,factory,11,0.3292244365646771,0.02041666666666667,0.014583333333333334,0.2916666666666667,0.0
w_a0.75_b1.05_g0.55,factory,12,0.33675582661604603,0.016333333333333335,0.011666666666666665,0.23333333333333334,0.0
w_a0.75_b1.05_g0.55,factory,13,0.3344947696491623,0.01691666666666667,0.012083333333333335,0.24166666666666667,0.0
w_a0.75_b1.05_g0.55,factory,14,0.3260757290602444,0.018083333333333337,0.012916666666666668,0.25833333333333336,0.0
w_a0.75_b1.05_g0.55,factory,15,0.3364263414924253,0.01575,0.011250000000000001,0.225,0.0
w_a0.75_b1.05_g0.55,factory,16,0.33596574160992804,0.017500000000000005,0.0125,0.25,0.0
w_a0.75_b1.05_g0.55,factory,17,0.33086220342816297,0.01575,0.011250000000000001,0.225,0.0
w_a0.75_b1.05_g0.55,factory,18,0.33860503129090985,0.01575,0.011250000000000001,0.225,0.0
w_a0.75_b1.05_g0.55,factory,19,0.3330348618430354,0.016333333333333335,0.011666666666666667,0.23333333333333334,0.0
w_a0.75_b1.05_g0.55,factory,20,0.33811985220587987,0.015750000000000004,0.011250000000000001,0.225,0.0
w_a0.75_b1.05_g0.55,factory,21,0.33258737315228737,0.01575,0.011250000000000001,0.225,0.0
w_a0.75_b1.05_g0.55,factory,22,0.3301841106726594,0.019833333333333335,0.014166666666666668,0.2833333333333333,0.0
w_a0.75_b1.05_g0.55,factory,23,0.3316725676094805,0.018083333333333333,0.012916666666666667,0.25833333333333336,0.0
w_a0.75_b1.05_g0.55,factory,24,0.3317958224392497,0.016333333333333335,0.011666666666666667,0.23333333333333334,0.0
w_a0.75_b1.05_g0.55,factory,25,0.3305576903127855,0.016333333333333335,0.011666666666666665,0.23333333333333334,0.0
w_a0.75_b1.05_g0.55,factory,26,0.33429454683240534,0.018083333333333333,0.012916666666666667,0.25833333333333336,0.0
w_a0.75_b1.05_g0.55,factory,27,0.3293658700739987,0.02041666666666667,0.014583333333333334,0.2916666666666667,0.0
w_a0.75_b1.05_g0.55,factory,28,0.338040036124645,0.0175,0.0125,0.25,0.0
w_a0.75_b1.05_g0.55,factory,29,0.32811603683945745,0.019250000000000003,0.01375,0.275,0.0
w_a0.75_b1.05_g0.55,factory,30,0.3304926793420969,0.01691666666666667,0.012083333333333333,0.24166666666666667,0.0
w_a0.75_b1.05_g0.55,factory,31,0.33655972399012046,0.016333333333333335,0.011666666666666667,0.23333333333333334,0.0
w_a0.75_b1.05_g0.55,factory,32,0.3284311102352488,0.0175,0.0125,0.25,0.0
w_a0.75_b1.05_g0.55,factory,33,0.3368272847745672,0.014000000000000002,0.010000000000000002,0.2,0.0
w_a0.75_b1.05_g0.55,factory,34,0.3260943336913371,0.01691666666666667,0.012083333333333335,0.24166666666666667,0.0
w_a0.75_b1.05_g0.55,factory,35,0.33432834646933784,0.017500000000000005,0.0125,0.25,0.0
w_a0.75_b1.05_g0.55,factory,36,0.3297048652707882,0.01575,0.011250000000000001,0.225,0.0
w_a0.75_b1.05_g0.55,factory,37,0.33110098540968547,0.013416666666666669,0.009583333333333334,0.19166666666666668,0.0
w_a0.75_b1.05_g0.55,factory,38,0.33932949450405625,0.012833333333333334,0.009166666666666667,0.18333333333333332,0.0
w_a0.75_b1.05_g0.55,factory,39,0.3315784578655044,0.017500000000000005,0.0125,0.25,0.0
w_a0.75_b1.05_g1.1,forklift,0,0.326301788592511,0.018083333333333337,0.012916666666666668,0.25833333333333336,0.0
w_a0.75_b1.05_g1.1,forklift,1,0.32713910054368417,0.01575,0.011250000000000001,0.225,0.0
w_a0.75_b1.05_g1.1,forklift,2,0.32952155279259315,0.01691666666666667,0.012083333333333335,0.24166666666666667,0.0
w_a0.75_b1.05_g1.1,forklift,3,0.3289462670195916,0.015750000000000004,0.011250000000000001,0.225,0.0
w_a0.75_b1.05_g1.1,forklift,4,0.326502800326093,0.018083333333333337,0.012916666666666668,0.25833333333333336,0.0
w_a0.75_b1.05_g1.1,forklift,5,0.3210989493227918,0.017500000000000005,0.012500000000000002,0.25,0.0
w_a0.75_b1.05_g1.1,forklift,6,0.3313842509507989,0.016333333333333335,0.011666666666666667,0.23333333333333334,0.0
w_a0.75_b1.05_g1.1,forklift,7,0.32107437754769436,0.018666666666666668,0.013333333333333334,0.26666666666666666,0.0
w_a0.75_b1.05_g1.1,forklift,8,0.3257501698439524,0.01925,0.013750000000000002,0.275,0.0
w_a0.75_b1.05_g1.1,forklift,9,0.32593082295274534,0.018083333333333337,0.012916666666666668,0.25833333333333336,0.0
w_a0.75_b1.05_g1.1,forklift,10,0.3222260511995053,0.016333333333333335,0.011666666666666667,0.23333333333333334,0.0
w_a0.75_b1.05_g1.1,forklift,11,0.3205324167881324,0.014583333333333335,0.010416666666666668,0.20833333333333334,0.0
w_a0.75_b1.05_g1.1,forklift,12,0.32699755825443116,0.018083333333333333,0.012916666666666668,0.25833333333333336,0.0
w_a0.75_b1.05_g1.1,forklift,13,0.327496780778513,0.0175,0.0125,0.25,0.0
w_a0.75_b1.05_g1.1,forklift,14,0.325895268515659,0.018083333333333333,0.012916666666666668,0.25833333333333336,0.0
w_a0.75_b1.05_g1.1,forklift,15,0.32500547073757496,0.014583333333333334,0.010416666666666666,0.20833333333333334,0.0
w_a0.75_b1.05_g1.1,forklift,16,0.3291289292278933,0.01925,0.01375,0.275,0.0
w_a0.75_b1.05_g1.1,forklift,17,0.3226724110084761,0.019833333333333335,0.014166666666666668,0.2833333333333333,0.0
w_a0.75_b1.05_g1.1,forklift,18,0.32174336625956645,0.018083333333333337,0.012916666666666668,0.25833333333333336,0.0
w_a0.75_b1.05_g1.1,forklift,19,0.3227489850692299,0.021000000000000005,0.015000000000000001,0.3,0.0
w_a0.75_b1.05_g1.1,forklift,20,0.32733998960297384,0.018666666666666668,0.013333333333333334,0.26666666666666666,0.0
w_a0.75_b1.05_g1.1,forklift,21,0.33041213911726364,0.018083333333333337,0.012916666666666667,0.25833333333333336,0.0
w_a0.75_b1.05_g1.1,forklift,22,0.3294819433707275,0.016333333333333335,0.011666666666666667,0.23333333333333334,0.0
w_a0.75_b1.05_g1.1,forklift,23,0.3277264582786048,0.018083333333333337,0.012916666666666668,0.25833333333333336,0.0
w_a0.75_b1.05_g1.1,forklift,24,0.3238764471490224,0.018083333333333333,0.012916666666666667,0.25833333333333336,0.0
w_a0.75_b1.05_g1.1,forklift,25,0.32518776406966576,0.018083333333333333,0.012916666666666667,0.25833333333333336,0.0
w_a0.75_b1.05_g1.1,forklift,26,0.32608242269828813,0.014000000000000002,0.010000000000000002,0.2,0.0
w_a0.75_b1.05_g1.1,forklift,27,0.3245644482212168,0.012833333333333334,0.009166666666666667,0.18333333333333332,0.0
w_a0.75_b1.05_g1.1,forklift,28,0.3265241611005666,0.016333333333333335,0.011666666666666667,0.23333333333333334,0.0
w_a0.75_b1.05_g1.1,forklift,29,0.33007285948227977,0.01575,0.011250000000000001,0.225,0.0
w_a0.75_b1.05_g1.1,forklift,30,0.3287439539988975,0.017500000000000005,0.012500000000000002,0.25,0.0
w_a0.75_b1.05_g1.1,forklift,31,0.33242774406804354,0.018083333333333337,0.012916666666666667,0.25833333333333336,0.0
w_a0.75_b1.05_g1.1,forklift,32,0.3309378349153978,0.0175,0.0125,0.25,0.0
w_a0.75_b1.05_g1.1,forklift,33,0.32602008860004034,0.018083333333333337,0.012916666666666667,0.25833333333333336,0.0
w_a0.75_b1.05_g1.1,forklift,34,0.3241581062426695,0.018083333333333337,0.012916666666666668,0.25833333333333336,0.0
w_a0.75_b1.05_g1.1,forklift,35,0.3297145066173994,0.018666666666666668,0.013333333333333334,0.26666666666666666,0.0
w_a0.75_b1.05_g1.1,forklift,36,0.32787177740371154,0.018666666666666668,0.013333333333333334,0.26666666666666666,0.0
w_a0.75_b1.05_g1.1,forklift,37,0.3217251462559535,0.019250000000000003,0.01375,0.275,0.0
w_a0.75_b1.05_g1.1,forklift,38,0.3198722998261923,0.019833333333333335,0.014166666666666668,0.2833333333333333,0.0
w_a0.75_b1.05_g1.1,forklift,39,0.3214455964671797,0.018666666666666668,0.013333333333333334,0.26666666666666666,0.0
w_a0.75_b1.05_g1.1,crane,0,0.32235876068862784,0.014000000000000002,0.010000000000000002,0.2,0.0
w_a0.75_b1.05_g1.1,crane,1,0.31434660749538684,0.018083333333333337,0.012916666666666668,0.25833333333333336,0.0
w_a0.75_b1.05_g1.1,crane,2,0.31859343952019425,0.018666666666666668,0.013333333333333334,0.26666666666666666,0.0
w_a0.75_b1.05_g1.1,crane,3,0.32209937246796655,0.014000000000000002,0.010000000000000002,0.2,0.0
w_a0.75_b1.05_g1.1,crane,4,0.32479830446539054,0.016333333333333335,0.011666666666666667,0.23333333333333334,0.0
w_a0.75_b1.05_g1.1,crane,5,0.3168681214036988,0.01575,0.011250000000000001,0.225,0.0
w_a0.75_b1.05_g1.1,crane,6,0.3175795975331564,0.018666666666666668,0.013333333333333334,0.26666666666666666,0.0
w_a0.75_b1.05_g1.1,crane,7,0.32227200610285667,0.014583333333333335,0.010416666666666666,0.20833333333333334,0.0
w_a0.75_b1.05_g1.1,crane,8,0.32304006871445,0.018666666666666668,0.013333333333333334,0.26666666666666666,0.0
w_a0.75_b1.05_g1.1,crane,9,0.3156656627557093,0.01575,0.011250000000000001,0.225,0.0
w_a0.75_b1.05_g1.1,crane,10,0.3205896827534399,0.015166666666666669,0.010833333333333335,0.21666666666666667,0.0
w_a0.75_b1.05_g1.1,crane,11,0.3229615940639505,0.018083333333333333,0.012916666666666667,0.25833333333333336,0.0
w_a0.75_b1.05_g1.1,crane,12,0.3183833173494227,0.01691666666666667,0.012083333333333335,0.24166666666666667,0.0
w_a0.75_b1.05_g1.1,crane,13,0.3210698019822183,0.01691666666666667,0.012083333333333335,0.24166666666666667,0.0
w_a0.75_b1.05_g1.1,crane,14,0.3141727760675831,0.01983333333333333,0.014166666666666666,0.2833333333333333,0.0
w_a0.75_b1.05_g1.1,crane,15,0.31931104353770257,0.015166666666666667,0.010833333333333334,0.21666666666666667,0.0
w_a0.75_b1.05_g1.1,crane,16,0.3262403560979997,0.01691666666666667,0.012083333333333335,0.24166666666666667,0.0
w_a0.75_b1.05_g1.1,crane,17,0.32279589449642915,0.01691666666666667,0.012083333333333335,0.24166666666666667,0.0
w_a0.75_b1.05_g1.1,crane,18,0.31910162233323786,0.016333333333333335,0.011666666666666667,0.23333333333333334,0.0
w_a0.75_b1.05_g1.1,crane,19,0.3237954125377953,0.018083333333333333,0.012916666666666667,0.25833333333333336,0.0
w_a0.75_b1.05_g1.1,crane,20,0.3293588068382948,0.01575,0.011250000000000001,0.225,0.0
w_a0.75_b1.05_g1.1,crane,21,0.32296201831745996,0.014583333333333335,0.010416666666666666,0.20833333333333334,0.0
w_a0.75_b1.05_g1.1,crane,22,0.3176736803108671,0.019833333333333335,0.014166666666666668,0.2833333333333333,0.0
w_a0.75_b1.05_g1.1,crane,23,0.3233984568962432,0.017500000000000005,0.0125,0.25,0.0
w_a0.75_b1.05_g1.1,crane,24,0.3199997942128327,0.018083333333333333,0.012916666666666667,0.25833333333333336,0.0
w_a0.75_b1.05_g1.1,crane,25,0.3175697431362169,0.019250000000000003,0.013750000000000002,0.275,0.0
w_a0.75_b1.05_g1.1,crane,26,0.3174604011180412,0.018083333333333337,0.012916666666666667,0.25833333333333336,0.0
w_a0.75_b1.05_g1.1,crane,27,0.3158563565411125,0.0175,0.0125,0.25,0.0
w_a0.75_b1.05_g1.1,crane,28,0.31963335635168083,0.01691666666666667,0.012083333333333335,0.24166666666666667,0.0
w_a0.75_b1.05_g1.1,crane,29,0.3196800348226162,0.017500000000000005,0.0125,0.25,0.0
w_a0.75_b1.05_g1.1,crane,30,0.3218968660849167,0.017500000000000005,0.012500000000000002,0.25,0.0
w_a0.75_b1.05_g1.1,crane,31,0.32254033821329753,0.018083333333333337,0.012916666666666667,0.25833333333333336,0.0
w_a0.75_b1.05_g1.1,crane,32,0.3174584873143575,0.018083333333333337,0.012916666666666668,0.25833333333333336,0.0
w_a0.75_b1.05_g1.1,crane,33,0.3218692614693622,0.018083333333333333,0.012916666666666668,0.25833333333333336,0.0
w_a0.75_b1.05_g1.1,crane,34,0.32246342767547925,0.016333333333333335,0.011666666666666667,0.23333333333333334,0.0
w_a0.75_b1.05_g1.1,crane,35,0.31990561908480164,0.01691666666666667,0.012083333333333335,0.24166666666666667,0.0
w_a0.75_b1.05_g1.1,crane,36,0.3175911807798508,0.01691666666666667,0.012083333333333335,0.24166666666666667,0.0
w_a0.75_b1.05_g1.1,crane,37,0.31299706698481633,0.02041666666666667,0.014583333333333334,0.2916666666666667,0.0
w_a0.75_b1.05_g1.1,crane,38,0.3283571227314168,0.016333333333333335,0.011666666666666665,0.23333333333333334,0.0
w_a0.75_b1.05_g1.1,crane,39,0.3063660405869077,0.021000000000000005,0.015000000000000001,0.3,0.0
w_a0.75_b1.05_g1.1,substation,0,0.32942357409303824,0.01575,0.011250000000000001,0.225,0.0
w_a0.75_b1.05_g1.1,substation,1,0.3248925266738386,0.014000000000000002,0.010000000000000002,0.2,0.0
w_a0.75_b1.05_g1.1,substation,2,0.321635318270348,0.01691666666666667,0.012083333333333335,0.24166666666666667,0.0
w_a0.75_b1.05_g1.1,substation,3,0.32044377324879714,0.019833333333333335,0.014166666666666668,0.2833333333333333,0.0
w_a0.75_b1.05_g1.1,substation,4,0.32369662211132455,0.014583333333333334,0.010416666666666666,0.20833333333333334,0.0
w_a0.75_b1.05_g1.1,substation,5,0.3228603564471301,0.018666666666666668,0.013333333333333334,0.26666666666666666,0.0
w_a0.75_b1.05_g1.1,substation,6,0.3237508538166731,0.015166666666666669,0.010833333333333334,0.21666666666666667,0.0
w_a0.75_b1.05_g1.1,substation,7,0.3213835722350321,0.01691666666666667,0.012083333333333333,0.24166666666666667,0.0
w_a0.75_b1.05_g1.1,substation,8,0.32414639708250154,0.017500000000000005,0.0125,0.25,0.0
w_a0.75_b1.05_g1.1,substation,9,0.3258323105253183,0.018083333333333333,0.012916666666666667,0.25833333333333336,0.0
w_a0.75_b1.05_g1.1,substation,10,0.3198505473289701,0.016333333333333335,0.011666666666666665,0.23333333333333334,0.0
w_a0.75_b1.05_g1.1,substation,11,0.3202301163287765,0.019250000000000003,0.01375,0.275,0.0
w_a0.75_b1.05_g1.1,substation,12,0.32613995647904165,0.018083333333333333,0.012916666666666667,0.25833333333333336,0.0
w_a0.75_b1.05_g1.1,substation,13,0.3290994145698285,0.017500000000000005,0.0125,0.25,0.0
w_a0.75_b1.05_g1.1,substation,14,0.32196895526872604,0.01575,0.011250000000000001,0.225,0.0
w_a0.75_b1.05_g1.1,substation,15,0.32205614616556477,0.016333333333333335,0.011666666666666667,0.23333333333333334,0.0
w_a0.75_b1.05_g1.1,substation,16,0.31951178776081685,0.018083333333333333,0.012916666666666667,0.25833333333333336,0.0
w_a0.75_b1.05_g1.1,substation,17,0.3239769669941995,0.018083333333333337,0.012916666666666668,0.25833333333333336,0.0
w_a0.75_b1.05_g1.1,substation,18,0.3227024547181891,0.02041666666666667,0.014583333333333334,0.2916666666666667,0.0
w_a0.75_b1.05_g1.1,substation,19,0.3248415190959257,0.018083333333333337,0.012916666666666668,0.25833333333333336,0.0
w_a0.75_b1.05_g1.1,substation,20,0.3241011495960046,0.017500000000000005,0.012500000000000002,0.25,0.0
w_a0.75_b1.05_g1.1,substation,21,0.32342279365092996,0.019250000000000003,0.01375,0.275,0.0
w_a0.75_b1.05_g1.1,substation,22,0.3240602880261099,0.01575,0.011250000000000001,0.225,0.0
w_a0.75_b1.05_g1.1,substation,23,0.3234122214282758,0.017500000000000005,0.012500000000000002,0.25,0.0
w_a0.75_b1.05_g1.1,substation,24,0.31875518071286846,0.019250000000000003,0.01375,0.275,0.0
w_a0.75_b1.05_g1.1,substation,25,0.320663228254336,0.01691666666666667,0.012083333333333335,0.24166666666666667,0.0
w_a0.75_b1.05_g1.1,substation,26,0.3248649287217483,0.01691666666666667,0.012083333333333335,0.24166666666666667,0.0
w_a0.75_b1.05_g1.1,substation,27,0.33035289739098217,0.01691666666666667,0.012083333333333335,0.24166666666666667,0.0
w_a0.75_b1.05_g1.1,substation,28,0.31555428263700097,0.019833333333333335,0.014166666666666668,0.2833333333333333,0.0
w_a0.75_b1.05_g1.1,substation,29,0.3195787212654313,0.017500000000000005,0.012500000000000002,0.25,0.0
w_a0.75_b1.05_g1.1,substation,30,0.32802328585673374,0.017500000000000005,0.012500000000000002,0.25,0.0
w_a0.75_b1.05_g1.1,substation,31,0.3298741024399285,0.015166666666666669,0.010833333333333335,0.21666666666666667,0.0
w_a0.75_b1.05_g1.1,substation,32,0.327404357077991,0.018083333333333333,0.012916666666666667,0.25833333333333336,0.0
w_a0.75_b1.05_g1.1,substation,33,0.324243054872705,0.017500000000000005,0.012500000000000002,0.25,0.0
w_a0.75_b1.05_g1.1,substation,34,0.3220472821578433,0.018083333333333337,0.012916666666666667,0.25833333333333336,0.0
w_a0.75_b1.05_g1.1,substation,35,0.32187501051269585,0.0175,0.0125,0.25,0.0
w_a0.75_b1.05_g1.1,substation,36,0.3264799913236058,0.019250000000000003,0.013750000000000002,0.275,0.0
w_a0.75_b1.05_g1.1,substation,37,0.3207856086717355,0.018666666666666668,0.013333333333333334,0.26666666666666666,0.0
w_a0.75_b1.05_g1.1,substation,38,0.3211889777259089,0.016333333333333335,0.011666666666666667,0.23333333333333334,0.0
w_a0.75_b1.05_g1.1,substation,39,0.3231513851692931,0.016333333333333335,0.011666666666666665,0.23333333333333334,0.0
w_a0.75_b1.05_g1.1,mining,0,0.31506048258678354,0.018083333333333337,0.012916666666666667,0.25833333333333336,0.0
w_a0.75_b1.05_g1.1,mining,1,0.31610820206896134,0.017500000000000005,0.0125,0.25,0.0
w_a0.75_b1.05_g1.1,mining,2,0.32116268161888223,0.01691666666666667,0.012083333333333335,0.24166666666666667,0.0
w_a0.75_b1.05_g1.1,mining,3,0.3150639518460852,0.01691666666666667,0.012083333333333335,0.24166666666666667,0.0
w_a0.75_b1.05_g1.1,mining,4,0.3206312836399319,0.015166666666666669,0.010833333333333334,0.21666666666666667,0.0
w_a0.75_b1.05_g1.1,mining,5,0.3214652675286596,0.017500000000000005,0.0125,0.25,0.0
w_a0.75_b1.05_g1.1,mining,6,0.3152277000827724,0.016333333333333335,0.011666666666666667,0.23333333333333334,0.0
w_a0.75_b1.05_g1.1,mining,7,0.31718870280295497,0.018666666666666668,0.013333333333333334,0.26666666666666666,0.0
w_a0.75_b1.05_g1.1,mining,8,0.3138703836122502,0.019250000000000003,0.01375,0.275,0.0
w_a0.75_b1.05_g1.1,mining,9,0.31404976506376914,0.018083333333333333,0.012916666666666667,0.25833333333333336,0.0
w_a0.75_b1.05_g1.1,mining,10,0.3171489135986042,0.01575,0.011250000000000001,0.225,0.0
w_a0.75_b1.05_g1.1,mining,11,0.3164758700773687,0.019833333333333335,0.014166666666666668,0.2833333333333333,0.0
w_a0.75_b1.05_g1.1,mining,12,0.3168772394183404,0.019833333333333335,0.014166666666666668,0.2833333333333333,0.0
w_a0.75_b1.05_g1.1,mining,13,0.32005662856328265,0.0175,0.0125,0.25,0.0
w_a0.75_b1.05_g1.1,mining,14,0.3190170192950849,0.016333333333333335,0.011666666666666665,0.23333333333333334,0.0
w_a0.75_b1.05_g1.1,mining,15,0.3160678795356882,0.018083333333333333,0.012916666666666667,0.25833333333333336,0.0
w_a0.75_b1.05_g1.1,mining,16,0.32458423152008026,0.015166666666666669,0.010833333333333335,0.21666666666666667,0.0
w_a0.75_b1.05_g1.1,mining,17,0.31856030263917173,0.017500000000000005,0.0125,0.25,0.0
w_a0.75_b1.05_g1.1,mining,18,0.31690549137713214,0.016333333333333335,0.011666666666666667,0.23333333333333334,0.0
w_a0.75_b1.05_g1.1,mining,19,0.31776175493165904,0.018083333333333333,0.012916666666666667,0.25833333333333336,0.0
w_a0.75_b1.05_g1.1,mining,20,0.3193715397777802,0.01691666666666667,0.012083333333333335,0.24166666666666667,0.0
w_a0.75_b1.05_g1.1,mining,21,0.3230903146089601,0.019250000000000003,0.01375,0.275,0.0
w_a0.75_b1.05_g1.1,mining,22,0.3205272676219424,0.01575,0.011250000000000001,0.225,0.0
w_a0.75_b1.05_g1.1,mining,23,0.31647697681328246,0.0175,0.0125,0.25,0.0
w_a0.75_b1.05_g1.1,mining,24,0.3203791962688358,0.01575,0.011250000000000001,0.225,0.0
w_a0.75_b1.05_g1.1,mining,25,0.3190567654932443,0.018083333333333333,0.012916666666666667,0.25833333333333336,0.0
w_a0.75_b1.05_g1.1,mining,26,0.30953528466504066,0.01575,0.011250000000000001,0.225,0.0
w_a0.75_b1.05_g1.1,mining,27,0.3148492146900804,0.01616666666666667,0.011500000000000002,0.23333333333333334,0.0
w_a0.75_b1.05_g1.1,mining,28,0.3159157610499908,0.016333333333333335,0.011666666666666665,0.23333333333333334,0.0
w_a0.75_b1.05_g1.1,mining,29,0.3129480257883041,0.021000000000000005,0.015000000000000003,0.3,0.0
w_a0.75_b1.05_g1.1,mining,30,0.3221104271318009,0.018666666666666668,0.013333333333333334,0.26666666666666666,0.0
w_a0.75_b1.05_g1.1,mining,31,0.3083215666176855,0.01983333333333333,0.014166666666666668,0.2833333333333333,0.0
w_a0.75_b1.05_g1.1,mining,32,0.3164622645275941,0.018083333333333337,0.012916666666666667,0.25833333333333336,0.0
w_a0.75_b1.05_g1.1,mining,33,0.311911903616909,0.019250000000000003,0.013750000000000002,0.275,0.0
w_a0.75_b1.05_g1.1,mining,34,0.30979428776057333,0.019250000000000003,0.013750000000000002,0.275,0.0
w_a0.75_b1.05_g1.1,mining,35,0.3141777797866341,0.01691666666666667,0.012083333333333335,0.24166666666666667,0.0
w_a0.75_b1.05_g1.1,mining,36,0.3191331136586132,0.01691666666666667,0.012083333333333333,0.24166666666666667,0.0
w_a0.75_b1.05_g1.1,mining,37,0.3129579585273387,0.018083333333333337,0.012916666666666668,0.25833333333333336,0.0
w_a0.75_b1.05_g1.1,mining,38,0.31179816516027414,0.019833333333333335,0.014166666666666668,0.2833333333333333,0.0
w_a0.75_b1.05_g1.1,mining,39,0.31337843460675135,0.015166666666666667,0.010833333333333334,0.21666666666666667,0.0
w_a0.75_b1.05_g1.1,oil_gas,0,0.31000637298146316,0.01691666666666667,0.012083333333333335,0.24166666666666667,0.0
w_a0.75_b1.05_g1.1,oil_gas,1,0.3089462738070266,0.018083333333333337,0.012916666666666667,0.25833333333333336,0.0
w_a0.75_b1.05_g1.1,oil_gas,2,0.30652029829906874,0.022166666666666668,0.015833333333333335,0.31666666666666665,0.0
w_a0.75_b1.05_g1.1,oil_gas,3,0.3138137256683323,0.0175,0.0125,0.25,0.0
w_a0.75_b1.05_g1.1,oil_gas,4,0.31515518629537664,0.018083333333333337,0.012916666666666668,0.25833333333333336,0.0
w_a0.75_b1.05_g1.1,oil_gas,5,0.31276641056655025,0.018083333333333333,0.012916666666666667,0.25833333333333336,0.0
w_a0.75_b1.05_g1.1,oil_gas,6,0.3138900917158592,0.01691666666666667,0.012083333333333335,0.24166666666666667,0.0
w_a0.75_b1.05_g1.1,oil_gas,7,0.3203778633701238,0.017500000000000005,0.012500000000000002,0.25,0.0
w_a0.75_b1.05_g1.1,oil_gas,8,0.31413380865369855,0.01575,0.011250000000000001,0.225,0.0
w_a0.75_b1.05_g1.1,oil_gas,9,0.3150946763358727,0.019250000000000003,0.01375,0.275,0.0
w_a0.75_b1.05_g1.1,oil_gas,10,0.31303589503008794,0.021000000000000005,0.015000000000000001,0.3,0.0
w_a0.75_b1.05_g1.1,oil_gas,11,0.3182893513423212,0.016333333333333335,0.011666666666666667,0.23333333333333334,0.0
w_a0.75_b1.05_g1.1,oil_gas,12,0.314409957143352,0.016333333333333335,0.011666666666666667,0.23333333333333334,0.0
w_a0.75_b1.05_g1.1,oil_gas,13,0.3156966179065616,0.018083333333333337,0.012916666666666667,0.25833333333333336,0.0
w_a0.75_b1.05_g1.1,oil_gas,14,0.3178036968580963,0.016333333333333335,0.011666666666666667,0.23333333333333334,0.0
w_a0.75_b1.05_g1.1,oil_gas,15,0.3211157136041185,0.018666666666666668,0.013333333333333334,0.26666666666666666,0.0
w_a0.75_b1.05_g1.1,oil_gas,16,0.3154655020079929,0.02041666666666667,0.014583333333333334,0.2916666666666667,0.0
w_a0.75_b1.05_g1.1,oil_gas,17,0.3157469445024276,0.019250000000000003,0.013750000000000002,0.275,0.0
w_a0.75_b1.05_g1.1,oil_gas,18,0.31733433981744547,0.018083333333333337,0.012916666666666668,0.25833333333333336,0.0
w_a0.75_b1.05_g1.1,oil_gas,19,0.3118073583956427,0.019833333333333335,0.014166666666666666,0.2833333333333333,0.0
w_a0.75_b1.05_g1.1,oil_gas,20,0.31000120045722157,0.018666666666666668,0.013333333333333334,0.26666666666666666,0.0
w_a0.75_b1.05_g1.1,oil_gas,21,0.32104229672882767,0.018083333333333337,0.012916666666666667,0.25833333333333336,0.0
w_a0.75_b1.05_g1.1,oil_gas,22,0.313739594281783,0.019833333333333335,0.014166666666666668,0.2833333333333333,0.0
w_a0.75_b1.05_g1.1,oil_gas,23,0.31178634340811323,0.021000000000000005,0.015000000000000001,0.3,0.0
w_a0.75_b1.05_g1.1,oil_gas,24,0.3142368798259365,0.019250000000000003,0.013750000000000002,0.275,0.0
w_a0.75_b1.05_g1.1,oil_gas,25,0.3096143975661792,0.022166666666666668,0.01583333333333333,0.31666666666666665,0.0
w_a0.75_b1.05_g1.1,oil_gas,26,0.31409834274862686,0.019250000000000003,0.013750000000000002,0.275,0.0
w_a0.75_b1.05_g1.1,oil_gas,27,0.31991006528508714,0.018083333333333337,0.012916666666666668,0.25833333333333336,0.0
w_a0.75_b1.05_g1.1,oil_gas,28,0.3102914393720077,0.01925,0.013750000000000002,0.275,0.0
w_a0.75_b1.05_g1.1,oil_gas,29,0.3157271541288658,0.0175,0.0125,0.25,0.0
w_a0.75_b1.05_g1.1,oil_gas,30,0.3217421694993075,0.01691666666666667,0.012083333333333335,0.24166666666666667,0.0
w_a0.75_b1.05_g1.1,oil_gas,31,0.3166035863906678,0.01691666666666667,0.012083333333333335,0.24166666666666667,0.0
w_a0.75_b1.05_g1.1,oil_gas,32,0.3127027769764419,0.018083333333333337,0.012916666666666668,0.25833333333333336,0.0
w_a0.75_b1.05_g1.1,oil_gas,33,0.3171308437169316,0.021000000000000005,0.015000000000000001,0.3,0.0
w_a0.75_b1.05_g1.1,oil_gas,34,0.311155056827263,0.01691666666666667,0.012083333333333335,0.24166666666666667,0.0
w_a0.75_b1.05_g1.1,oil_gas,35,0.32250300937826826,0.016333333333333335,0.011666666666666665,0.23333333333333334,0.0
w_a0.75_b1.05_g1.1,oil_gas,36,0.31421513897026104,0.01575,0.011250000000000001,0.225,0.0
w_a0.75_b1.05_g1.1,oil_gas,37,0.31522499199311454,0.015166666666666669,0.010833333333333335,0.21666666666666667,0.0
w_a0.75_b1.05_g1.1,oil_gas,38,0.31807665750750264,0.018083333333333337,0.012916666666666667,0.25833333333333336,0.0
w_a0.75_b1.05_g1.1,oil_gas,39,0.3159931511307442,0.018083333333333333,0.012916666666666667,0.25833333333333336,0.0
w_a0.75_b1.05_g1.1,factory,0,0.3279910537334387,0.014583333333333334,0.010416666666666666,0.20833333333333334,0.0
w_a0.75_b1.05_g1.1,factory,1,0.33339846948850915,0.015166666666666669,0.010833333333333335,0.21666666666666667,0.0
w_a0.75_b1.05_g1.1,factory,2,0.3261690001630255,0.01691666666666667,0.012083333333333335,0.24166666666666667,0.0
w_a0.75_b1.05_g1.1,factory,3,0.3381654637891697,0.017500000000000005,0.0125,0.25,0.0
w_a0.75_b1.05_g1.1,factory,4,0.3310344542365237,0.015166666666666669,0.010833333333333335,0.21666666666666667,0.0
w_a0.75_b1.05_g1.1,factory,5,0.3304462857491276,0.0175,0.0125,0.25,0.0
w_a0.75_b1.05_g1.1,factory,6,0.3324409608587139,0.019250000000000003,0.01375,0.275,0.0
w_a0.75_b1.05_g1.1,factory,7,0.33664515975999976,0.015166666666666667,0.010833333333333334,0.21666666666666667,0.0
w_a0.75_b1.05_g1.1,factory,8,0.33257325614789257,0.016333333333333335,0.011666666666666665,0.23333333333333334,0.0
w_a0.75_b1.05_g1.1,factory,9,0.33383107622488434,0.016333333333333335,0.011666666666666667,0.23333333333333334,0.0
w_a0.75_b1.05_g1.1,factory,10,0.3354022862084463,0.016333333333333335,0.011666666666666665,0.23333333333333334,0.0
w_a0.75_b1.05_g1.1,factory,11,0.3292244365646771,0.02041666666666667,0.014583333333333334,0.2916666666666667,0.0
w_a0.75_b1.05_g1.1,factory,12,0.33675582661604603,0.016333333333333335,0.011666666666666665,0.23333333333333334,0.0
w_a0.75_b1.05_g1.1,factory,13,0.3344947696491623,0.01691666666666667,0.012083333333333335,0.24166666666666667,0.0
w_a0.75_b1.05_g1.1,factory,14,0.3260757290602444,0.018083333333333337,0.012916666666666668,0.25833333333333336,0.0
w_a0.75_b1.05_g1.1,factory,15,0.3364263414924253,0.01575,0.011250000000000001,0.225,0.0
w_a0.75_b1.05_g1.1,factory,16,0.33596574160992804,0.017500000000000005,0.0125,0.25,0.0
w_a0.75_b1.05_g1.1,factory,17,0.33086220342816297,0.01575,0.011250000000000001,0.225,0.0
w_a0.75_b1.05_g1.1,factory,18,0.33860503129090985,0.01575,0.011250000000000001,0.225,0.0
w_a0.75_b1.05_g1.1,factory,19,0.3330348618430354,0.016333333333333335,0.011666666666666667,0.23333333333333334,0.0
w_a0.75_b1.05_g1.1,factory,20,0.33811985220587987,0.015750000000000004,0.011250000000000001,0.225,0.0
w_a0.75_b1.05_g1.1,factory,21,0.33258737315228737,0.01575,0.011250000000000001,0.225,0.0
w_a0.75_b1.05_g1.1,factory,22,0.3301841106726594,0.019833333333333335,0.014166666666666668,0.2833333333333333,0.0
w_a0.75_b1.05_g1.1,factory,23,0.3316725676094805,0.018083333333333333,0.012916666666666667,0.25833333333333336,0.0
w_a0.75_b1.05_g1.1,factory,24,0.3317958224392497,0.016333333333333335,0.011666666666666667,0.23333333333333334,0.0
w_a0.75_b1.05_g1.1,factory,25,0.3305576903127855,0.016333333333333335,0.011666666666666665,0.23333333333333334,0.0
w_a0.75_b1.05_g1.1,factory,26,0.33429454683240534,0.018083333333333333,0.012916666666666667,0.25833333333333336,0.0
w_a0.75_b1.05_g1.1,factory,27,0.3293658700739987,0.02041666666666667,0.014583333333333334,0.2916666666666667,0.0
w_a0.75_b1.05_g1.1,factory,28,0.338040036124645,0.0175,0.0125,0.25,0.0
w_a0.75_b1.05_g1.1,factory,29,0.32811603683945745,0.019250000000000003,0.01375,0.275,0.0
w_a0.75_b1.05_g1.1,factory,30,0.3304926793420969,0.01691666666666667,0.012083333333333333,0.24166666666666667,0.0
w_a0.75_b1.05_g1.1,factory,31,0.33655972399012046,0.016333333333333335,0.011666666666666667,0.23333333333333334,0.0
w_a0.75_b1.05_g1.1,factory,32,0.3284311102352488,0.0175,0.0125,0.25,0.0
w_a0.75_b1.05_g1.1,factory,33,0.3368272847745672,0.014000000000000002,0.010000000000000002,0.2,0.0
w_a0.75_b1.05_g1.1,factory,34,0.3260943336913371,0.01691666666666667,0.012083333333333335,0.24166666666666667,0.0
w_a0.75_b1.05_g1.1,factory,35,0.33432834646933784,0.017500000000000005,0.0125,0.25,0.0
w_a0.75_b1.05_g1.1,factory,36,0.3297048652707882,0.01575,0.011250000000000001,0.225,0.0
w_a0.75_b1.05_g1.1,factory,37,0.33110098540968547,0.013416666666666669,0.009583333333333334,0.19166666666666668,0.0
w_a0.75_b1.05_g1.1,factory,38,0.33932949450405625,0.012833333333333334,0.009166666666666667,0.18333333333333332,0.0
w_a0.75_b1.05_g1.1,factory,39,0.3315784578655044,0.017500000000000005,0.0125,0.25,0.0
w_a0.75_b1.05_g1.65,forklift,0,0.326301788592511,0.018083333333333337,0.012916666666666668,0.25833333333333336,0.0
w_a0.75_b1.05_g1.65,forklift,1,0.32713910054368417,0.01575,0.011250000000000001,0.225,0.0
w_a0.75_b1.05_g1.65,forklift,2,0.32952155279259315,0.01691666666666667,0.012083333333333335,0.24166666666666667,0.0
w_a0.75_b1.05_g1.65,forklift,3,0.3289462670195916,0.015750000000000004,0.011250000000000001,0.225,0.0
w_a0.75_b1.05_g1.65,forklift,4,0.326502800326093,0.018083333333333337,0.012916666666666668,0.25833333333333336,0.0
w_a0.75_b1.05_g1.65,forklift,5,0.3210989493227918,0.017500000000000005,0.012500000000000002,0.25,0.0
w_a0.75_b1.05_g1.65,forklift,6,0.3313842509507989,0.016333333333333335,0.011666666666666667,0.23333333333333334,0.0
w_a0.75_b1.05_g1.65,forklift,7,0.32107437754769436,0.018666666666666668,0.013333333333333334,0.26666666666666666,0.0
w_a0.75_b1.05_g1.65,forklift,8,0.3257501698439524,0.01925,0.013750000000000002,0.275,0.0
w_a0.75_b1.05_g1.65,forklift,9,0.32593082295274534,0.018083333333333337,0.012916666666666668,0.25833333333333336,0.0
w_a0.75_b1.05_g1.65,forklift,10,0.3222260511995053,0.016333333333333335,0.011666666666666667,0.23333333333333334,0.0
w_a0.75_b1.05_g1.65,forklift,11,0.3205324167881324,0.014583333333333335,0.010416666666666668,0.20833333333333334,0.0
w_a0.75_b1.05_g1.65,forklift,12,0.32699755825443116,0.018083333333333333,0.012916666666666668,0.25833333333333336,0.0
w_a0.75_b1.05_g1.65,forklift,13,0.327496780778513,0.0175,0.0125,0.25,0.0
w_a0.75_b1.05_g1.65,forklift,14,0.325895268515659,0.018083333333333333,0.012916666666666668,0.25833333333333336,0.0
w_a0.75_b1.05_g1.65,forklift,15,0.32500547073757496,0.014583333333333334,0.010416666666666666,0.20833333333333334,0.0
w_a0.75_b1.05_g1.65,forklift,16,0.3291289292278933,0.01925,0.01375,0.275,0.0
w_a0.75_b1.05_g1.65,forklift,17,0.3226724110084761,0.019833333333333335,0.014166666666666668,0.2833333333333333,0.0
w_a0.75_b1.05_g1.65,forklift,18,0.32174336625956645,0.018083333333333337,0.012916666666666668,0.25833333333333336,0.0
w_a0.75_b1.05_g1.65,forklift,19,0.3227489850692299,0.021000000000000005,0.015000000000000001,0.3,0.0
w_a0.75_b1.05_g1.65,forklift,20,0.32733998960297384,0.018666666666666668,0.013333333333333334,0.26666666666666666,0.0
w_a0.75_b1.05_g1.65,forklift,21,0.33041213911726364,0.018083333333333337,0.012916666666666667,0.25833333333333336,0.0
w_a0.75_b1.05_g1.65,forklift,22,0.3294819433707275,0.016333333333333335,0.011666666666666667,0.23333333333333334,0.0
w_a0.75_b1.05_g1.65,forklift,23,0.3277264582786048,0.018083333333333337,0.012916666666666668,0.25833333333333336,0.0
w_a0.75_b1.05_g1.65,forklift,24,0.3238764471490224,0.018083333333333333,0.012916666666666667,0.25833333333333336,0.0
w_a0.75_b1.05_g1.65,forklift,25,0.32518776406966576,0.018083333333333333,0.012916666666666667,0.25833333333333336,0.0
w_a0.75_b1.05_g1.65,forklift,26,0.32608242269828813,0.014000000000000002,0.010000000000000002,0.2,0.0
w_a0.75_b1.05_g1.65,forklift,27,0.3245644482212168,0.012833333333333334,0.009166666666666667,0.18333333333333332,0.0
w_a0.75_b1.05_g1.65,forklift,28,0.3265241611005666,0.016333333333333335,0.011666666666666667,0.23333333333333334,0.0
w_a0.75_b1.05_g1.65,forklift,29,0.33007285948227977,0.01575,0.011250000000000001,0.225,0.0
w_a0.75_b1.05_g1.65,forklift,30,0.3287439539988975,0.017500000000000005,0.012500000000000002,0.25,0.0
w_a0.75_b1.05_g1.65,forklift,31,0.33242774406804354,0.018083333333333337,0.012916666666666667,0.25833333333333336,0.0
w_a0.75_b1.05_g1.65,forklift,32,0.3309378349153978,0.0175,0.0125,0.25,0.0
w_a0.75_b1.05_g1.65,forklift,33,0.32602008860004034,0.018083333333333337,0.012916666666666667,0.25833333333333336,0.0
w_a0.75_b1.05_g1.65,forklift,34,0.3241581062426695,0.018083333333333337,0.012916666666666668,0.25833333333333336,0.0
w_a0.75_b1.05_g1.65,forklift,35,0.3297145066173994,0.018666666666666668,0.013333333333333334,0.26666666666666666,0.0
w_a0.75_b1.05_g1.65,forklift,36,0.32787177740371154,0.018666666666666668,0.013333333333333334,0.26666666666666666,0.0
w_a0.75_b1.05_g1.65,forklift,37,0.3217251462559535,0.019250000000000003,0.01375,0.275,0.0
w_a0.75_b1.05_g1.65,forklift,38,0.3198722998261923,0.019833333333333335,0.014166666666666668,0.2833333333333333,0.0
w_a0.75_b1.05_g1.65,forklift,39,0.3214455964671797,0.018666666666666668,0.013333333333333334,0.26666666666666666,0.0
w_a0.75_b1.05_g1.65,crane,0,0.32235876068862784,0.014000000000000002,0.010000000000000002,0.2,0.0
w_a0.75_b1.05_g1.65,crane,1,0.31434660749538684,0.018083333333333337,0.012916666666666668,0.25833333333333336,0.0
w_a0.75_b1.05_g1.65,crane,2,0.31859343952019425,0.018666666666666668,0.013333333333333334,0.26666666666666666,0.0
w_a0.75_b1.05_g1.65,crane,3,0.32209937246796655,0.014000000000000002,0.010000000000000002,0.2,0.0
w_a0.75_b1.05_g1.65,crane,4,0.32479830446539054,0.016333333333333335,0.011666666666666667,0.23333333333333334,0.0
w_a0.75_b1.05_g1.65,crane,5,0.3168681214036988,0.01575,0.011250000000000001,0.225,0.0
w_a0.75_b1.05_g1.65,crane,6,0.3175795975331564,0.018666666666666668,0.013333333333333334,0.26666666666666666,0.0
w_a0.75_b1.05_g1.65,crane,7,0.32227200610285667,0.014583333333333335,0.010416666666666666,0.20833333333333334,0.0
w_a0.75_b1.05_g1.65,crane,8,0.32304006871445,0.018666666666666668,0.013333333333333334,0.26666666666666666,0.0
w_a0.75_b1.05_g1.65,crane,9,0.3156656627557093,0.01575,0.011250000000000001,0.225,0.0
w_a0.75_b1.05_g1.65,crane,10,0.3205896827534399,0.015166666666666669,0.010833333333333335,0.21666666666666667,0.0
w_a0.75_b1.05_g1.65,crane,11,0.3229615940639505,0.018083333333333333,0.012916666666666667,0.25833333333333336,0.0
w_a0.75_b1.05_g1.65,crane,12,0.3183833173494227,0.01691666666666667,0.012083333333333335,0.24166666666666667,0.0
w_a0.75_b1.05_g1.65,crane,13,0.3210698019822183,0.01691666666666667,0.012083333333333335,0.24166666666666667,0.0
w_a0.75_b1.05_g1.65,crane,14,0.3141727760675831,0.01983333333333333,0.014166666666666666,0.2833333333333333,0.0
w_a0.75_b1.05_g1.65,crane,15,0.31931104353770257,0.015166666666666667,0.010833333333333334,0.21666666666666667,0.0
w_a0.75_b1.05_g1.65,crane,16,0.3262403560979997,0.01691666666666667,0.012083333333333335,0.24166666666666667,0.0
w_a0.75_b1.05_g1.65,crane,17,0.32279589449642915,0.01691666666666667,0.012083333333333335,0.24166666666666667,0.0
w_a0.75_b1.05_g1.65,crane,18,0.31910162233323786,0.016333333333333335,0.011666666666666667,0.23333333333333334,0.0
w_a0.75_b1.05_g1.65,crane,19,0.3237954125377953,0.018083333333333333,0.012916666666666667,0.25833333333333336,0.0
w_a0.75_b1.05_g1.65,crane,20,0.3293588068382948,0.01575,0.011250000000000001,0.225,0.0
w_a0.75_b1.05_g1.65,crane,21,0.32296201831745996,0.014583333333333335,0.010416666666666666,0.20833333333333334,0.0
w_a0.75_b1.05_g1.65,crane,22,0.3176736803108671,0.019833333333333335,0.014166666666666668,0.2833333333333333,0.0
w_a0.75_b1.05_g1.65,crane,23,0.3233984568962432,0.017500000000000005,0.0125,0.25,0.0
w_a0.75_b1.05_g1.65,crane,24,0.3199997942128327,0.018083333333333333,0.012916666666666667,0.25833333333333336,0.0
w_a0.75_b1.05_g1.65,crane,25,0.3175697431362169,0.019250000000000003,0.013750000000000002,0.275,0.0
w_a0.75_b1.05_g1.65,crane,26,0.3174604011180412,0.018083333333333337,0.012916666666666667,0.25833333333333336,0.0
w_a0.75_b1.05_g1.65,crane,27,0.3158563565411125,0.0175,0.0125,0.25,0.0
w_a0.75_b1.05_g1.65,crane,28,0.31963335635168083,0.01691666666666667,0.012083333333333335,0.24166666666666667,0.0
w_a0.75_b1.05_g1.65,crane,29,0.3196800348226162,0.017500000000000005,0.0125,0.25,0.0
w_a0.75_b1.05_g1.65,crane,30,0.3218968660849167,0.017500000000000005,0.012500000000000002,0.25,0.0
w_a0.75_b1.05_g1.65,crane,31,0.32254033821329753,0.018083333333333337,0.012916666666666667,0.25833333333333336,0.0
w_a0.75_b1.05_g1.65,crane,32,0.3174584873143575,0.018083333333333337,0.012916666666666668,0.25833333333333336,0.0
w_a0.75_b1.05_g1.65,crane,33,0.3218692614693622,0.018083333333333333,0.012916666666666668,0.25833333333333336,0.0
w_a0.75_b1.05_g1.65,crane,34,0.32246342767547925,0.016333333333333335,0.011666666666666667,0.23333333333333334,0.0
w_a0.75_b1.05_g1.65,crane,35,0.31990561908480164,0.01691666666666667,0.012083333333333335,0.24166666666666667,0.0
w_a0.75_b1.05_g1.65,crane,36,0.3175911807798508,0.01691666666666667,0.012083333333333335,0.24166666666666667,0.0
w_a0.75_b1.05_g1.65,crane,37,0.31299706698481633,0.02041666666666667,0.014583333333333334,0.2916666666666667,0.0
w_a0.75_b1.05_g1.65,crane,38,0.3283571227314168,0.016333333333333335,0.011666666666666665,0.23333333333333334,0.0
w_a0.75_b1.05_g1.65,crane,39,0.3063660405869077,0.021000000000000005,0.015000000000000001,0.3,0.0
w_a0.75_b1.05_g1.65,substation,0,0.32942357409303824,0.01575,0.011250000000000001,0.225,0.0
w_a0.75_b1.05_g1.65,substation,1,0.3248925266738386,0.014000000000000002,0.010000000000000002,0.2,0.0
w_a0.75_b1.05_g1.65,substation,2,0.321635318270348,0.01691666666666667,0.012083333333333335,0.24166666666666667,0.0
w_a0.75_b1.05_g1.65,substation,3,0.32044377324879714,0.019833333333333335,0.014166666666666668,0.2833333333333333,0.0
w_a0.75_b1.05_g1.65,substation,4,0.32369662211132455,0.014583333333333334,0.010416666666666666,0.20833333333333334,0.0
w_a0.75_b1.05_g1.65,substation,5,0.3228603564471301,0.018666666666666668,0.013333333333333334,0.26666666666666666,0.0
w_a0.75_b1.05_g1.65,substation,6,0.3237508538166731,0.015166666666666669,0.010833333333333334,0.21666666666666667,0.0
w_a0.75_b1.05_g1.65,substation,7,0.3213835722350321,0.01691666666666667,0.012083333333333333,0.24166666666666667,0.0
w_a0.75_b1.05_g1.65,substation,8,0.32414639708250154,0.017500000000000005,0.0125,0.25,0.0
w_a0.75_b1.05_g1.65,substation,9,0.3258323105253183,0.018083333333333333,0.012916666666666667,0.25833333333333336,0.0
w_a0.75_b1.05_g1.65,substation,10,0.3198505473289701,0.016333333333333335,0.011666666666666665,0.23333333333333334,0.0
w_a0.75_b1.05_g1.65,substation,11,0.3202301163287765,0.019250000000000003,0.01375,0.275,0.0
w_a0.75_b1.05_g1.65,substation,12,0.32613995647904165,0.018083333333333333,0.012916666666666667,0.25833333333333336,0.0
w_a0.75_b1.05_g1.65,substation,13,0.3290994145698285,0.017500000000000005,0.0125,0.25,0.0
w_a0.75_b1.05_g1.65,substation,14,0.32196895526872604,0.01575,0.011250000000000001,0.225,0.0
w_a0.75_b1.05_g1.65,substation,15,0.32205614616556477,0.016333333333333335,0.011666666666666667,0.23333333333333334,0.0
w_a0.75_b1.05_g1.65,substation,16,0.31951178776081685,0.018083333333333333,0.012916666666666667,0.25833333333333336,0.0
w_a0.75_b1.05_g1.65,substation,17,0.3239769669941995,0.018083333333333337,0.012916666666666668,0.25833333333333336,0.0
w_a0.75_b1.05_g1.65,substation,18,0.3227024547181891,0.02041666666666667,0.014583333333333334,0.2916666666666667,0.0
w_a0.75_b1.05_g1.65,substation,19,0.3248415190959257,0.018083333333333337,0.012916666666666668,0.25833333333333336,0.0
w_a0.75_b1.05_g1.65,substation,20,0.3241011495960046,0.017500000000000005,0.012500000000000002,0.25,0.0
w_a0.75_b1.05_g1.65,substation,21,0.32342279365092996,0.019250000000000003,0.01375,0.275,0.0
w_a0.75_b1.05_g1.65,substation,22,0.3240602880261099,0.01575,0.011250000000000001,0.225,0.0
w_a0.75_b1.05_g1.65,substation,23,0.3234122214282758,0.017500000000000005,0.012500000000000002,0.25,0.0
w_a0.75_b1.05_g1.65,substation,24,0.31875518071286846,0.019250000000000003,0.01375,0.275,0.0
w_a0.75_b1.05_g1.65,substation,25,0.320663228254336,0.01691666666666667,0.012083333333333335,0.24166666666666667,0.0
w_a0.75_b1.05_g1.65,substation,26,0.3248649287217483,0.01691666666666667,0.012083333333333335,0.24166666666666667,0.0
w_a0.75_b1.05_g1.65,substation,27,0.33035289739098217,0.01691666666666667,0.012083333333333335,0.24166666666666667,0.0
w_a0.75_b1.05_g1.65,substation,28,0.31555428263700097,0.019833333333333335,0.014166666666666668,0.2833333333333333,0.0
w_a0.75_b1.05_g1.65,substation,29,0.3195787212654313,0.017500000000000005,0.012500000000000002,0.25,0.0
w_a0.75_b1.05_g1.65,substation,30,0.32802328585673374,0.017500000000000005,0.012500000000000002,0.25,0.0
w_a0.75_b1.05_g1.65,substation,31,0.3298741024399285,0.015166666666666669,0.010833333333333335,0.21666666666666667,0.0
w_a0.75_b1.05_g1.65,substation,32,0.327404357077991,0.018083333333333333,0.012916666666666667,0.25833333333333336,0.0
w_a0.75_b1.05_g1.65,substation,33,0.324243054872705,0.017500000000000005,0.012500000000000002,0.25,0.0
w_a0.75_b1.05_g1.65,substation,34,0.3220472821578433,0.018083333333333337,0.012916666666666667,0.25833333333333336,0.0
w_a0.75_b1.05_g1.65,substation,35,0.32187501051269585,0.0175,0.0125,0.25,0.0
w_a0.75_b1.05_g1.65,substation,36,0.3264799913236058,0.019250000000000003,0.013750000000000002,0.275,0.0
w_a0.75_b1.05_g1.65,substation,37,0.3207856086717355,0.018666666666666668,0.013333333333333334,0.26666666666666666,0.0
w_a0.75_b1.05_g1.65,substation,38,0.3211889777259089,0.016333333333333335,0.011666666666666667,0.23333333333333334,0.0
w_a0.75_b1.05_g1.65,substation,39,0.3231513851692931,0.016333333333333335,0.011666666666666665,0.23333333333333334,0.0
w_a0.75_b1.05_g1.65,mining,0,0.31506048258678354,0.018083333333333337,0.012916666666666667,0.25833333333333336,0.0
w_a0.75_b1.05_g1.65,mining,1,0.31610820206896134,0.017500000000000005,0.0125,0.25,0.0
w_a0.75_b1.05_g1.65,mining,2,0.32116268161888223,0.01691666666666667,0.012083333333333335,0.24166666666666667,0.0
w_a0.75_b1.05_g1.65,mining,3,0.3150639518460852,0.01691666666666667,0.012083333333333335,0.24166666666666667,0.0
w_a0.75_b1.05_g1.65,mining,4,0.3206312836399319,0.015166666666666669,0.010833333333333334,0.21666666666666667,0.0
w_a0.75_b1.05_g1.65,mining,5,0.3214652675286596,0.017500000000000005,0.0125,0.25,0.0
w_a0.75_b1.05_g1.65,mining,6,0.3152277000827724,0.016333333333333335,0.011666666666666667,0.23333333333333334,0.0
w_a0.75_b1.05_g1.65,mining,7,0.31718870280295497,0.018666666666666668,0.013333333333333334,0.26666666666666666,0.0
w_a0.75_b1.05_g1.65,mining,8,0.3138703836122502,0.019250000000000003,0.01375,0.275,0.0
w_a0.75_b1.05_g1.65,mining,9,0.31404976506376914,0.018083333333333333,0.012916666666666667,0.25833333333333336,0.0
w_a0.75_b1.05_g1.65,mining,10,0.3171489135986042,0.01575,0.011250000000000001,0.225,0.0
w_a0.75_b1.05_g1.65,mining,11,0.3164758700773687,0.019833333333333335,0.014166666666666668,0.2833333333333333,0.0
w_a0.75_b1.05_g1.65,mining,12,0.3168772394183404,0.019833333333333335,0.014166666666666668,0.2833333333333333,0.0
w_a0.75_b1.05_g1.65,mining,13,0.32005662856328265,0.0175,0.0125,0.25,0.0
w_a0.75_b1.05_g1.65,mining,14,0.3190170192950849,0.016333333333333335,0.011666666666666665,0.23333333333333334,0.0
w_a0.75_b1.05_g1.65,mining,15,0.3160678795356882,0.018083333333333333,0.012916666666666667,0.25833333333333336,0.0
w_a0.75_b1.05_g1.65,mining,16,0.32458423152008026,0.015166666666666669,0.010833333333333335,0.21666666666666667,0.0
w_a0.75_b1.05_g1.65,mining,17,0.31856030263917173,0.017500000000000005,0.0125,0.25,0.0
w_a0.75_b1.05_g1.65,mining,18,0.31690549137713214,0.016333333333333335,0.011666666666666667,0.23333333333333334,0.0
w_a0.75_b1.05_g1.65,mining,19,0.31776175493165904,0.018083333333333333,0.012916666666666667,0.25833333333333336,0.0
w_a0.75_b1.05_g1.65,mining,20,0.3193715397777802,0.01691666666666667,0.012083333333333335,0.24166666666666667,0.0
w_a0.75_b1.05_g1.65,mining,21,0.3230903146089601,0.019250000000000003,0.01375,0.275,0.0
w_a0.75_b1.05_g1.65,mining,22,0.3205272676219424,0.01575,0.011250000000000001,0.225,0.0
w_a0.75_b1.05_g1.65,mining,23,0.31647697681328246,0.0175,0.0125,0.25,0.0
w_a0.75_b1.05_g1.65,mining,24,0.3203791962688358,0.01575,0.011250000000000001,0.225,0.0
w_a0.75_b1.05_g1.65,mining,25,0.3190567654932443,0.018083333333333333,0.012916666666666667,0.25833333333333336,0.0
w_a0.75_b1.05_g1.65,mining,26,0.30953528466504066,0.01575,0.011250000000000001,0.225,0.0
w_a0.75_b1.05_g1.65,mining,27,0.3148492146900804,0.01616666666666667,0.011500000000000002,0.23333333333333334,0.0
w_a0.75_b1.05_g1.65,mining,28,0.3159157610499908,0.016333333333333335,0.011666666666666665,0.23333333333333334,0.0
w_a0.75_b1.05_g1.65,mining,29,0.3129480257883041,0.021000000000000005,0.015000000000000003,0.3,0.0
w_a0.75_b1.05_g1.65,mining,30,0.3221104271318009,0.018666666666666668,0.013333333333333334,0.26666666666666666,0.0
w_a0.75_b1.05_g1.65,mining,31,0.3083215666176855,0.01983333333333333,0.014166666666666668,0.2833333333333333,0.0
w_a0.75_b1.05_g1.65,mining,32,0.3164622645275941,0.018083333333333337,0.012916666666666667,0.25833333333333336,0.0
w_a0.75_b1.05_g1.65,mining,33,0.311911903616909,0.019250000000000003,0.013750000000000002,0.275,0.0
w_a0.75_b1.05_g1.65,mining,34,0.30979428776057333,0.019250000000000003,0.013750000000000002,0.275,0.0
w_a0.75_b1.05_g1.65,mining,35,0.3141777797866341,0.01691666666666667,0.012083333333333335,0.24166666666666667,0.0
w_a0.75_b1.05_g1.65,mining,36,0.3191331136586132,0.01691666666666667,0.012083333333333333,0.24166666666666667,0.0
w_a0.75_b1.05_g1.65,mining,37,0.3129579585273387,0.018083333333333337,0.012916666666666668,0.25833333333333336,0.0
w_a0.75_b1.05_g1.65,mining,38,0.31179816516027414,0.019833333333333335,0.014166666666666668,0.2833333333333333,0.0
w_a0.75_b1.05_g1.65,mining,39,0.31337843460675135,0.015166666666666667,0.010833333333333334,0.21666666666666667,0.0
w_a0.75_b1.05_g1.65,oil_gas,0,0.31000637298146316,0.01691666666666667,0.012083333333333335,0.24166666666666667,0.0
w_a0.75_b1.05_g1.65,oil_gas,1,0.3089462738070266,0.018083333333333337,0.012916666666666667,0.25833333333333336,0.0
w_a0.75_b1.05_g1.65,oil_gas,2,0.30652029829906874,0.022166666666666668,0.015833333333333335,0.31666666666666665,0.0
w_a0.75_b1.05_g1.65,oil_gas,3,0.3138137256683323,0.0175,0.0125,0.25,0.0
w_a0.75_b1.05_g1.65,oil_gas,4,0.31515518629537664,0.018083333333333337,0.012916666666666668,0.25833333333333336,0.0
w_a0.75_b1.05_g1.65,oil_gas,5,0.31276641056655025,0.018083333333333333,0.012916666666666667,0.25833333333333336,0.0
w_a0.75_b1.05_g1.65,oil_gas,6,0.3138900917158592,0.01691666666666667,0.012083333333333335,0.24166666666666667,0.0
w_a0.75_b1.05_g1.65,oil_gas,7,0.3203778633701238,0.017500000000000005,0.012500000000000002,0.25,0.0
w_a0.75_b1.05_g1.65,oil_gas,8,0.31413380865369855,0.01575,0.011250000000000001,0.225,0.0
w_a0.75_b1.05_g1.65,oil_gas,9,0.3150946763358727,0.019250000000000003,0.01375,0.275,0.0
w_a0.75_b1.05_g1.65,oil_gas,10,0.31303589503008794,0.021000000000000005,0.015000000000000001,0.3,0.0
w_a0.75_b1.05_g1.65,oil_gas,11,0.3182893513423212,0.016333333333333335,0.011666666666666667,0.23333333333333334,0.0
w_a0.75_b1.05_g1.65,oil_gas,12,0.314409957143352,0.016333333333333335,0.011666666666666667,0.23333333333333334,0.0
w_a0.75_b1.05_g1.65,oil_gas,13,0.3156966179065616,0.018083333333333337,0.012916666666666667,0.25833333333333336,0.0
w_a0.75_b1.05_g1.65,oil_gas,14,0.3178036968580963,0.016333333333333335,0.011666666666666667,0.23333333333333334,0.0
w_a0.75_b1.05_g1.65,oil_gas,15,0.3211157136041185,0.018666666666666668,0.013333333333333334,0.26666666666666666,0.0
w_a0.75_b1.05_g1.65,oil_gas,16,0.3154655020079929,0.02041666666666667,0.014583333333333334,0.2916666666666667,0.0
w_a0.75_b1.05_g1.65,oil_gas,17,0.3157469445024276,0.019250000000000003,0.013750000000000002,0.275,0.0
w_a0.75_b1.05_g1.65,oil_gas,18,0.31733433981744547,0.018083333333333337,0.012916666666666668,0.25833333333333336,0.0
w_a0.75_b1.05_g1.65,oil_gas,19,0.3118073583956427,0.019833333333333335,0.014166666666666666,0.2833333333333333,0.0
w_a0.75_b1.05_g1.65,oil_gas,20,0.31000120045722157,0.018666666666666668,0.013333333333333334,0.26666666666666666,0.0
w_a0.75_b1.05_g1.65,oil_gas,21,0.32104229672882767,0.018083333333333337,0.012916666666666667,0.25833333333333336,0.0
w_a0.75_b1.05_g1.65,oil_gas,22,0.313739594281783,0.019833333333333335,0.014166666666666668,0.2833333333333333,0.0
w_a0.75_b1.05_g1.65,oil_gas,23,0.31178634340811323,0.021000000000000005,0.015000000000000001,0.3,0.0
w_a0.75_b1.05_g1.65,oil_gas,24,0.3142368798259365,0.019250000000000003,0.013750000000000002,0.275,0.0
w_a0.75_b1.05_g1.65,oil_gas,25,0.3096143975661792,0.022166666666666668,0.01583333333333333,0.31666666666666665,0.0
w_a0.75_b1.05_g1.65,oil_gas,26,0.31409834274862686,0.019250000000000003,0.013750000000000002,0.275,0.0
w_a0.75_b1.05_g1.65,oil_gas,27,0.31991006528508714,0.018083333333333337,0.012916666666666668,0.25833333333333336,0.0
w_a0.75_b1.05_g1.65,oil_gas,28,0.3102914393720077,0.01925,0.013750000000000002,0.275,0.0
w_a0.75_b1.05_g1.65,oil_gas,29,0.3157271541288658,0.0175,0.0125,0.25,0.0
w_a0.75_b1.05_g1.65,oil_gas,30,0.3217421694993075,0.01691666666666667,0.012083333333333335,0.24166666666666667,0.0
w_a0.75_b1.05_g1.65,oil_gas,31,0.3166035863906678,0.01691666666666667,0.012083333333333335,0.24166666666666667,0.0
w_a0.75_b1.05_g1.65,oil_gas,32,0.3127027769764419,0.018083333333333337,0.012916666666666668,0.25833333333333336,0.0
w_a0.75_b1.05_g1.65,oil_gas,33,0.3171308437169316,0.021000000000000005,0.015000000000000001,0.3,0.0
w_a0.75_b1.05_g1.65,oil_gas,34,0.311155056827263,0.01691666666666667,0.012083333333333335,0.24166666666666667,0.0
w_a0.75_b1.05_g1.65,oil_gas,35,0.32250300937826826,0.016333333333333335,0.011666666666666665,0.23333333333333334,0.0
w_a0.75_b1.05_g1.65,oil_gas,36,0.31421513897026104,0.01575,0.011250000000000001,0.225,0.0
w_a0.75_b1.05_g1.65,oil_gas,37,0.31522499199311454,0.015166666666666669,0.010833333333333335,0.21666666666666667,0.0
w_a0.75_b1.05_g1.65,oil_gas,38,0.31807665750750264,0.018083333333333337,0.012916666666666667,0.25833333333333336,0.0
w_a0.75_b1.05_g1.65,oil_gas,39,0.3159931511307442,0.018083333333333333,0.012916666666666667,0.25833333333333336,0.0
w_a0.75_b1.05_g1.65,factory,0,0.3279910537334387,0.014583333333333334,0.010416666666666666,0.20833333333333334,0.0
w_a0.75_b1.05_g1.65,factory,1,0.33339846948850915,0.015166666666666669,0.010833333333333335,0.21666666666666667,0.0
w_a0.75_b1.05_g1.65,factory,2,0.3261690001630255,0.01691666666666667,0.012083333333333335,0.24166666666666667,0.0
w_a0.75_b1.05_g1.65,factory,3,0.3381654637891697,0.017500000000000005,0.0125,0.25,0.0
w_a0.75_b1.05_g1.65,factory,4,0.3310344542365237,0.015166666666666669,0.010833333333333335,0.21666666666666667,0.0
w_a0.75_b1.05_g1.65,factory,5,0.3304462857491276,0.0175,0.0125,0.25,0.0
w_a0.75_b1.05_g1.65,factory,6,0.3324409608587139,0.019250000000000003,0.01375,0.275,0.0
w_a0.75_b1.05_g1.65,factory,7,0.33664515975999976,0.015166666666666667,0.010833333333333334,0.21666666666666667,0.0
w_a0.75_b1.05_g1.65,factory,8,0.33257325614789257,0.016333333333333335,0.011666666666666665,0.23333333333333334,0.0
w_a0.75_b1.05_g1.65,factory,9,0.33383107622488434,0.016333333333333335,0.011666666666666667,0.23333333333333334,0.0
w_a0.75_b1.05_g1.65,factory,10,0.3354022862084463,0.016333333333333335,0.011666666666666665,0.23333333333333334,0.0
w_a0.75_b1.05_g1.65,factory,11,0.3292244365646771,0.02041666666666667,0.014583333333333334,0.2916666666666667,0.0
w_a0.75_b1.05_g1.65,factory,12,0.33675582661604603,0.016333333333333335,0.011666666666666665,0.23333333333333334,0.0
w_a0.75_b1.05_g1.65,factory,13,0.3344947696491623,0.01691666666666667,0.012083333333333335,0.24166666666666667,0.0
w_a0.75_b1.05_g1.65,factory,14,0.3260757290602444,0.018083333333333337,0.012916666666666668,0.25833333333333336,0.0
w_a0.75_b1.05_g1.65,factory,15,0.3364263414924253,0.01575,0.011250000000000001,0.225,0.0
w_a0.75_b1.05_g1.65,factory,16,0.33596574160992804,0.017500000000000005,0.0125,0.25,0.0
w_a0.75_b1.05_g1.65,factory,17,0.33086220342816297,0.01575,0.011250000000000001,0.225,0.0
w_a0.75_b1.05_g1.65,factory,18,0.33860503129090985,0.01575,0.011250000000000001,0.225,0.0
w_a0.75_b1.05_g1.65,factory,19,0.3330348618430354,0.016333333333333335,0.011666666666666667,0.23333333333333334,0.0
w_a0.75_b1.05_g1.65,factory,20,0.33811985220587987,0.015750000000000004,0.011250000000000001,0.225,0.0
w_a0.75_b1.05_g1.65,factory,21,0.33258737315228737,0.01575,0.011250000000000001,0.225,0.0
w_a0.75_b1.05_g1.65,factory,22,0.3301841106726594,0.019833333333333335,0.014166666666666668,0.2833333333333333,0.0
w_a0.75_b1.05_g1.65,factory,23,0.3316725676094805,0.018083333333333333,0.012916666666666667,0.25833333333333336,0.0
w_a0.75_b1.05_g1.65,factory,24,0.3317958224392497,0.016333333333333335,0.011666666666666667,0.23333333333333334,0.0
w_a0.75_b1.05_g1.65,factory,25,0.3305576903127855,0.016333333333333335,0.011666666666666665,0.23333333333333334,0.0
w_a0.75_b1.05_g1.65,factory,26,0.33429454683240534,0.018083333333333333,0.012916666666666667,0.25833333333333336,0.0
w_a0.75_b1.05_g1.65,factory,27,0.3293658700739987,0.02041666666666667,0.014583333333333334,0.2916666666666667,0.0
w_a0.75_b1.05_g1.65,factory,28,0.338040036124645,0.0175,0.0125,0.25,0.0
w_a0.75_b1.05_g1.65,factory,29,0.32811603683945745,0.019250000000000003,0.01375,0.275,0.0
w_a0.75_b1.05_g1.65,factory,30,0.3304926793420969,0.01691666666666667,0.012083333333333333,0.24166666666666667,0.0
w_a0.75_b1.05_g1.65,factory,31,0.33655972399012046,0.016333333333333335,0.011666666666666667,0.23333333333333334,0.0
w_a0.75_b1.05_g1.65,factory,32,0.3284311102352488,0.0175,0.0125,0.25,0.0
w_a0.75_b1.05_g1.65,factory,33,0.3368272847745672,0.014000000000000002,0.010000000000000002,0.2,0.0
w_a0.75_b1.05_g1.65,factory,34,0.3260943336913371,0.01691666666666667,0.012083333333333335,0.24166666666666667,0.0
w_a0.75_b1.05_g1.65,factory,35,0.33432834646933784,0.017500000000000005,0.0125,0.25,0.0
w_a0.75_b1.05_g1.65,factory,36,0.3297048652707882,0.01575,0.011250000000000001,0.225,0.0
w_a0.75_b1.05_g1.65,factory,37,0.33110098540968547,0.013416666666666669,0.009583333333333334,0.19166666666666668,0.0
w_a0.75_b1.05_g1.65,factory,38,0.33932949450405625,0.012833333333333334,0.009166666666666667,0.18333333333333332,0.0
w_a0.75_b1.05_g1.65,factory,39,0.3315784578655044,0.017500000000000005,0.0125,0.25,0.0
w_a1.15_b0.35_g0.55,forklift,0,0.306926788592511,0.04133333333333333,0.04133333333333333,0.25833333333333336,0.0
w_a1.15_b0.35_g0.55,forklift,1,0.3102641005436842,0.036000000000000004,0.036000000000000004,0.225,0.0
w_a1.15_b0.35_g0.55,forklift,2,0.3113965527925932,0.03866666666666666,0.03866666666666666,0.24166666666666667,0.0
w_a1.15_b0.35_g0.55,forklift,3,0.31207126701959165,0.036000000000000004,0.036000000000000004,0.225,0.0
w_a1.15_b0.35_g0.55,forklift,4,0.307127800326093,0.04133333333333333,0.04133333333333333,0.25833333333333336,0.0
w_a1.15_b0.35_g0.55,forklift,5,0.3023489493227918,0.04,0.04,0.25,0.0
w_a1.15_b0.35_g0.55,forklift,6,0.31388425095079886,0.037333333333333336,0.037333333333333336,0.23333333333333334,0.0
w_a1.15_b0.35_g0.55,forklift,7,0.3010743775476943,0.04266666666666667,0.04266666666666667,0.26666666666666666,0.0
w_a1.15_b0.35_g0.55,forklift,8,0.3051251698439523,0.044000000000000004,0.044000000000000004,0.275,0.0
w_a1.15_b0.35_g0.55,forklift,9,0.30655582295274536,0.04133333333333334,0.04133333333333334,0.25833333333333336,0.0
w_a1.15_b0.35_g0.55,forklift,10,0.3047260511995053,0.037333333333333336,0.037333333333333336,0.23333333333333334,0.0
w_a1.15_b0.35_g0.55,forklift,11,0.3049074167881323,0.03333333333333333,0.03333333333333333,0.20833333333333334,0.0
w_a1.15_b0.35_g0.55,forklift,12,0.3076225582544312,0.04133333333333334,0.04133333333333334,0.25833333333333336,0.0
w_a1.15_b0.35_g0.55,forklift,13,0.3087467807785131,0.04000000000000001,0.04000000000000001,0.25,0.0
w_a1.15_b0.35_g0.55,forklift,14,0.306520268515659,0.04133333333333334,0.04133333333333334,0.25833333333333336,0.0
w_a1.15_b0.35_g0.55,forklift,15,0.30938047073757496,0.03333333333333333,0.03333333333333333,0.20833333333333334,0.0
w_a1.15_b0.35_g0.55,forklift,16,0.3085039292278932,0.044000000000000004,0.044000000000000004,0.275,0.0
w_a1.15_b0.35_g0.55,forklift,17,0.30142241100847605,0.04533333333333333,0.04533333333333333,0.2833333333333333,0.0
w_a1.15_b0.35_g0.55,forklift,18,0.3023683662595664,0.04133333333333333,0.04133333333333333,0.25833333333333336,0.0
w_a1.15_b0.35_g0.55,forklift,19,0.3002579114564551,0.048,0.048,0.3,0.0
w_a1.15_b0.35_g0.55,forklift,20,0.30733998960297376,0.042666666666666665,0.042666666666666665,0.26666666666666666,0.0
w_a1.15_b0.35_g0.55,forklift,21,0.31103713911726366,0.04133333333333333,0.04133333333333333,0.25833333333333336,0.0
w_a1.15_b0.35_g0.55,forklift,22,0.31198194337072754,0.037333333333333336,0.037333333333333336,0.23333333333333334,0.0
w_a1.15_b0.35_g0.55,forklift,23,0.3083514582786048,0.04133333333333333,0.04133333333333333,0.25833333333333336,0.0
w_a1.15_b0.35_g0.55,forklift,24,0.30450144714902244,0.04133333333333334,0.04133333333333334,0.25833333333333336,0.0
w_a1.15_b0.35_g0.55,forklift,25,0.3058127640696658,0.04133333333333334,0.04133333333333334,0.25833333333333336,0.0
w_a1.15_b0.35_g0.55,forklift,26,0.3110824226982881,0.032,0.032,0.2,0.0
w_a1.15_b0.35_g0.55,forklift,27,0.3108144482212167,0.029333333333333336,0.029333333333333336,0.18333333333333332,0.0
w_a1.15_b0.35_g0.55,forklift,28,0.30902416110056663,0.037333333333333336,0.037333333333333336,0.23333333333333334,0.0
w_a1.15_b0.35_g0.55,forklift,29,0.3131978594822798,0.036000000000000004,0.036000000000000004,0.225,0.0
w_a1.15_b0.35_g0.55,forklift,30,0.3100032790796473,0.04,0.04,0.25,0.0
w_a1.15_b0.35_g0.55,forklift,31,0.3130527440680435,0.04133333333333333,0.04133333333333333,0.25833333333333336,0.0
w_a1.15_b0.35_g0.55,forklift,32,0.31218783491539787,0.04000000000000001,0.04000000000000001,0.25,0.0
w_a1.15_b0.35_g0.55,forklift,33,0.30664508860004047,0.04133333333333333,0.04133333333333333,0.25833333333333336,0.0
w_a1.15_b0.35_g0.55,forklift,34,0.3047831062426695,0.04133333333333334,0.04133333333333334,0.25833333333333336,0.0
w_a1.15_b0.35_g0.55,forklift,35,0.30971450661739935,0.042666666666666665,0.042666666666666665,0.26666666666666666,0.0
w_a1.15_b0.35_g0.55,forklift,36,0.3078717774037115,0.042666666666666665,0.042666666666666665,0.26666666666666666,0.0
w_a1.15_b0.35_g0.55,forklift,37,0.30130847958928686,0.043500000000000004,0.04416666666666667,0.275,0.0
w_a1.15_b0.35_g0.55,forklift,38,0.2986222998261923,0.04533333333333333,0.04533333333333333,0.2833333333333333,0.0
w_a1.15_b0.35_g0.55,forklift,39,0.3014455964671798,0.042666666666666665,0.042666666666666665,0.26666666666666666,0.0
w_a1.15_b0.35_g0.55,crane,0,0.3073587606886278,0.032,0.032,0.2,0.0
w_a1.15_b0.35_g0.55,crane,1,0.2949716074953868,0.04133333333333333,0.04133333333333333,0.25833333333333336,0.0
w_a1.15_b0.35_g0.55,crane,2,0.2985934395201942,0.042666666666666665,0.042666666666666665,0.26666666666666666,0.0
w_a1.15_b0.35_g0.55,crane,3,0.3070993724679666,0.032,0.032,0.2,0.0
w_a1.15_b0.35_g0.55,crane,4,0.30729830446539064,0.037333333333333336,0.037333333333333336,0.23333333333333334,0.0
w_a1.15_b0.35_g0.55,crane,5,0.29999312140369877,0.036000000000000004,0.036000000000000004,0.225,0.0
w_a1.15_b0.35_g0.55,crane,6,0.29757959753315644,0.04266666666666667,0.04266666666666667,0.26666666666666666,0.0
w_a1.15_b0.35_g0.55,crane,7,0.30664700610285667,0.03333333333333333,0.03333333333333333,0.20833333333333334,0.0
w_a1.15_b0.35_g0.55,crane,8,0.30304006871445,0.04266666666666666,0.04266666666666666,0.26666666666666666,0.0
w_a1.15_b0.35_g0.55,crane,9,0.29879066275570926,0.036000000000000004,0.036000000000000004,0.225,0.0
w_a1.15_b0.35_g0.55,crane,10,0.3043396827534399,0.034666666666666665,0.034666666666666665,0.21666666666666667,0.0
w_a1.15_b0.35_g0.55,crane,11,0.3035955742206026,0.04133333333333334,0.04133333333333334,0.25833333333333336,0.0
w_a1.15_b0.35_g0.55,crane,12,0.30025831734942265,0.03866666666666667,0.03866666666666667,0.24166666666666667,0.0
w_a1.15_b0.35_g0.55,crane,13,0.30294480198221835,0.03866666666666667,0.03866666666666667,0.24166666666666667,0.0
w_a1.15_b0.35_g0.55,crane,14,0.2931311094009164,0.04483333333333334,0.045500000000000006,0.2833333333333333,0.0
w_a1.15_b0.35_g0.55,crane,15,0.3030610435377026,0.034666666666666665,0.034666666666666665,0.21666666666666667,0.0
w_a1.15_b0.35_g0.55,crane,16,0.30811535609799967,0.03866666666666667,0.03866666666666667,0.24166666666666667,0.0
w_a1.15_b0.35_g0.55,crane,17,0.30485812796546463,0.03816666666666667,0.03883333333333334,0.24166666666666667,0.0
w_a1.15_b0.35_g0.55,crane,18,0.3016016223332379,0.037333333333333336,0.037333333333333336,0.23333333333333334,0.0
w_a1.15_b0.35_g0.55,crane,19,0.30442041253779534,0.04133333333333334,0.04133333333333334,0.25833333333333336,0.0
w_a1.15_b0.35_g0.55,crane,20,0.31248380683829485,0.036000000000000004,0.036000000000000004,0.225,0.0
w_a1.15_b0.35_g0.55,crane,21,0.30733701831745996,0.03333333333333333,0.03333333333333333,0.20833333333333334,0.0
w_a1.15_b0.35_g0.55,crane,22,0.29642368031086713,0.04533333333333333,0.04533333333333333,0.2833333333333333,0.0
w_a1.15_b0.35_g0.55,crane,23,0.3046484568962431,0.04,0.04,0.25,0.0
w_a1.15_b0.35_g0.55,crane,24,0.3006247942128327,0.04133333333333334,0.04133333333333334,0.25833333333333336,0.0
w_a1.15_b0.35_g0.55,crane,25,0.2969447431362168,0.044000000000000004,0.044000000000000004,0.275,0.0
w_a1.15_b0.35_g0.55,crane,26,0.2981078272441149,0.04133333333333333,0.04133333333333333,0.25833333333333336,0.0
w_a1.15_b0.35_g0.55,crane,27,0.2971063565411125,0.04000000000000001,0.04000000000000001,0.25,0.0
w_a1.15_b0.35_g0.55,crane,28,0.30150835635168083,0.03866666666666667,0.03866666666666667,0.24166666666666667,0.0
w_a1.15_b0.35_g0.55,crane,29,0.30093003482261615,0.04000000000000001,0.04000000000000001,0.25,0.0
w_a1.15_b0.35_g0.55,crane,30,0.30335519941825007,0.0395,0.04016666666666667,0.25,0.0
w_a1.15_b0.35_g0.55,crane,31,0.3031653382132976,0.04133333333333333,0.04133333333333333,0.25833333333333336,0.0
w_a1.15_b0.35_g0.55,crane,32,0.2980834873143576,0.04133333333333333,0.04133333333333333,0.25833333333333336,0.0
w_a1.15_b0.35_g0.55,crane,33,0.30249426146936215,0.04133333333333333,0.04133333333333333,0.25833333333333336,0.0
w_a1.15_b0.35_g0.55,crane,34,0.3049634276754793,0.037333333333333336,0.037333333333333336,0.23333333333333334,0.0
w_a1.15_b0.35_g0.55,crane,35,0.3017806190848015,0.03866666666666667,0.03866666666666667,0.24166666666666667,0.0
w_a1.15_b0.35_g0.55,crane,36,0.2996745141131842,0.03816666666666667,0.03883333333333334,0.24166666666666667,0.0
w_a1.15_b0.35_g0.55,crane,37,0.2911220669848164,0.04666666666666666,0.04666666666666666,0.2916666666666667,0.0
w_a1.15_b0.35_g0.55,crane,38,0.31085712273141675,0.037333333333333336,0.037333333333333336,0.23333333333333334,0.0
w_a1.15_b0.35_g0.55,crane,39,0.2838660405869077,0.048,0.048,0.3,0.0
w_a1.15_b0.35_g0.55,substation,0,0.3125485740930383,0.036000000000000004,0.036000000000000004,0.225,0.0
w_a1.15_b0.35_g0.55,substation,1,0.3098925266738386,0.032,0.032,0.2,0.0
w_a1.15_b0.35_g0.55,substation,2,0.303510318270348,0.03866666666666667,0.03866666666666667,0.24166666666666667,0.0
w_a1.15_b0.35_g0.55,substation,3,0.29919377324879703,0.04533333333333333,0.04533333333333333,0.2833333333333333,0.0
w_a1.15_b0.35_g0.55,substation,4,0.30807162211132455,0.03333333333333333,0.03333333333333333,0.20833333333333334,0.0
w_a1.15_b0.35_g0.55,substation,5,0.30286035644713016,0.042666666666666665,0.042666666666666665,0.26666666666666666,0.0
w_a1.15_b0.35_g0.55,substation,6,0.30750085381667314,0.034666666666666665,0.034666666666666665,0.21666666666666667,0.0
w_a1.15_b0.35_g0.55,substation,7,0.3032585722350321,0.03866666666666667,0.03866666666666667,0.24166666666666667,0.0
w_a1.15_b0.35_g0.55,substation,8,0.30539639708250144,0.04,0.04,0.25,0.0
w_a1.15_b0.35_g0.55,substation,9,0.30645731052531827,0.04133333333333334,0.04133333333333334,0.25833333333333336,0.0
w_a1.15_b0.35_g0.55,substation,10,0.30235054732897015,0.037333333333333336,0.037333333333333336,0.23333333333333334,0.0
w_a1.15_b0.35_g0.55,substation,11,0.29960511632877657,0.044000000000000004,0.044000000000000004,0.275,0.0
w_a1.15_b0.35_g0.55,substation,12,0.3067649564790417,0.04133333333333334,0.04133333333333334,0.25833333333333336,0.0
w_a1.15_b0.35_g0.55,substation,13,0.3103494145698285,0.04,0.04,0.25,0.0
w_a1.15_b0.35_g0.55,substation,14,0.305093955268726,0.036000000000000004,0.036000000000000004,0.225,0.0
w_a1.15_b0.35_g0.55,substation,15,0.3045561461655648,0.037333333333333336,0.037333333333333336,0.23333333333333334,0.0
w_a1.15_b0.35_g0.55,substation,16,0.30013678776081687,0.04133333333333333,0.04133333333333333,0.25833333333333336,0.0
w_a1.15_b0.35_g0.55,substation,17,0.30460196699419945,0.04133333333333334,0.04133333333333334,0.25833333333333336,0.0
w_a1.15_b0.35_g0.55,substation,18,0.30082745471818917,0.04666666666666666,0.04666666666666666,0.2916666666666667,0.0
w_a1.15_b0.35_g0.55,substation,19,0.3054665190959257,0.04133333333333333,0.04133333333333333,0.25833333333333336,0.0
w_a1.15_b0.35_g0.55,substation,20,0.3053511495960046,0.04,0.04,0.25,0.0
w_a1.15_b0.35_g0.55,substation,21,0.30282632048680885,0.044000000000000004,0.044000000000000004,0.275,0.0
w_a1.15_b0.35_g0.55,substation,22,0.30726000642916274,0.036000000000000004,0.036000000000000004,0.225,0.0
w_a1.15_b0.35_g0.55,substation,23,0.3046622214282758,0.04,0.04,0.25,0.0
w_a1.15_b0.35_g0.55,substation,24,0.2981301807128685,0.044000000000000004,0.044000000000000004,0.275,0.0
w_a1.15_b0.35_g0.55,substation,25,0.302538228254336,0.03866666666666667,0.03866666666666667,0.24166666666666667,0.0
w_a1.15_b0.35_g0.55,substation,26,0.3067399287217483,0.03866666666666667,0.03866666666666667,0.24166666666666667,0.0
w_a1.15_b0.35_g0.55,substation,27,0.31222789739098217,0.03866666666666666,0.03866666666666666,0.24166666666666667,0.0
w_a1.15_b0.35_g0.55,substation,28,0.29430428263700104,0.04533333333333333,0.04533333333333333,0.2833333333333333,0.0
w_a1.15_b0.35_g0.55,substation,29,0.3008287212654313,0.04,0.04,0.25,0.0
w_a1.15_b0.35_g0.55,substation,30,0.30927328585673375,0.04,0.04,0.25,0.0
w_a1.15_b0.35_g0.55,substation,31,0.3136241024399285,0.034666666666666665,0.034666666666666665,0.21666666666666667,0.0
w_a1.15_b0.35_g0.55,substation,32,0.30802935707799095,0.04133333333333334,0.04133333333333334,0.25833333333333336,0.0
w_a1.15_b0.35_g0.55,substation,33,0.305493054872705,0.04,0.04,0.25,0.0
w_a1.15_b0.35_g0.55,substation,34,0.30267228215784325,0.04133333333333333,0.04133333333333333,0.25833333333333336,0.0
w_a1.15_b0.35_g0.55,substation,35,0.3031250105126959,0.04000000000000001,0.04000000000000001,0.25,0.0
w_a1.15_b0.35_g0.55,substation,36,0.3058549913236058,0.044,0.044,0.275,0.0
w_a1.15_b0.35_g0.55,substation,37,0.30078560867173554,0.04266666666666667,0.04266666666666667,0.26666666666666666,0.0
w_a1.15_b0.35_g0.55,substation,38,0.3036889777259089,0.037333333333333336,0.037333333333333336,0.23333333333333334,0.0
w_a1.15_b0.35_g0.55,substation,39,0.3056513851692931,0.037333333333333336,0.037333333333333336,0.23333333333333334,0.0
w_a1.15_b0.35_g0.55,mining,0,0.2956854825867835,0.04133333333333333,0.04133333333333333,0.25833333333333336,0.0
w_a1.15_b0.35_g0.55,mining,1,0.2973582020689613,0.04,0.04,0.25,0.0
w_a1.15_b0.35_g0.55,mining,2,0.3030376816188822,0.03866666666666667,0.03866666666666667,0.24166666666666667,0.0
w_a1.15_b0.35_g0.55,mining,3,0.29693895184608526,0.03866666666666667,0.03866666666666667,0.24166666666666667,0.0
w_a1.15_b0.35_g0.55,mining,4,0.3043812836399319,0.034666666666666665,0.034666666666666665,0.21666666666666667,0.0
w_a1.15_b0.35_g0.55,mining,5,0.30273863425314324,0.04,0.04,0.25,0.0
w_a1.15_b0.35_g0.55,mining,6,0.2977277000827724,0.037333333333333336,0.037333333333333336,0.23333333333333334,0.0
w_a1.15_b0.35_g0.55,mining,7,0.2972107706848324,0.042666666666666665,0.042666666666666665,0.26666666666666666,0.0
w_a1.15_b0.35_g0.55,mining,8,0.2932453836122502,0.044,0.044,0.275,0.0
w_a1.15_b0.35_g0.55,mining,9,0.29467476506376916,0.04133333333333333,0.04133333333333333,0.25833333333333336,0.0
w_a1.15_b0.35_g0.55,mining,10,0.30027391359860417,0.036000000000000004,0.036000000000000004,0.225,0.0
w_a1.15_b0.35_g0.55,mining,11,0.2952258700773687,0.04533333333333333,0.04533333333333333,0.2833333333333333,0.0
w_a1.15_b0.35_g0.55,mining,12,0.29562723941834046,0.04533333333333333,0.04533333333333333,0.2833333333333333,0.0
w_a1.15_b0.35_g0.55,mining,13,0.30130662856328266,0.04000000000000001,0.04000000000000001,0.25,0.0
w_a1.15_b0.35_g0.55,mining,14,0.3015170192950849,0.037333333333333336,0.037333333333333336,0.23333333333333334,0.0
w_a1.15_b0.35_g0.55,mining,15,0.2966928795356882,0.04133333333333334,0.04133333333333334,0.25833333333333336,0.0
w_a1.15_b0.35_g0.55,mining,16,0.30833423152008027,0.034666666666666665,0.034666666666666665,0.21666666666666667,0.0
w_a1.15_b0.35_g0.55,mining,17,0.2998103026391717,0.04000000000000001,0.04000000000000001,0.25,0.0
w_a1.15_b0.35_g0.55,mining,18,0.2994054913771321,0.037333333333333336,0.037333333333333336,0.23333333333333334,0.0
w_a1.15_b0.35_g0.55,mining,19,0.2983867549316591,0.04133333333333334,0.04133333333333334,0.25833333333333336,0.0
w_a1.15_b0.35_g0.55,mining,20,0.3012465397777802,0.03866666666666667,0.03866666666666667,0.24166666666666667,0.0
w_a1.15_b0.35_g0.55,mining,21,0.3024653146089601,0.044000000000000004,0.044000000000000004,0.275,0.0
w_a1.15_b0.35_g0.55,mining,22,0.30365226762194236,0.036000000000000004,0.036000000000000004,0.225,0.0
w_a1.15_b0.35_g0.55,mining,23,0.2977269768132825,0.04000000000000001,0.04000000000000001,0.25,0.0
w_a1.15_b0.35_g0.55,mining,24,0.30350419626883585,0.036000000000000004,0.036000000000000004,0.225,0.0
w_a1.15_b0.35_g0.55,mining,25,0.29968176549324427,0.04133333333333334,0.04133333333333334,0.25833333333333336,0.0
w_a1.15_b0.35_g0.55,mining,26,0.292745762577375,0.036000000000000004,0.036000000000000004,0.225,0.0
w_a1.15_b0.35_g0.55,mining,27,0.29726588135674703,0.036833333333333336,0.0375,0.23333333333333334,0.0
w_a1.15_b0.35_g0.55,mining,28,0.2984157610499908,0.037333333333333336,0.037333333333333336,0.23333333333333334,0.0
w_a1.15_b0.35_g0.55,mining,29,0.29046771619862316,0.048,0.048,0.3,0.0
w_a1.15_b0.35_g0.55,mining,30,0.3021104271318009,0.042666666666666665,0.042666666666666665,0.26666666666666666,0.0
w_a1.15_b0.35_g0.55,mining,31,0.2870715666176855,0.04533333333333334,0.04533333333333334,0.2833333333333333,0.0
w_a1.15_b0.35_g0.55,mining,32,0.29708726452759404,0.04133333333333334,0.04133333333333334,0.25833333333333336,0.0
w_a1.15_b0.35_g0.55,mining,33,0.2913274432325823,0.044000000000000004,0.044000000000000004,0.275,0.0
w_a1.15_b0.35_g0.55,mining,34,0.28916928776057327,0.044,0.044,0.275,0.0
w_a1.15_b0.35_g0.55,mining,35,0.2960527797866341,0.03866666666666666,0.03866666666666666,0.24166666666666667,0.0
w_a1.15_b0.35_g0.55,mining,36,0.3010081136586132,0.03866666666666667,0.03866666666666667,0.24166666666666667,0.0
w_a1.15_b0.35_g0.55,mining,37,0.29358295852733873,0.04133333333333333,0.04133333333333333,0.25833333333333336,0.0
w_a1.15_b0.35_g0.55,mining,38,0.29054816516027415,0.04533333333333333,0.04533333333333333,0.2833333333333333,0.0
w_a1.15_b0.35_g0.55,mining,39,0.2971284346067513,0.034666666666666665,0.034666666666666665,0.21666666666666667,0.0
w_a1.15_b0.35_g0.55,oil_gas,0,0.2918813729814632,0.03866666666666666,0.03866666666666666,0.24166666666666667,0.0
w_a1.15_b0.35_g0.55,oil_gas,1,0.28957127380702663,0.04133333333333333,0.04133333333333333,0.25833333333333336,0.0
w_a1.15_b0.35_g0.55,oil_gas,2,0.2827702982990688,0.050666666666666665,0.050666666666666665,0.31666666666666665,0.0
w_a1.15_b0.35_g0.55,oil_gas,3,0.2950637256683324,0.04000000000000001,0.04000000000000001,0.25,0.0
w_a1.15_b0.35_g0.55,oil_gas,4,0.29578018629537667,0.04133333333333333,0.04133333333333333,0.25833333333333336,0.0
w_a1.15_b0.35_g0.55,oil_gas,5,0.2933914105665502,0.04133333333333334,0.04133333333333334,0.25833333333333336,0.0
w_a1.15_b0.35_g0.55,oil_gas,6,0.29576509171585913,0.03866666666666667,0.03866666666666667,0.24166666666666667,0.0
w_a1.15_b0.35_g0.55,oil_gas,7,0.30162786337012376,0.04,0.04,0.25,0.0
w_a1.15_b0.35_g0.55,oil_gas,8,0.2972588086536985,0.036000000000000004,0.036000000000000004,0.225,0.0
w_a1.15_b0.35_g0.55,oil_gas,9,0.29446967633587273,0.044000000000000004,0.044000000000000004,0.275,0.0
w_a1.15_b0.35_g0.55,oil_gas,10,0.2905358950300879,0.048,0.048,0.3,0.0
w_a1.15_b0.35_g0.55,oil_gas,11,0.30078935134232127,0.037333333333333336,0.037333333333333336,0.23333333333333334,0.0
w_a1.15_b0.35_g0.55,oil_gas,12,0.2969099571433521,0.037333333333333336,0.037333333333333336,0.23333333333333334,0.0
w_a1.15_b0.35_g0.55,oil_gas,13,0.2963216179065616,0.04133333333333333,0.04133333333333333,0.25833333333333336,0.0
w_a1.15_b0.35_g0.55,oil_gas,14,0.3003036968580963,0.037333333333333336,0.037333333333333336,0.23333333333333334,0.0
w_a1.15_b0.35_g0.55,oil_gas,15,0.30111571360411854,0.042666666666666665,0.042666666666666665,0.26666666666666666,0.0
w_a1.15_b0.35_g0.55,oil_gas,16,0.2935905020079929,0.04666666666666666,0.04666666666666666,0.2916666666666667,0.0
w_a1.15_b0.35_g0.55,oil_gas,17,0.29512194450242757,0.044,0.044,0.275,0.0
w_a1.15_b0.35_g0.55,oil_gas,18,0.2979593398174455,0.04133333333333333,0.04133333333333333,0.25833333333333336,0.0
w_a1.15_b0.35_g0.55,oil_gas,19,0.29055735839564273,0.04533333333333333,0.04533333333333333,0.2833333333333333,0.0
w_a1.15_b0.35_g0.55,oil_gas,20,0.290209533790555,0.04216666666666667,0.04283333333333334,0.26666666666666666,0.0
w_a1.15_b0.35_g0.55,oil_gas,21,0.3016672967288277,0.04133333333333333,0.04133333333333333,0.25833333333333336,0.0
w_a1.15_b0.35_g0.55,oil_gas,22,0.29248959428178295,0.04533333333333333,0.04533333333333333,0.2833333333333333,0.0
w_a1.15_b0.35_g0.55,oil_gas,23,0.28928634340811327,0.048,0.048,0.3,0.0
w_a1.15_b0.35_g0.55,oil_gas,24,0.2936118798259365,0.044,0.044,0.275,0.0
w_a1.15_b0.35_g0.55,oil_gas,25,0.2858969130756537,0.050666666666666665,0.050666666666666665,0.31666666666666665,0.0
w_a1.15_b0.35_g0.55,oil_gas,26,0.2934733427486268,0.044,0.044,0.275,0.0
w_a1.15_b0.35_g0.55,oil_gas,27,0.30053506528508717,0.04133333333333333,0.04133333333333333,0.25833333333333336,0.0
w_a1.15_b0.35_g0.55,oil_gas,28,0.28966643937200776,0.044000000000000004,0.044000000000000004,0.275,0.0
w_a1.15_b0.35_g0.55,oil_gas,29,0.29697715412886583,0.04000000000000001,0.04000000000000001,0.25,0.0
w_a1.15_b0.35_g0.55,oil_gas,30,0.30361716949930756,0.03866666666666667,0.03866666666666667,0.24166666666666667,0.0
w_a1.15_b0.35_g0.55,oil_gas,31,0.29847858639066777,0.03866666666666667,0.03866666666666667,0.24166666666666667,0.0
w_a1.15_b0.35_g0.55,oil_gas,32,0.2933277769764419,0.04133333333333333,0.04133333333333333,0.25833333333333336,0.0
w_a1.15_b0.35_g0.55,oil_gas,33,0.2946308437169316,0.048,0.048,0.3,0.0
w_a1.15_b0.35_g0.55,oil_gas,34,0.29303005682726296,0.03866666666666667,0.03866666666666667,0.24166666666666667,0.0
w_a1.15_b0.35_g0.55,oil_gas,35,0.30500300937826824,0.037333333333333336,0.037333333333333336,0.23333333333333334,0.0
w_a1.15_b0.35_g0.55,oil_gas,36,0.297340138970261,0.036000000000000004,0.036000000000000004,0.225,0.0
w_a1.15_b0.35_g0.55,oil_gas,37,0.2989749919931146,0.034666666666666665,0.034666666666666665,0.21666666666666667,0.0
w_a1.15_b0.35_g0.55,oil_gas,38,0.298766195291344,0.04133333333333333,0.04133333333333333,0.25833333333333336,0.0
w_a1.15_b0.35_g0.55,oil_gas,39,0.2966181511307442,0.04133333333333334,0.04133333333333334,0.25833333333333336,0.0
w_a1.15_b0.35_g0.55,factory,0,0.3123660537334387,0.03333333333333333,0.03333333333333333,0.20833333333333334,0.0
w_a1.15_b0.35_g0.55,factory,1,0.3171484694885091,0.034666666666666665,0.034666666666666665,0.21666666666666667,0.0
w_a1.15_b0.35_g0.55,factory,2,0.3080440001630256,0.03866666666666667,0.03866666666666667,0.24166666666666667,0.0
w_a1.15_b0.35_g0.55,factory,3,0.3194154637891697,0.04000000000000001,0.04000000000000001,0.25,0.0
w_a1.15_b0.35_g0.55,factory,4,0.3147844542365237,0.034666666666666665,0.034666666666666665,0.21666666666666667,0.0
w_a1.15_b0.35_g0.55,factory,5,0.3116962857491276,0.04000000000000001,0.04000000000000001,0.25,0.0
w_a1.15_b0.35_g0.55,factory,6,0.31181596085871394,0.044000000000000004,0.044000000000000004,0.275,0.0
w_a1.15_b0.35_g0.55,factory,7,0.3203951597599997,0.034666666666666665,0.034666666666666665,0.21666666666666667,0.0
w_a1.15_b0.35_g0.55,factory,8,0.3150732561478925,0.037333333333333336,0.037333333333333336,0.23333333333333334,0.0
w_a1.15_b0.35_g0.55,factory,9,0.3163310762248843,0.037333333333333336,0.037333333333333336,0.23333333333333334,0.0
w_a1.15_b0.35_g0.55,factory,10,0.31790228620844635,0.037333333333333336,0.037333333333333336,0.23333333333333334,0.0
w_a1.15_b0.35_g0.55,factory,11,0.3073494365646771,0.04666666666666666,0.04666666666666666,0.2916666666666667,0.0
w_a1.15_b0.35_g0.55,factory,12,0.31925582661604607,0.037333333333333336,0.037333333333333336,0.23333333333333334,0.0
w_a1.15_b0.35_g0.55,factory,13,0.31636976964916225,0.03866666666666667,0.03866666666666667,0.24166666666666667,0.0
w_a1.15_b0.35_g0.55,factory,14,0.30670072906024437,0.04133333333333333,0.04133333333333333,0.25833333333333336,0.0
w_a1.15_b0.35_g0.55,factory,15,0.3195513414924253,0.036000000000000004,0.036000000000000004,0.225,0.0
w_a1.15_b0.35_g0.55,factory,16,0.31721574160992805,0.04,0.04,0.25,0.0
w_a1.15_b0.35_g0.55,factory,17,0.31398720342816294,0.036000000000000004,0.036000000000000004,0.225,0.0
w_a1.15_b0.35_g0.55,factory,18,0.32173003129090993,0.036000000000000004,0.036000000000000004,0.225,0.0
w_a1.15_b0.35_g0.55,factory,19,0.31553486184303536,0.037333333333333336,0.037333333333333336,0.23333333333333334,0.0
w_a1.15_b0.35_g0.55,factory,20,0.32124485220587995,0.036000000000000004,0.036000000000000004,0.225,0.0
w_a1.15_b0.35_g0.55,factory,21,0.3157123731522874,0.036000000000000004,0.036000000000000004,0.225,0.0
w_a1.15_b0.35_g0.55,factory,22,0.3089341106726593,0.04533333333333334,0.04533333333333334,0.2833333333333333,0.0
w_a1.15_b0.35_g0.55,factory,23,0.31229756760948046,0.04133333333333333,0.04133333333333333,0.25833333333333336,0.0
w_a1.15_b0.35_g0.55,factory,24,0.3142958224392497,0.037333333333333336,0.037333333333333336,0.23333333333333334,0.0
w_a1.15_b0.35_g0.55,factory,25,0.31305769031278546,0.037333333333333336,0.037333333333333336,0.23333333333333334,0.0
w_a1.15_b0.35_g0.55,factory,26,0.31491954683240536,0.04133333333333334,0.04133333333333334,0.25833333333333336,0.0
w_a1.15_b0.35_g0.55,factory,27,0.3074908700739987,0.04666666666666666,0.04666666666666666,0.2916666666666667,0.0
w_a1.15_b0.35_g0.55,factory,28,0.319290036124645,0.04000000000000001,0.04000000000000001,0.25,0.0
w_a1.15_b0.35_g0.55,factory,29,0.3074910368394575,0.044,0.044,0.275,0.0
w_a1.15_b0.35_g0.55,factory,30,0.31236767934209697,0.03866666666666667,0.03866666666666667,0.24166666666666667,0.0
w_a1.15_b0.35_g0.55,factory,31,0.3190597239901204,0.037333333333333336,0.037333333333333336,0.23333333333333334,0.0
w_a1.15_b0.35_g0.55,factory,32,0.30968111023524875,0.04000000000000001,0.04000000000000001,0.25,0.0
w_a1.15_b0.35_g0.55,factory,33,0.32182728477456723,0.032,0.032,0.2,0.0
w_a1.15_b0.35_g0.55,factory,34,0.3079693336913371,0.03866666666666666,0.03866666666666666,0.24166666666666667,0.0
w_a1.15_b0.35_g0.55,factory,35,0.31557834646933786,0.04000000000000001,0.04000000000000001,0.25,0.0
w_a1.15_b0.35_g0.55,factory,36,0.3128298652707882,0.036000000000000004,0.036000000000000004,0.225,0.0
w_a1.15_b0.35_g0.55,factory,37,0.3167259854096855,0.03066666666666667,0.03066666666666667,0.19166666666666668,0.0
w_a1.15_b0.35_g0.55,factory,38,0.3255794945040563,0.029333333333333333,0.029333333333333333,0.18333333333333332,0.0
w_a1.15_b0.35_g0.55,factory,39,0.31282845786550434,0.04000000000000001,0.04000000000000001,0.25,0.0
w_a1.15_b0.35_g1.1,forklift,0,0.306926788592511,0.04133333333333333,0.04133333333333333,0.25833333333333336,0.0
w_a1.15_b0.35_g1.1,forklift,1,0.3102641005436842,0.036000000000000004,0.036000000000000004,0.225,0.0
w_a1.15_b0.35_g1.1,forklift,2,0.3113965527925932,0.03866666666666666,0.03866666666666666,0.24166666666666667,0.0
w_a1.15_b0.35_g1.1,forklift,3,0.31207126701959165,0.036000000000000004,0.036000000000000004,0.225,0.0
w_a1.15_b0.35_g1.1,forklift,4,0.307127800326093,0.04133333333333333,0.04133333333333333,0.25833333333333336,0.0
w_a1.15_b0.35_g1.1,forklift,5,0.3023489493227918,0.04,0.04,0.25,0.0
w_a1.15_b0.35_g1.1,forklift,6,0.31388425095079886,0.037333333333333336,0.037333333333333336,0.23333333333333334,0.0
w_a1.15_b0.35_g1.1,forklift,7,0.3010743775476943,0.04266666666666667,0.04266666666666667,0.26666666666666666,0.0
w_a1.15_b0.35_g1.1,forklift,8,0.3051251698439523,0.044000000000000004,0.044000000000000004,0.275,0.0
w_a1.15_b0.35_g1.1,forklift,9,0.30655582295274536,0.04133333333333334,0.04133333333333334,0.25833333333333336,0.0
w_a1.15_b0.35_g1.1,forklift,10,0.3047260511995053,0.037333333333333336,0.037333333333333336,0.23333333333333334,0.0
w_a1.15_b0.35_g1.1,forklift,11,0.3049074167881323,0.03333333333333333,0.03333333333333333,0.20833333333333334,0.0
w_a1.15_b0.35_g1.1,forklift,12,0.3076225582544312,0.04133333333333334,0.04133333333333334,0.25833333333333336,0.0
w_a1.15_b0.35_g1.1,forklift,13,0.3087467807785131,0.04000000000000001,0.04000000000000001,0.25,0.0
w_a1.15_b0.35_g1.1,forklift,14,0.306520268515659,0.04133333333333334,0.04133333333333334,0.25833333333333336,0.0
w_a1.15_b0.35_g1.1,forklift,15,0.30938047073757496,0.03333333333333333,0.03333333333333333,0.20833333333333334,0.0
w_a1.15_b0.35_g1.1,forklift,16,0.3085039292278932,0.044000000000000004,0.044000000000000004,0.275,0.0
w_a1.15_b0.35_g1.1,forklift,17,0.30142241100847605,0.04533333333333333,0.04533333333333333,0.2833333333333333,0.0
w_a1.15_b0.35_g1.1,forklift,18,0.3023683662595664,0.04133333333333333,0.04133333333333333,0.25833333333333336,0.0
w_a1.15_b0.35_g1.1,forklift,19,0.3002579114564551,0.048,0.048,0.3,0.0
w_a1.15_b0.35_g1.1,forklift,20,0.30733998960297376,0.042666666666666665,0.042666666666666665,0.26666666666666666,0.0
w_a1.15_b0.35_g1.1,forklift,21,0.31103713911726366,0.04133333333333333,0.04133333333333333,0.25833333333333336,0.0
w_a1.15_b0.35_g1.1,forklift,22,0.31198194337072754,0.037333333333333336,0.037333333333333336,0.23333333333333334,0.0
w_a1.15_b0.35_g1.1,forklift,23,0.3083514582786048,0.04133333333333333,0.04133333333333333,0.25833333333333336,0.0
w_a1.15_b0.35_g1.1,forklift,24,0.30450144714902244,0.04133333333333334,0.04133333333333334,0.25833333333333336,0.0
w_a1.15_b0.35_g1.1,forklift,25,0.3058127640696658,0.04133333333333334,0.04133333333333334,0.25833333333333336,0.0
w_a1.15_b0.35_g1.1,forklift,26,0.3110824226982881,0.032,0.032,0.2,0.0
w_a1.15_b0.35_g1.1,forklift,27,0.3108144482212167,0.029333333333333336,0.029333333333333336,0.18333333333333332,0.0
w_a1.15_b0.35_g1.1,forklift,28,0.30902416110056663,0.037333333333333336,0.037333333333333336,0.23333333333333334,0.0
w_a1.15_b0.35_g1.1,forklift,29,0.3131978594822798,0.036000000000000004,0.036000000000000004,0.225,0.0
w_a1.15_b0.35_g1.1,forklift,30,0.3100032790796473,0.04,0.04,0.25,0.0
w_a1.15_b0.35_g1.1,forklift,31,0.3130527440680435,0.04133333333333333,0.04133333333333333,0.25833333333333336,0.0
w_a1.15_b0.35_g1.1,forklift,32,0.31218783491539787,0.04000000000000001,0.04000000000000001,0.25,0.0
w_a1.15_b0.35_g1.1,forklift,33,0.30664508860004047,0.04133333333333333,0.04133333333333333,0.25833333333333336,0.0
w_a1.15_b0.35_g1.1,forklift,34,0.3047831062426695,0.04133333333333334,0.04133333333333334,0.25833333333333336,0.0
w_a1.15_b0.35_g1.1,forklift,35,0.30971450661739935,0.042666666666666665,0.042666666666666665,0.26666666666666666,0.0
w_a1.15_b0.35_g1.1,forklift,36,0.3078717774037115,0.042666666666666665,0.042666666666666665,0.26666666666666666,0.0
w_a1.15_b0.35_g1.1,forklift,37,0.30172514625595354,0.04325,0.043083333333333335,0.275,0.0
w_a1.15_b0.35_g1.1,forklift,38,0.2986222998261923,0.04533333333333333,0.04533333333333333,0.2833333333333333,0.0
w_a1.15_b0.35_g1.1,forklift,39,0.3014455964671798,0.042666666666666665,0.042666666666666665,0.26666666666666666,0.0
w_a1.15_b0.35_g1.1,crane,0,0.3073587606886278,0.032,0.032,0.2,0.0
w_a1.15_b0.35_g1.1,crane,1,0.2949716074953868,0.04133333333333333,0.04133333333333333,0.25833333333333336,0.0
w_a1.15_b0.35_g1.1,crane,2,0.2985934395201942,0.042666666666666665,0.042666666666666665,0.26666666666666666,0.0
w_a1.15_b0.35_g1.1,crane,3,0.3070993724679666,0.032,0.032,0.2,0.0
w_a1.15_b0.35_g1.1,crane,4,0.30729830446539064,0.037333333333333336,0.037333333333333336,0.23333333333333334,0.0
w_a1.15_b0.35_g1.1,crane,5,0.29999312140369877,0.036000000000000004,0.036000000000000004,0.225,0.0
w_a1.15_b0.35_g1.1,crane,6,0.29757959753315644,0.04266666666666667,0.04266666666666667,0.26666666666666666,0.0
w_a1.15_b0.35_g1.1,crane,7,0.30664700610285667,0.03333333333333333,0.03333333333333333,0.20833333333333334,0.0
w_a1.15_b0.35_g1.1,crane,8,0.30304006871445,0.04266666666666666,0.04266666666666666,0.26666666666666666,0.0
w_a1.15_b0.35_g1.1,crane,9,0.29879066275570926,0.036000000000000004,0.036000000000000004,0.225,0.0
w_a1.15_b0.35_g1.1,crane,10,0.3043396827534399,0.034666666666666665,0.034666666666666665,0.21666666666666667,0.0
w_a1.15_b0.35_g1.1,crane,11,0.3035955742206026,0.04133333333333334,0.04133333333333334,0.25833333333333336,0.0
w_a1.15_b0.35_g1.1,crane,12,0.30025831734942265,0.03866666666666667,0.03866666666666667,0.24166666666666667,0.0
w_a1.15_b0.35_g1.1,crane,13,0.30294480198221835,0.03866666666666667,0.03866666666666667,0.24166666666666667,0.0
w_a1.15_b0.35_g1.1,crane,14,0.2935477760675831,0.044583333333333336,0.04441666666666667,0.2833333333333333,0.0
w_a1.15_b0.35_g1.1,crane,15,0.3030610435377026,0.034666666666666665,0.034666666666666665,0.21666666666666667,0.0
w_a1.15_b0.35_g1.1,crane,16,0.30811535609799967,0.03866666666666667,0.03866666666666667,0.24166666666666667,0.0
w_a1.15_b0.35_g1.1,crane,17,0.30530774747074785,0.03791666666666667,0.03775,0.24166666666666667,0.0
w_a1.15_b0.35_g1.1,crane,18,0.3016016223332379,0.037333333333333336,0.037333333333333336,0.23333333333333334,0.0
w_a1.15_b0.35_g1.1,crane,19,0.30442041253779534,0.04133333333333334,0.04133333333333334,0.25833333333333336,0.0
w_a1.15_b0.35_g1.1,crane,20,0.31248380683829485,0.036000000000000004,0.036000000000000004,0.225,0.0
w_a1.15_b0.35_g1.1,crane,21,0.30733701831745996,0.03333333333333333,0.03333333333333333,0.20833333333333334,0.0
w_a1.15_b0.35_g1.1,crane,22,0.29642368031086713,0.04533333333333333,0.04533333333333333,0.2833333333333333,0.0
w_a1.15_b0.35_g1.1,crane,23,0.3046484568962431,0.04,0.04,0.25,0.0
w_a1.15_b0.35_g1.1,crane,24,0.3006247942128327,0.04133333333333334,0.04133333333333334,0.25833333333333336,0.0
w_a1.15_b0.35_g1.1,crane,25,0.2969447431362168,0.044000000000000004,0.044000000000000004,0.275,0.0
w_a1.15_b0.35_g1.1,crane,26,0.2981078272441149,0.04133333333333333,0.04133333333333333,0.25833333333333336,0.0
w_a1.15_b0.35_g1.1,crane,27,0.2971063565411125,0.04000000000000001,0.04000000000000001,0.25,0.0
w_a1.15_b0.35_g1.1,crane,28,0.30150835635168083,0.03866666666666667,0.03866666666666667,0.24166666666666667,0.0
w_a1.15_b0.35_g1.1,crane,29,0.30093003482261615,0.04000000000000001,0.04000000000000001,0.25,0.0
w_a1.15_b0.35_g1.1,crane,30,0.3037718660849168,0.03925000000000001,0.03908333333333334,0.25,0.0
w_a1.15_b0.35_g1.1,crane,31,0.3031653382132976,0.04133333333333333,0.04133333333333333,0.25833333333333336,0.0
w_a1.15_b0.35_g1.1,crane,32,0.2980834873143576,0.04133333333333333,0.04133333333333333,0.25833333333333336,0.0
w_a1.15_b0.35_g1.1,crane,33,0.30249426146936215,0.04133333333333333,0.04133333333333333,0.25833333333333336,0.0
w_a1.15_b0.35_g1.1,crane,34,0.3049634276754793,0.037333333333333336,0.037333333333333336,0.23333333333333334,0.0
w_a1.15_b0.35_g1.1,crane,35,0.3017806190848015,0.03866666666666667,0.03866666666666667,0.24166666666666667,0.0
w_a1.15_b0.35_g1.1,crane,36,0.3000911807798508,0.03791666666666667,0.03775,0.24166666666666667,0.0
w_a1.15_b0.35_g1.1,crane,37,0.2911220669848164,0.04666666666666666,0.04666666666666666,0.2916666666666667,0.0
w_a1.15_b0.35_g1.1,crane,38,0.31085712273141675,0.037333333333333336,0.037333333333333336,0.23333333333333334,0.0
w_a1.15_b0.35_g1.1,crane,39,0.2838660405869077,0.048,0.048,0.3,0.0
w_a1.15_b0.35_g1.1,substation,0,0.3125485740930383,0.036000000000000004,0.036000000000000004,0.225,0.0
w_a1.15_b0.35_g1.1,substation,1,0.3098925266738386,0.032,0.032,0.2,0.0
w_a1.15_b0.35_g1.1,substation,2,0.303510318270348,0.03866666666666667,0.03866666666666667,0.24166666666666667,0.0
w_a1.15_b0.35_g1.1,substation,3,0.29919377324879703,0.04533333333333333,0.04533333333333333,0.2833333333333333,0.0
w_a1.15_b0.35_g1.1,substation,4,0.30807162211132455,0.03333333333333333,0.03333333333333333,0.20833333333333334,0.0
w_a1.15_b0.35_g1.1,substation,5,0.30286035644713016,0.042666666666666665,0.042666666666666665,0.26666666666666666,0.0
w_a1.15_b0.35_g1.1,substation,6,0.30750085381667314,0.034666666666666665,0.034666666666666665,0.21666666666666667,0.0
w_a1.15_b0.35_g1.1,substation,7,0.3032585722350321,0.03866666666666667,0.03866666666666667,0.24166666666666667,0.0
w_a1.15_b0.35_g1.1,substation,8,0.30539639708250144,0.04,0.04,0.25,0.0
w_a1.15_b0.35_g1.1,substation,9,0.30645731052531827,0.04133333333333334,0.04133333333333334,0.25833333333333336,0.0
w_a1.15_b0.35_g1.1,substation,10,0.30235054732897015,0.037333333333333336,0.037333333333333336,0.23333333333333334,0.0
w_a1.15_b0.35_g1.1,substation,11,0.29960511632877657,0.044000000000000004,0.044000000000000004,0.275,0.0
w_a1.15_b0.35_g1.1,substation,12,0.3067649564790417,0.04133333333333334,0.04133333333333334,0.25833333333333336,0.0
w_a1.15_b0.35_g1.1,substation,13,0.3103494145698285,0.04,0.04,0.25,0.0
w_a1.15_b0.35_g1.1,substation,14,0.305093955268726,0.036000000000000004,0.036000000000000004,0.225,0.0
w_a1.15_b0.35_g1.1,substation,15,0.3045561461655648,0.037333333333333336,0.037333333333333336,0.23333333333333334,0.0
w_a1.15_b0.35_g1.1,substation,16,0.30013678776081687,0.04133333333333333,0.04133333333333333,0.25833333333333336,0.0
w_a1.15_b0.35_g1.1,substation,17,0.30460196699419945,0.04133333333333334,0.04133333333333334,0.25833333333333336,0.0
w_a1.15_b0.35_g1.1,substation,18,0.30082745471818917,0.04666666666666666,0.04666666666666666,0.2916666666666667,0.0
w_a1.15_b0.35_g1.1,substation,19,0.3054665190959257,0.04133333333333333,0.04133333333333333,0.25833333333333336,0.0
w_a1.15_b0.35_g1.1,substation,20,0.3053511495960046,0.04,0.04,0.25,0.0
w_a1.15_b0.35_g1.1,substation,21,0.30282632048680885,0.044000000000000004,0.044000000000000004,0.275,0.0
w_a1.15_b0.35_g1.1,substation,22,0.30781028802611005,0.035250000000000004,0.035083333333333334,0.225,0.0
w_a1.15_b0.35_g1.1,substation,23,0.3046622214282758,0.04,0.04,0.25,0.0
w_a1.15_b0.35_g1.1,substation,24,0.2981301807128685,0.044000000000000004,0.044000000000000004,0.275,0.0
w_a1.15_b0.35_g1.1,substation,25,0.302538228254336,0.03866666666666667,0.03866666666666667,0.24166666666666667,0.0
w_a1.15_b0.35_g1.1,substation,26,0.3067399287217483,0.03866666666666667,0.03866666666666667,0.24166666666666667,0.0
w_a1.15_b0.35_g1.1,substation,27,0.31222789739098217,0.03866666666666666,0.03866666666666666,0.24166666666666667,0.0
w_a1.15_b0.35_g1.1,substation,28,0.29430428263700104,0.04533333333333333,0.04533333333333333,0.2833333333333333,0.0
w_a1.15_b0.35_g1.1,substation,29,0.3008287212654313,0.04,0.04,0.25,0.0
w_a1.15_b0.35_g1.1,substation,30,0.30927328585673375,0.04,0.04,0.25,0.0
w_a1.15_b0.35_g1.1,substation,31,0.3136241024399285,0.034666666666666665,0.034666666666666665,0.21666666666666667,0.0
w_a1.15_b0.35_g1.1,substation,32,0.30802935707799095,0.04133333333333334,0.04133333333333334,0.25833333333333336,0.0
w_a1.15_b0.35_g1.1,substation,33,0.305493054872705,0.04,0.04,0.25,0.0
w_a1.15_b0.35_g1.1,substation,34,0.30267228215784325,0.04133333333333333,0.04133333333333333,0.25833333333333336,0.0
w_a1.15_b0.35_g1.1,substation,35,0.3031250105126959,0.04000000000000001,0.04000000000000001,0.25,0.0
w_a1.15_b0.35_g1.1,substation,36,0.3058549913236058,0.044,0.044,0.275,0.0
w_a1.15_b0.35_g1.1,substation,37,0.30078560867173554,0.04266666666666667,0.04266666666666667,0.26666666666666666,0.0
w_a1.15_b0.35_g1.1,substation,38,0.3036889777259089,0.037333333333333336,0.037333333333333336,0.23333333333333334,0.0
w_a1.15_b0.35_g1.1,substation,39,0.3056513851692931,0.037333333333333336,0.037333333333333336,0.23333333333333334,0.0
w_a1.15_b0.35_g1.1,mining,0,0.2956854825867835,0.04133333333333333,0.04133333333333333,0.25833333333333336,0.0
w_a1.15_b0.35_g1.1,mining,1,0.2973582020689613,0.04,0.04,0.25,0.0
w_a1.15_b0.35_g1.1,mining,2,0.3030376816188822,0.03866666666666667,0.03866666666666667,0.24166666666666667,0.0
w_a1.15_b0.35_g1.1,mining,3,0.29693895184608526,0.03866666666666667,0.03866666666666667,0.24166666666666667,0.0
w_a1.15_b0.35_g1.1,mining,4,0.3043812836399319,0.034666666666666665,0.034666666666666665,0.21666666666666667,0.0
w_a1.15_b0.35_g1.1,mining,5,0.30273863425314324,0.04,0.04,0.25,0.0
w_a1.15_b0.35_g1.1,mining,6,0.2977277000827724,0.037333333333333336,0.037333333333333336,0.23333333333333334,0.0
w_a1.15_b0.35_g1.1,mining,7,0.2972107706848324,0.042666666666666665,0.042666666666666665,0.26666666666666666,0.0
w_a1.15_b0.35_g1.1,mining,8,0.2932453836122502,0.044,0.044,0.275,0.0
w_a1.15_b0.35_g1.1,mining,9,0.29467476506376916,0.04133333333333333,0.04133333333333333,0.25833333333333336,0.0
w_a1.15_b0.35_g1.1,mining,10,0.30027391359860417,0.036000000000000004,0.036000000000000004,0.225,0.0
w_a1.15_b0.35_g1.1,mining,11,0.2952258700773687,0.04533333333333333,0.04533333333333333,0.2833333333333333,0.0
w_a1.15_b0.35_g1.1,mining,12,0.29562723941834046,0.04533333333333333,0.04533333333333333,0.2833333333333333,0.0
w_a1.15_b0.35_g1.1,mining,13,0.30130662856328266,0.04000000000000001,0.04000000000000001,0.25,0.0
w_a1.15_b0.35_g1.1,mining,14,0.3015170192950849,0.037333333333333336,0.037333333333333336,0.23333333333333334,0.0
w_a1.15_b0.35_g1.1,mining,15,0.2966928795356882,0.04133333333333334,0.04133333333333334,0.25833333333333336,0.0
w_a1.15_b0.35_g1.1,mining,16,0.30833423152008027,0.034666666666666665,0.034666666666666665,0.21666666666666667,0.0
w_a1.15_b0.35_g1.1,mining,17,0.2998103026391717,0.04000000000000001,0.04000000000000001,0.25,0.0
w_a1.15_b0.35_g1.1,mining,18,0.2994054913771321,0.037333333333333336,0.037333333333333336,0.23333333333333334,0.0
w_a1.15_b0.35_g1.1,mining,19,0.2983867549316591,0.04133333333333334,0.04133333333333334,0.25833333333333336,0.0
w_a1.15_b0.35_g1.1,mining,20,0.3012465397777802,0.03866666666666667,0.03866666666666667,0.24166666666666667,0.0
w_a1.15_b0.35_g1.1,mining,21,0.3024653146089601,0.044000000000000004,0.044000000000000004,0.275,0.0
w_a1.15_b0.35_g1.1,mining,22,0.30365226762194236,0.036000000000000004,0.036000000000000004,0.225,0.0
w_a1.15_b0.35_g1.1,mining,23,0.2977269768132825,0.04000000000000001,0.04000000000000001,0.25,0.0
w_a1.15_b0.35_g1.1,mining,24,0.30350419626883585,0.036000000000000004,0.036000000000000004,0.225,0.0
w_a1.15_b0.35_g1.1,mining,25,0.29968176549324427,0.04133333333333334,0.04133333333333334,0.25833333333333336,0.0
w_a1.15_b0.35_g1.1,mining,26,0.2932852846650407,0.035250000000000004,0.035083333333333334,0.225,0.0
w_a1.15_b0.35_g1.1,mining,27,0.2977903410801381,0.03658333333333333,0.03641666666666667,0.23333333333333334,0.0
w_a1.15_b0.35_g1.1,mining,28,0.2984157610499908,0.037333333333333336,0.037333333333333336,0.23333333333333334,0.0
w_a1.15_b0.35_g1.1,mining,29,0.29046771619862316,0.048,0.048,0.3,0.0
w_a1.15_b0.35_g1.1,mining,30,0.3021104271318009,0.042666666666666665,0.042666666666666665,0.26666666666666666,0.0
w_a1.15_b0.35_g1.1,mining,31,0.2870715666176855,0.04533333333333334,0.04533333333333334,0.2833333333333333,0.0
w_a1.15_b0.35_g1.1,mining,32,0.29708726452759404,0.04133333333333334,0.04133333333333334,0.25833333333333336,0.0
w_a1.15_b0.35_g1.1,mining,33,0.29191190361690905,0.043250000000000004,0.043083333333333335,0.275,0.0
w_a1.15_b0.35_g1.1,mining,34,0.28916928776057327,0.044,0.044,0.275,0.0
w_a1.15_b0.35_g1.1,mining,35,0.2960527797866341,0.03866666666666666,0.03866666666666666,0.24166666666666667,0.0
w_a1.15_b0.35_g1.1,mining,36,0.3010081136586132,0.03866666666666667,0.03866666666666667,0.24166666666666667,0.0
w_a1.15_b0.35_g1.1,mining,37,0.29358295852733873,0.04133333333333333,0.04133333333333333,0.25833333333333336,0.0
w_a1.15_b0.35_g1.1,mining,38,0.29054816516027415,0.04533333333333333,0.04533333333333333,0.2833333333333333,0.0
w_a1.15_b0.35_g1.1,mining,39,0.2971284346067513,0.034666666666666665,0.034666666666666665,0.21666666666666667,0.0
w_a1.15_b0.35_g1.1,oil_gas,0,0.2918813729814632,0.03866666666666666,0.03866666666666666,0.24166666666666667,0.0
w_a1.15_b0.35_g1.1,oil_gas,1,0.28957127380702663,0.04133333333333333,0.04133333333333333,0.25833333333333336,0.0
w_a1.15_b0.35_g1.1,oil_gas,2,0.2827702982990688,0.050666666666666665,0.050666666666666665,0.31666666666666665,0.0
w_a1.15_b0.35_g1.1,oil_gas,3,0.2950637256683324,0.04000000000000001,0.04000000000000001,0.25,0.0
w_a1.15_b0.35_g1.1,oil_gas,4,0.29578018629537667,0.04133333333333333,0.04133333333333333,0.25833333333333336,0.0
w_a1.15_b0.35_g1.1,oil_gas,5,0.2933914105665502,0.04133333333333334,0.04133333333333334,0.25833333333333336,0.0
w_a1.15_b0.35_g1.1,oil_gas,6,0.29576509171585913,0.03866666666666667,0.03866666666666667,0.24166666666666667,0.0
w_a1.15_b0.35_g1.1,oil_gas,7,0.30162786337012376,0.04,0.04,0.25,0.0
w_a1.15_b0.35_g1.1,oil_gas,8,0.2972588086536985,0.036000000000000004,0.036000000000000004,0.225,0.0
w_a1.15_b0.35_g1.1,oil_gas,9,0.29446967633587273,0.044000000000000004,0.044000000000000004,0.275,0.0
w_a1.15_b0.35_g1.1,oil_gas,10,0.2905358950300879,0.048,0.048,0.3,0.0
w_a1.15_b0.35_g1.1,oil_gas,11,0.30078935134232127,0.037333333333333336,0.037333333333333336,0.23333333333333334,0.0
w_a1.15_b0.35_g1.1,oil_gas,12,0.2969099571433521,0.037333333333333336,0.037333333333333336,0.23333333333333334,0.0
w_a1.15_b0.35_g1.1,oil_gas,13,0.2963216179065616,0.04133333333333333,0.04133333333333333,0.25833333333333336,0.0
w_a1.15_b0.35_g1.1,oil_gas,14,0.3003036968580963,0.037333333333333336,0.037333333333333336,0.23333333333333334,0.0
w_a1.15_b0.35_g1.1,oil_gas,15,0.30111571360411854,0.042666666666666665,0.042666666666666665,0.26666666666666666,0.0
w_a1.15_b0.35_g1.1,oil_gas,16,0.2935905020079929,0.04666666666666666,0.04666666666666666,0.2916666666666667,0.0
w_a1.15_b0.35_g1.1,oil_gas,17,0.29512194450242757,0.044,0.044,0.275,0.0
w_a1.15_b0.35_g1.1,oil_gas,18,0.2979593398174455,0.04133333333333333,0.04133333333333333,0.25833333333333336,0.0
w_a1.15_b0.35_g1.1,oil_gas,19,0.29055735839564273,0.04533333333333333,0.04533333333333333,0.2833333333333333,0.0
w_a1.15_b0.35_g1.1,oil_gas,20,0.29062620045722165,0.04191666666666667,0.041749999999999995,0.26666666666666666,0.0
w_a1.15_b0.35_g1.1,oil_gas,21,0.3016672967288277,0.04133333333333333,0.04133333333333333,0.25833333333333336,0.0
w_a1.15_b0.35_g1.1,oil_gas,22,0.29248959428178295,0.04533333333333333,0.04533333333333333,0.2833333333333333,0.0
w_a1.15_b0.35_g1.1,oil_gas,23,0.28928634340811327,0.048,0.048,0.3,0.0
w_a1.15_b0.35_g1.1,oil_gas,24,0.2936118798259365,0.044,0.044,0.275,0.0
w_a1.15_b0.35_g1.1,oil_gas,25,0.2858969130756537,0.050666666666666665,0.050666666666666665,0.31666666666666665,0.0
w_a1.15_b0.35_g1.1,oil_gas,26,0.2934733427486268,0.044,0.044,0.275,0.0
w_a1.15_b0.35_g1.1,oil_gas,27,0.30053506528508717,0.04133333333333333,0.04133333333333333,0.25833333333333336,0.0
w_a1.15_b0.35_g1.1,oil_gas,28,0.28966643937200776,0.044000000000000004,0.044000000000000004,0.275,0.0
w_a1.15_b0.35_g1.1,oil_gas,29,0.29697715412886583,0.04000000000000001,0.04000000000000001,0.25,0.0
w_a1.15_b0.35_g1.1,oil_gas,30,0.30361716949930756,0.03866666666666667,0.03866666666666667,0.24166666666666667,0.0
w_a1.15_b0.35_g1.1,oil_gas,31,0.29847858639066777,0.03866666666666667,0.03866666666666667,0.24166666666666667,0.0
w_a1.15_b0.35_g1.1,oil_gas,32,0.2933277769764419,0.04133333333333333,0.04133333333333333,0.25833333333333336,0.0
w_a1.15_b0.35_g1.1,oil_gas,33,0.2946308437169316,0.048,0.048,0.3,0.0
w_a1.15_b0.35_g1.1,oil_gas,34,0.29303005682726296,0.03866666666666667,0.03866666666666667,0.24166666666666667,0.0
w_a1.15_b0.35_g1.1,oil_gas,35,0.30500300937826824,0.037333333333333336,0.037333333333333336,0.23333333333333334,0.0
w_a1.15_b0.35_g1.1,oil_gas,36,0.297340138970261,0.036000000000000004,0.036000000000000004,0.225,0.0
w_a1.15_b0.35_g1.1,oil_gas,37,0.2989749919931146,0.034666666666666665,0.034666666666666665,0.21666666666666667,0.0
w_a1.15_b0.35_g1.1,oil_gas,38,0.2993266575075026,0.04058333333333333,0.04041666666666666,0.25833333333333336,0.0
w_a1.15_b0.35_g1.1,oil_gas,39,0.2966181511307442,0.04133333333333334,0.04133333333333334,0.25833333333333336,0.0
w_a1.15_b0.35_g1.1,factory,0,0.3123660537334387,0.03333333333333333,0.03333333333333333,0.20833333333333334,0.0
w_a1.15_b0.35_g1.1,factory,1,0.3171484694885091,0.034666666666666665,0.034666666666666665,0.21666666666666667,0.0
w_a1.15_b0.35_g1.1,factory,2,0.3080440001630256,0.03866666666666667,0.03866666666666667,0.24166666666666667,0.0
w_a1.15_b0.35_g1.1,factory,3,0.3194154637891697,0.04000000000000001,0.04000000000000001,0.25,0.0
w_a1.15_b0.35_g1.1,factory,4,0.3147844542365237,0.034666666666666665,0.034666666666666665,0.21666666666666667,0.0
w_a1.15_b0.35_g1.1,factory,5,0.3116962857491276,0.04000000000000001,0.04000000000000001,0.25,0.0
w_a1.15_b0.35_g1.1,factory,6,0.31181596085871394,0.044000000000000004,0.044000000000000004,0.275,0.0
w_a1.15_b0.35_g1.1,factory,7,0.3203951597599997,0.034666666666666665,0.034666666666666665,0.21666666666666667,0.0
w_a1.15_b0.35_g1.1,factory,8,0.3150732561478925,0.037333333333333336,0.037333333333333336,0.23333333333333334,0.0
w_a1.15_b0.35_g1.1,factory,9,0.3163310762248843,0.037333333333333336,0.037333333333333336,0.23333333333333334,0.0
w_a1.15_b0.35_g1.1,factory,10,0.31790228620844635,0.037333333333333336,0.037333333333333336,0.23333333333333334,0.0
w_a1.15_b0.35_g1.1,factory,11,0.3073494365646771,0.04666666666666666,0.04666666666666666,0.2916666666666667,0.0
w_a1.15_b0.35_g1.1,factory,12,0.31925582661604607,0.037333333333333336,0.037333333333333336,0.23333333333333334,0.0
w_a1.15_b0.35_g1.1,factory,13,0.31636976964916225,0.03866666666666667,0.03866666666666667,0.24166666666666667,0.0
w_a1.15_b0.35_g1.1,factory,14,0.30670072906024437,0.04133333333333333,0.04133333333333333,0.25833333333333336,0.0
w_a1.15_b0.35_g1.1,factory,15,0.3195513414924253,0.036000000000000004,0.036000000000000004,0.225,0.0
w_a1.15_b0.35_g1.1,factory,16,0.31721574160992805,0.04,0.04,0.25,0.0
w_a1.15_b0.35_g1.1,factory,17,0.31398720342816294,0.036000000000000004,0.036000000000000004,0.225,0.0
w_a1.15_b0.35_g1.1,factory,18,0.32173003129090993,0.036000000000000004,0.036000000000000004,0.225,0.0
w_a1.15_b0.35_g1.1,factory,19,0.31553486184303536,0.037333333333333336,0.037333333333333336,0.23333333333333334,0.0
w_a1.15_b0.35_g1.1,factory,20,0.32124485220587995,0.036000000000000004,0.036000000000000004,0.225,0.0
w_a1.15_b0.35_g1.1,factory,21,0.3157123731522874,0.036000000000000004,0.036000000000000004,0.225,0.0
w_a1.15_b0.35_g1.1,factory,22,0.3089341106726593,0.04533333333333334,0.04533333333333334,0.2833333333333333,0.0
w_a1.15_b0.35_g1.1,factory,23,0.31229756760948046,0.04133333333333333,0.04133333333333333,0.25833333333333336,0.0
w_a1.15_b0.35_g1.1,factory,24,0.3142958224392497,0.037333333333333336,0.037333333333333336,0.23333333333333334,0.0
w_a1.15_b0.35_g1.1,factory,25,0.31305769031278546,0.037333333333333336,0.037333333333333336,0.23333333333333334,0.0
w_a1.15_b0.35_g1.1,factory,26,0.31491954683240536,0.04133333333333334,0.04133333333333334,0.25833333333333336,0.0
w_a1.15_b0.35_g1.1,factory,27,0.3074908700739987,0.04666666666666666,0.04666666666666666,0.2916666666666667,0.0
w_a1.15_b0.35_g1.1,factory,28,0.319290036124645,0.04000000000000001,0.04000000000000001,0.25,0.0
w_a1.15_b0.35_g1.1,factory,29,0.3074910368394575,0.044,0.044,0.275,0.0
w_a1.15_b0.35_g1.1,factory,30,0.31236767934209697,0.03866666666666667,0.03866666666666667,0.24166666666666667,0.0
w_a1.15_b0.35_g1.1,factory,31,0.3190597239901204,0.037333333333333336,0.037333333333333336,0.23333333333333334,0.0
w_a1.15_b0.35_g1.1,factory,32,0.30968111023524875,0.04000000000000001,0.04000000000000001,0.25,0.0
w_a1.15_b0.35_g1.1,factory,33,0.32182728477456723,0.032,0.032,0.2,0.0
w_a1.15_b0.35_g1.1,factory,34,0.3079693336913371,0.03866666666666666,0.03866666666666666,0.24166666666666667,0.0
w_a1.15_b0.35_g1.1,factory,35,0.31557834646933786,0.04000000000000001,0.04000000000000001,0.25,0.0
w_a1.15_b0.35_g1.1,factory,36,0.3128298652707882,0.036000000000000004,0.036000000000000004,0.225,0.0
w_a1.15_b0.35_g1.1,factory,37,0.3167259854096855,0.03066666666666667,0.03066666666666667,0.19166666666666668,0.0
w_a1.15_b0.35_g1.1,factory,38,0.3255794945040563,0.029333333333333333,0.029333333333333333,0.18333333333333332,0.0
w_a1.15_b0.35_g1.1,factory,39,0.31282845786550434,0.04000000000000001,0.04000000000000001,0.25,0.0
w_a1.15_b0.35_g1.65,forklift,0,0.326301788592511,0.018083333333333337,0.012916666666666668,0.25833333333333336,0.0
w_a1.15_b0.35_g1.65,forklift,1,0.32713910054368417,0.01575,0.011250000000000001,0.225,0.0
w_a1.15_b0.35_g1.65,forklift,2,0.32952155279259315,0.01691666666666667,0.012083333333333335,0.24166666666666667,0.0
w_a1.15_b0.35_g1.65,forklift,3,0.3289462670195916,0.015750000000000004,0.011250000000000001,0.225,0.0
w_a1.15_b0.35_g1.65,forklift,4,0.326502800326093,0.018083333333333337,0.012916666666666668,0.25833333333333336,0.0
w_a1.15_b0.35_g1.65,forklift,5,0.3210989493227918,0.017500000000000005,0.012500000000000002,0.25,0.0
w_a1.15_b0.35_g1.65,forklift,6,0.3313842509507989,0.016333333333333335,0.011666666666666667,0.23333333333333334,0.0
w_a1.15_b0.35_g1.65,forklift,7,0.32107437754769436,0.018666666666666668,0.013333333333333334,0.26666666666666666,0.0
w_a1.15_b0.35_g1.65,forklift,8,0.3257501698439524,0.01925,0.013750000000000002,0.275,0.0
w_a1.15_b0.35_g1.65,forklift,9,0.32593082295274534,0.018083333333333337,0.012916666666666668,0.25833333333333336,0.0
w_a1.15_b0.35_g1.65,forklift,10,0.3222260511995053,0.016333333333333335,0.011666666666666667,0.23333333333333334,0.0
w_a1.15_b0.35_g1.65,forklift,11,0.3205324167881324,0.014583333333333335,0.010416666666666668,0.20833333333333334,0.0
w_a1.15_b0.35_g1.65,forklift,12,0.32699755825443116,0.018083333333333333,0.012916666666666668,0.25833333333333336,0.0
w_a1.15_b0.35_g1.65,forklift,13,0.327496780778513,0.0175,0.0125,0.25,0.0
w_a1.15_b0.35_g1.65,forklift,14,0.325895268515659,0.018083333333333333,0.012916666666666668,0.25833333333333336,0.0
w_a1.15_b0.35_g1.65,forklift,15,0.32500547073757496,0.014583333333333334,0.010416666666666666,0.20833333333333334,0.0
w_a1.15_b0.35_g1.65,forklift,16,0.3291289292278933,0.01925,0.01375,0.275,0.0
w_a1.15_b0.35_g1.65,forklift,17,0.3226724110084761,0.019833333333333335,0.014166666666666668,0.2833333333333333,0.0
w_a1.15_b0.35_g1.65,forklift,18,0.32174336625956645,0.018083333333333337,0.012916666666666668,0.25833333333333336,0.0
w_a1.15_b0.35_g1.65,forklift,19,0.3227489850692299,0.021000000000000005,0.015000000000000001,0.3,0.0
w_a1.15_b0.35_g1.65,forklift,20,0.32733998960297384,0.018666666666666668,0.013333333333333334,0.26666666666666666,0.0
w_a1.15_b0.35_g1.65,forklift,21,0.33041213911726364,0.018083333333333337,0.012916666666666667,0.25833333333333336,0.0
w_a1.15_b0.35_g1.65,forklift,22,0.3294819433707275,0.016333333333333335,0.011666666666666667,0.23333333333333334,0.0
w_a1.15_b0.35_g1.65,forklift,23,0.3277264582786048,0.018083333333333337,0.012916666666666668,0.25833333333333336,0.0
w_a1.15_b0.35_g1.65,forklift,24,0.3238764471490224,0.018083333333333333,0.012916666666666667,0.25833333333333336,0.0
w_a1.15_b0.35_g1.65,forklift,25,0.32518776406966576,0.018083333333333333,0.012916666666666667,0.25833333333333336,0.0
w_a1.15_b0.35_g1.65,forklift,26,0.32608242269828813,0.014000000000000002,0.010000000000000002,0.2,0.0
w_a1.15_b0.35_g1.65,forklift,27,0.3245644482212168,0.012833333333333334,0.009166666666666667,0.18333333333333332,0.0
w_a1.15_b0.35_g1.65,forklift,28,0.3265241611005666,0.016333333333333335,0.011666666666666667,0.23333333333333334,0.0
w_a1.15_b0.35_g1.65,forklift,29,0.33007285948227977,0.01575,0.011250000000000001,0.225,0.0
w_a1.15_b0.35_g1.65,forklift,30,0.3287439539988975,0.017500000000000005,0.012500000000000002,0.25,0.0
w_a1.15_b0.35_g1.65,forklift,31,0.33242774406804354,0.018083333333333337,0.012916666666666667,0.25833333333333336,0.0
w_a1.15_b0.35_g1.65,forklift,32,0.3309378349153978,0.0175,0.0125,0.25,0.0
w_a1.15_b0.35_g1.65,forklift,33,0.32602008860004034,0.018083333333333337,0.012916666666666667,0.25833333333333336,0.0
w_a1.15_b0.35_g1.65,forklift,34,0.3241581062426695,0.018083333333333337,0.012916666666666668,0.25833333333333336,0.0
w_a1.15_b0.35_g1.65,forklift,35,0.3297145066173994,0.018666666666666668,0.013333333333333334,0.26666666666666666,0.0
w_a1.15_b0.35_g1.65,forklift,36,0.32787177740371154,0.018666666666666668,0.013333333333333334,0.26666666666666666,0.0
w_a1.15_b0.35_g1.65,forklift,37,0.3217251462559535,0.019250000000000003,0.01375,0.275,0.0
w_a1.15_b0.35_g1.65,forklift,38,0.3198722998261923,0.019833333333333335,0.014166666666666668,0.2833333333333333,0.0
w_a1.15_b0.35_g1.65,forklift,39,0.3214455964671797,0.018666666666666668,0.013333333333333334,0.26666666666666666,0.0
w_a1.15_b0.35_g1.65,crane,0,0.32235876068862784,0.014000000000000002,0.010000000000000002,0.2,0.0
w_a1.15_b0.35_g1.65,crane,1,0.31434660749538684,0.018083333333333337,0.012916666666666668,0.25833333333333336,0.0
w_a1.15_b0.35_g1.65,crane,2,0.31859343952019425,0.018666666666666668,0.013333333333333334,0.26666666666666666,0.0
w_a1.15_b0.35_g1.65,crane,3,0.32209937246796655,0.014000000000000002,0.010000000000000002,0.2,0.0
w_a1.15_b0.35_g1.65,crane,4,0.32479830446539054,0.016333333333333335,0.011666666666666667,0.23333333333333334,0.0
w_a1.15_b0.35_g1.65,crane,5,0.3168681214036988,0.01575,0.011250000000000001,0.225,0.0
w_a1.15_b0.35_g1.65,crane,6,0.3175795975331564,0.018666666666666668,0.013333333333333334,0.26666666666666666,0.0
w_a1.15_b0.35_g1.65,crane,7,0.32227200610285667,0.014583333333333335,0.010416666666666666,0.20833333333333334,0.0
w_a1.15_b0.35_g1.65,crane,8,0.32304006871445,0.018666666666666668,0.013333333333333334,0.26666666666666666,0.0
w_a1.15_b0.35_g1.65,crane,9,0.3156656627557093,0.01575,0.011250000000000001,0.225,0.0
w_a1.15_b0.35_g1.65,crane,10,0.3205896827534399,0.015166666666666669,0.010833333333333335,0.21666666666666667,0.0
w_a1.15_b0.35_g1.65,crane,11,0.3229615940639505,0.018083333333333333,0.012916666666666667,0.25833333333333336,0.0
w_a1.15_b0.35_g1.65,crane,12,0.3183833173494227,0.01691666666666667,0.012083333333333335,0.24166666666666667,0.0
w_a1.15_b0.35_g1.65,crane,13,0.3210698019822183,0.01691666666666667,0.012083333333333335,0.24166666666666667,0.0
w_a1.15_b0.35_g1.65,crane,14,0.3141727760675831,0.01983333333333333,0.014166666666666666,0.2833333333333333,0.0
w_a1.15_b0.35_g1.65,crane,15,0.31931104353770257,0.015166666666666667,0.010833333333333334,0.21666666666666667,0.0
w_a1.15_b0.35_g1.65,crane,16,0.3262403560979997,0.01691666666666667,0.012083333333333335,0.24166666666666667,0.0
w_a1.15_b0.35_g1.65,crane,17,0.32279589449642915,0.01691666666666667,0.012083333333333335,0.24166666666666667,0.0
w_a1.15_b0.35_g1.65,crane,18,0.31910162233323786,0.016333333333333335,0.011666666666666667,0.23333333333333334,0.0
w_a1.15_b0.35_g1.65,crane,19,0.3237954125377953,0.018083333333333333,0.012916666666666667,0.25833333333333336,0.0
w_a1.15_b0.35_g1.65,crane,20,0.3293588068382948,0.01575,0.011250000000000001,0.225,0.0
w_a1.15_b0.35_g1.65,crane,21,0.32296201831745996,0.014583333333333335,0.010416666666666666,0.20833333333333334,0.0
w_a1.15_b0.35_g1.65,crane,22,0.3176736803108671,0.019833333333333335,0.014166666666666668,0.2833333333333333,0.0
w_a1.15_b0.35_g1.65,crane,23,0.3233984568962432,0.017500000000000005,0.0125,0.25,0.0
w_a1.15_b0.35_g1.65,crane,24,0.3199997942128327,0.018083333333333333,0.012916666666666667,0.25833333333333336,0.0
w_a1.15_b0.35_g1.65,crane,25,0.3175697431362169,0.019250000000000003,0.013750000000000002,0.275,0.0
w_a1.15_b0.35_g1.65,crane,26,0.3174604011180412,0.018083333333333337,0.012916666666666667,0.25833333333333336,0.0
w_a1.15_b0.35_g1.65,crane,27,0.3158563565411125,0.0175,0.0125,0.25,0.0
w_a1.15_b0.35_g1.65,crane,28,0.31963335635168083,0.01691666666666667,0.012083333333333335,0.24166666666666667,0.0
w_a1.15_b0.35_g1.65,crane,29,0.3196800348226162,0.017500000000000005,0.0125,0.25,0.0
w_a1.15_b0.35_g1.65,crane,30,0.3218968660849167,0.017500000000000005,0.012500000000000002,0.25,0.0
w_a1.15_b0.35_g1.65,crane,31,0.32254033821329753,0.018083333333333337,0.012916666666666667,0.25833333333333336,0.0
w_a1.15_b0.35_g1.65,crane,32,0.3174584873143575,0.018083333333333337,0.012916666666666668,0.25833333333333336,0.0
w_a1.15_b0.35_g1.65,crane,33,0.3218692614693622,0.018083333333333333,0.012916666666666668,0.25833333333333336,0.0
w_a1.15_b0.35_g1.65,crane,34,0.32246342767547925,0.016333333333333335,0.011666666666666667,0.23333333333333334,0.0
w_a1.15_b0.35_g1.65,crane,35,0.31990561908480164,0.01691666666666667,0.012083333333333335,0.24166666666666667,0.0
w_a1.15_b0.35_g1.65,crane,36,0.3175911807798508,0.01691666666666667,0.012083333333333335,0.24166666666666667,0.0
w_a1.15_b0.35_g1.65,crane,37,0.31299706698481633,0.02041666666666667,0.014583333333333334,0.2916666666666667,0.0
w_a1.15_b0.35_g1.65,crane,38,0.3283571227314168,0.016333333333333335,0.011666666666666665,0.23333333333333334,0.0
w_a1.15_b0.35_g1.65,crane,39,0.3063660405869077,0.021000000000000005,0.015000000000000001,0.3,0.0
w_a1.15_b0.35_g1.65,substation,0,0.32942357409303824,0.01575,0.011250000000000001,0.225,0.0
w_a1.15_b0.35_g1.65,substation,1,0.3248925266738386,0.014000000000000002,0.010000000000000002,0.2,0.0
w_a1.15_b0.35_g1.65,substation,2,0.321635318270348,0.01691666666666667,0.012083333333333335,0.24166666666666667,0.0
w_a1.15_b0.35_g1.65,substation,3,0.32044377324879714,0.019833333333333335,0.014166666666666668,0.2833333333333333,0.0
w_a1.15_b0.35_g1.65,substation,4,0.32369662211132455,0.014583333333333334,0.010416666666666666,0.20833333333333334,0.0
w_a1.15_b0.35_g1.65,substation,5,0.3228603564471301,0.018666666666666668,0.013333333333333334,0.26666666666666666,0.0
w_a1.15_b0.35_g1.65,substation,6,0.3237508538166731,0.015166666666666669,0.010833333333333334,0.21666666666666667,0.0
w_a1.15_b0.35_g1.65,substation,7,0.3213835722350321,0.01691666666666667,0.012083333333333333,0.24166666666666667,0.0
w_a1.15_b0.35_g1.65,substation,8,0.32414639708250154,0.017500000000000005,0.0125,0.25,0.0
w_a1.15_b0.35_g1.65,substation,9,0.3258323105253183,0.018083333333333333,0.012916666666666667,0.25833333333333336,0.0
w_a1.15_b0.35_g1.65,substation,10,0.3198505473289701,0.016333333333333335,0.011666666666666665,0.23333333333333334,0.0
w_a1.15_b0.35_g1.65,substation,11,0.3202301163287765,0.019250000000000003,0.01375,0.275,0.0
w_a1.15_b0.35_g1.65,substation,12,0.32613995647904165,0.018083333333333333,0.012916666666666667,0.25833333333333336,0.0
w_a1.15_b0.35_g1.65,substation,13,0.3290994145698285,0.017500000000000005,0.0125,0.25,0.0
w_a1.15_b0.35_g1.65,substation,14,0.32196895526872604,0.01575,0.011250000000000001,0.225,0.0
w_a1.15_b0.35_g1.65,substation,15,0.32205614616556477,0.016333333333333335,0.011666666666666667,0.23333333333333334,0.0
w_a1.15_b0.35_g1.65,substation,16,0.31951178776081685,0.018083333333333333,0.012916666666666667,0.25833333333333336,0.0
w_a1.15_b0.35_g1.65,substation,17,0.3239769669941995,0.018083333333333337,0.012916666666666668,0.25833333333333336,0.0
w_a1.15_b0.35_g1.65,substation,18,0.3227024547181891,0.02041666666666667,0.014583333333333334,0.2916666666666667,0.0
w_a1.15_b0.35_g1.65,substation,19,0.3248415190959257,0.018083333333333337,0.012916666666666668,0.25833333333333336,0.0
w_a1.15_b0.35_g1.65,substation,20,0.3241011495960046,0.017500000000000005,0.012500000000000002,0.25,0.0
w_a1.15_b0.35_g1.65,substation,21,0.32342279365092996,0.019250000000000003,0.01375,0.275,0.0
w_a1.15_b0.35_g1.65,substation,22,0.3240602880261099,0.01575,0.011250000000000001,0.225,0.0
w_a1.15_b0.35_g1.65,substation,23,0.3234122214282758,0.017500000000000005,0.012500000000000002,0.25,0.0
w_a1.15_b0.35_g1.65,substation,24,0.31875518071286846,0.019250000000000003,0.01375,0.275,0.0
w_a1.15_b0.35_g1.65,substation,25,0.320663228254336,0.01691666666666667,0.012083333333333335,0.24166666666666667,0.0
w_a1.15_b0.35_g1.65,substation,26,0.3248649287217483,0.01691666666666667,0.012083333333333335,0.24166666666666667,0.0
w_a1.15_b0.35_g1.65,substation,27,0.33035289739098217,0.01691666666666667,0.012083333333333335,0.24166666666666667,0.0
w_a1.15_b0.35_g1.65,substation,28,0.31555428263700097,0.019833333333333335,0.014166666666666668,0.2833333333333333,0.0
w_a1.15_b0.35_g1.65,substation,29,0.3195787212654313,0.017500000000000005,0.012500000000000002,0.25,0.0
w_a1.15_b0.35_g1.65,substation,30,0.32802328585673374,0.017500000000000005,0.012500000000000002,0.25,0.0
w_a1.15_b0.35_g1.65,substation,31,0.3298741024399285,0.015166666666666669,0.010833333333333335,0.21666666666666667,0.0
w_a1.15_b0.35_g1.65,substation,32,0.327404357077991,0.018083333333333333,0.012916666666666667,0.25833333333333336,0.0
w_a1.15_b0.35_g1.65,substation,33,0.324243054872705,0.017500000000000005,0.012500000000000002,0.25,0.0
w_a1.15_b0.35_g1.65,substation,34,0.3220472821578433,0.018083333333333337,0.012916666666666667,0.25833333333333336,0.0
w_a1.15_b0.35_g1.65,substation,35,0.32187501051269585,0.0175,0.0125,0.25,0.0
w_a1.15_b0.35_g1.65,substation,36,0.3264799913236058,0.019250000000000003,0.013750000000000002,0.275,0.0
w_a1.15_b0.35_g1.65,substation,37,0.3207856086717355,0.018666666666666668,0.013333333333333334,0.26666666666666666,0.0
w_a1.15_b0.35_g1.65,substation,38,0.3211889777259089,0.016333333333333335,0.011666666666666667,0.23333333333333334,0.0
w_a1.15_b0.35_g1.65,substation,39,0.3231513851692931,0.016333333333333335,0.011666666666666665,0.23333333333333334,0.0
w_a1.15_b0.35_g1.65,mining,0,0.31506048258678354,0.018083333333333337,0.012916666666666667,0.25833333333333336,0.0
w_a1.15_b0.35_g1.65,mining,1,0.31610820206896134,0.017500000000000005,0.0125,0.25,0.0
w_a1.15_b0.35_g1.65,mining,2,0.32116268161888223,0.01691666666666667,0.012083333333333335,0.24166666666666667,0.0
w_a1.15_b0.35_g1.65,mining,3,0.3150639518460852,0.01691666666666667,0.012083333333333335,0.24166666666666667,0.0
w_a1.15_b0.35_g1.65,mining,4,0.3206312836399319,0.015166666666666669,0.010833333333333334,0.21666666666666667,0.0
w_a1.15_b0.35_g1.65,mining,5,0.3214652675286596,0.017500000000000005,0.0125,0.25,0.0
w_a1.15_b0.35_g1.65,mining,6,0.3152277000827724,0.016333333333333335,0.011666666666666667,0.23333333333333334,0.0
w_a1.15_b0.35_g1.65,mining,7,0.31718870280295497,0.018666666666666668,0.013333333333333334,0.26666666666666666,0.0
w_a1.15_b0.35_g1.65,mining,8,0.3138703836122502,0.019250000000000003,0.01375,0.275,0.0
w_a1.15_b0.35_g1.65,mining,9,0.31404976506376914,0.018083333333333333,0.012916666666666667,0.25833333333333336,0.0
w_a1.15_b0.35_g1.65,mining,10,0.3171489135986042,0.01575,0.011250000000000001,0.225,0.0
w_a1.15_b0.35_g1.65,mining,11,0.3164758700773687,0.019833333333333335,0.014166666666666668,0.2833333333333333,0.0
w_a1.15_b0.35_g1.65,mining,12,0.3168772394183404,0.019833333333333335,0.014166666666666668,0.2833333333333333,0.0
w_a1.15_b0.35_g1.65,mining,13,0.32005662856328265,0.0175,0.0125,0.25,0.0
w_a1.15_b0.35_g1.65,mining,14,0.3190170192950849,0.016333333333333335,0.011666666666666665,0.23333333333333334,0.0
w_a1.15_b0.35_g1.65,mining,15,0.3160678795356882,0.018083333333333333,0.012916666666666667,0.25833333333333336,0.0
w_a1.15_b0.35_g1.65,mining,16,0.32458423152008026,0.015166666666666669,0.010833333333333335,0.21666666666666667,0.0
w_a1.15_b0.35_g1.65,mining,17,0.31856030263917173,0.017500000000000005,0.0125,0.25,0.0
w_a1.15_b0.35_g1.65,mining,18,0.31690549137713214,0.016333333333333335,0.011666666666666667,0.23333333333333334,0.0
w_a1.15_b0.35_g1.65,mining,19,0.31776175493165904,0.018083333333333333,0.012916666666666667,0.25833333333333336,0.0
w_a1.15_b0.35_g1.65,mining,20,0.3193715397777802,0.01691666666666667,0.012083333333333335,0.24166666666666667,0.0
w_a1.15_b0.35_g1.65,mining,21,0.3230903146089601,0.019250000000000003,0.01375,0.275,0.0
w_a1.15_b0.35_g1.65,mining,22,0.3205272676219424,0.01575,0.011250000000000001,0.225,0.0
w_a1.15_b0.35_g1.65,mining,23,0.31647697681328246,0.0175,0.0125,0.25,0.0
w_a1.15_b0.35_g1.65,mining,24,0.3203791962688358,0.01575,0.011250000000000001,0.225,0.0
w_a1.15_b0.35_g1.65,mining,25,0.3190567654932443,0.018083333333333333,0.012916666666666667,0.25833333333333336,0.0
w_a1.15_b0.35_g1.65,mining,26,0.30953528466504066,0.01575,0.011250000000000001,0.225,0.0
w_a1.15_b0.35_g1.65,mining,27,0.3146653410801381,0.016333333333333335,0.011666666666666667,0.23333333333333334,0.0
w_a1.15_b0.35_g1.65,mining,28,0.3159157610499908,0.016333333333333335,0.011666666666666665,0.23333333333333334,0.0
w_a1.15_b0.35_g1.65,mining,29,0.3129480257883041,0.021000000000000005,0.015000000000000003,0.3,0.0
w_a1.15_b0.35_g1.65,mining,30,0.3221104271318009,0.018666666666666668,0.013333333333333334,0.26666666666666666,0.0
w_a1.15_b0.35_g1.65,mining,31,0.3083215666176855,0.01983333333333333,0.014166666666666668,0.2833333333333333,0.0
w_a1.15_b0.35_g1.65,mining,32,0.3164622645275941,0.018083333333333337,0.012916666666666667,0.25833333333333336,0.0
w_a1.15_b0.35_g1.65,mining,33,0.311911903616909,0.019250000000000003,0.013750000000000002,0.275,0.0
w_a1.15_b0.35_g1.65,mining,34,0.30979428776057333,0.019250000000000003,0.013750000000000002,0.275,0.0
w_a1.15_b0.35_g1.65,mining,35,0.3141777797866341,0.01691666666666667,0.012083333333333335,0.24166666666666667,0.0
w_a1.15_b0.35_g1.65,mining,36,0.3191331136586132,0.01691666666666667,0.012083333333333333,0.24166666666666667,0.0
w_a1.15_b0.35_g1.65,mining,37,0.3129579585273387,0.018083333333333337,0.012916666666666668,0.25833333333333336,0.0
w_a1.15_b0.35_g1.65,mining,38,0.31179816516027414,0.019833333333333335,0.014166666666666668,0.2833333333333333,0.0
w_a1.15_b0.35_g1.65,mining,39,0.31337843460675135,0.015166666666666667,0.010833333333333334,0.21666666666666667,0.0
w_a1.15_b0.35_g1.65,oil_gas,0,0.31000637298146316,0.01691666666666667,0.012083333333333335,0.24166666666666667,0.0
w_a1.15_b0.35_g1.65,oil_gas,1,0.3089462738070266,0.018083333333333337,0.012916666666666667,0.25833333333333336,0.0
w_a1.15_b0.35_g1.65,oil_gas,2,0.30652029829906874,0.022166666666666668,0.015833333333333335,0.31666666666666665,0.0
w_a1.15_b0.35_g1.65,oil_gas,3,0.3138137256683323,0.0175,0.0125,0.25,0.0
w_a1.15_b0.35_g1.65,oil_gas,4,0.31515518629537664,0.018083333333333337,0.012916666666666668,0.25833333333333336,0.0
w_a1.15_b0.35_g1.65,oil_gas,5,0.31276641056655025,0.018083333333333333,0.012916666666666667,0.25833333333333336,0.0
w_a1.15_b0.35_g1.65,oil_gas,6,0.3138900917158592,0.01691666666666667,0.012083333333333335,0.24166666666666667,0.0
w_a1.15_b0.35_g1.65,oil_gas,7,0.3203778633701238,0.017500000000000005,0.012500000000000002,0.25,0.0
w_a1.15_b0.35_g1.65,oil_gas,8,0.31413380865369855,0.01575,0.011250000000000001,0.225,0.0
w_a1.15_b0.35_g1.65,oil_gas,9,0.3150946763358727,0.019250000000000003,0.01375,0.275,0.0
w_a1.15_b0.35_g1.65,oil_gas,10,0.31303589503008794,0.021000000000000005,0.015000000000000001,0.3,0.0
w_a1.15_b0.35_g1.65,oil_gas,11,0.3182893513423212,0.016333333333333335,0.011666666666666667,0.23333333333333334,0.0
w_a1.15_b0.35_g1.65,oil_gas,12,0.314409957143352,0.016333333333333335,0.011666666666666667,0.23333333333333334,0.0
w_a1.15_b0.35_g1.65,oil_gas,13,0.3156966179065616,0.018083333333333337,0.012916666666666667,0.25833333333333336,0.0
w_a1.15_b0.35_g1.65,oil_gas,14,0.3178036968580963,0.016333333333333335,0.011666666666666667,0.23333333333333334,0.0
w_a1.15_b0.35_g1.65,oil_gas,15,0.3211157136041185,0.018666666666666668,0.013333333333333334,0.26666666666666666,0.0
w_a1.15_b0.35_g1.65,oil_gas,16,0.3154655020079929,0.02041666666666667,0.014583333333333334,0.2916666666666667,0.0
w_a1.15_b0.35_g1.65,oil_gas,17,0.3157469445024276,0.019250000000000003,0.013750000000000002,0.275,0.0
w_a1.15_b0.35_g1.65,oil_gas,18,0.31733433981744547,0.018083333333333337,0.012916666666666668,0.25833333333333336,0.0
w_a1.15_b0.35_g1.65,oil_gas,19,0.3118073583956427,0.019833333333333335,0.014166666666666666,0.2833333333333333,0.0
w_a1.15_b0.35_g1.65,oil_gas,20,0.31000120045722157,0.018666666666666668,0.013333333333333334,0.26666666666666666,0.0
w_a1.15_b0.35_g1.65,oil_gas,21,0.32104229672882767,0.018083333333333337,0.012916666666666667,0.25833333333333336,0.0
w_a1.15_b0.35_g1.65,oil_gas,22,0.313739594281783,0.019833333333333335,0.014166666666666668,0.2833333333333333,0.0
w_a1.15_b0.35_g1.65,oil_gas,23,0.31178634340811323,0.021000000000000005,0.015000000000000001,0.3,0.0
w_a1.15_b0.35_g1.65,oil_gas,24,0.3142368798259365,0.019250000000000003,0.013750000000000002,0.275,0.0
w_a1.15_b0.35_g1.65,oil_gas,25,0.3096143975661792,0.022166666666666668,0.01583333333333333,0.31666666666666665,0.0
w_a1.15_b0.35_g1.65,oil_gas,26,0.31409834274862686,0.019250000000000003,0.013750000000000002,0.275,0.0
w_a1.15_b0.35_g1.65,oil_gas,27,0.31991006528508714,0.018083333333333337,0.012916666666666668,0.25833333333333336,0.0
w_a1.15_b0.35_g1.65,oil_gas,28,0.3102914393720077,0.01925,0.013750000000000002,0.275,0.0
w_a1.15_b0.35_g1.65,oil_gas,29,0.3157271541288658,0.0175,0.0125,0.25,0.0
w_a1.15_b0.35_g1.65,oil_gas,30,0.3217421694993075,0.01691666666666667,0.012083333333333335,0.24166666666666667,0.0
w_a1.15_b0.35_g1.65,oil_gas,31,0.3166035863906678,0.01691666666666667,0.012083333333333335,0.24166666666666667,0.0
w_a1.15_b0.35_g1.65,oil_gas,32,0.3127027769764419,0.018083333333333337,0.012916666666666668,0.25833333333333336,0.0
w_a1.15_b0.35_g1.65,oil_gas,33,0.3171308437169316,0.021000000000000005,0.015000000000000001,0.3,0.0
w_a1.15_b0.35_g1.65,oil_gas,34,0.311155056827263,0.01691666666666667,0.012083333333333335,0.24166666666666667,0.0
w_a1.15_b0.35_g1.65,oil_gas,35,0.32250300937826826,0.016333333333333335,0.011666666666666665,0.23333333333333334,0.0
w_a1.15_b0.35_g1.65,oil_gas,36,0.31421513897026104,0.01575,0.011250000000000001,0.225,0.0
w_a1.15_b0.35_g1.65,oil_gas,37,0.31522499199311454,0.015166666666666669,0.010833333333333335,0.21666666666666667,0.0
w_a1.15_b0.35_g1.65,oil_gas,38,0.31807665750750264,0.018083333333333337,0.012916666666666667,0.25833333333333336,0.0
w_a1.15_b0.35_g1.65,oil_gas,39,0.3159931511307442,0.018083333333333333,0.012916666666666667,0.25833333333333336,0.0
w_a1.15_b0.35_g1.65,factory,0,0.3279910537334387,0.014583333333333334,0.010416666666666666,0.20833333333333334,0.0
w_a1.15_b0.35_g1.65,factory,1,0.33339846948850915,0.015166666666666669,0.010833333333333335,0.21666666666666667,0.0
w_a1.15_b0.35_g1.65,factory,2,0.3261690001630255,0.01691666666666667,0.012083333333333335,0.24166666666666667,0.0
w_a1.15_b0.35_g1.65,factory,3,0.3381654637891697,0.017500000000000005,0.0125,0.25,0.0
w_a1.15_b0.35_g1.65,factory,4,0.3310344542365237,0.015166666666666669,0.010833333333333335,0.21666666666666667,0.0
w_a1.15_b0.35_g1.65,factory,5,0.3304462857491276,0.0175,0.0125,0.25,0.0
w_a1.15_b0.35_g1.65,factory,6,0.3324409608587139,0.019250000000000003,0.01375,0.275,0.0
w_a1.15_b0.35_g1.65,factory,7,0.33664515975999976,0.015166666666666667,0.010833333333333334,0.21666666666666667,0.0
w_a1.15_b0.35_g1.65,factory,8,0.33257325614789257,0.016333333333333335,0.011666666666666665,0.23333333333333334,0.0
w_a1.15_b0.35_g1.65,factory,9,0.33383107622488434,0.016333333333333335,0.011666666666666667,0.23333333333333334,0.0
w_a1.15_b0.35_g1.65,factory,10,0.3354022862084463,0.016333333333333335,0.011666666666666665,0.23333333333333334,0.0
w_a1.15_b0.35_g1.65,factory,11,0.3292244365646771,0.02041666666666667,0.014583333333333334,0.2916666666666667,0.0
w_a1.15_b0.35_g1.65,factory,12,0.33675582661604603,0.016333333333333335,0.011666666666666665,0.23333333333333334,0.0
w_a1.15_b0.35_g1.65,factory,13,0.3344947696491623,0.01691666666666667,0.012083333333333335,0.24166666666666667,0.0
w_a1.15_b0.35_g1.65,factory,14,0.3260757290602444,0.018083333333333337,0.012916666666666668,0.25833333333333336,0.0
w_a1.15_b0.35_g1.65,factory,15,0.3364263414924253,0.01575,0.011250000000000001,0.225,0.0
w_a1.15_b0.35_g1.65,factory,16,0.33596574160992804,0.017500000000000005,0.0125,0.25,0.0
w_a1.15_b0.35_g1.65,factory,17,0.33086220342816297,0.01575,0.011250000000000001,0.225,0.0
w_a1.15_b0.35_g1.65,factory,18,0.33860503129090985,0.01575,0.011250000000000001,0.225,0.0
w_a1.15_b0.35_g1.65,factory,19,0.3330348618430354,0.016333333333333335,0.011666666666666667,0.23333333333333334,0.0
w_a1.15_b0.35_g1.65,factory,20,0.33811985220587987,0.015750000000000004,0.011250000000000001,0.225,0.0
w_a1.15_b0.35_g1.65,factory,21,0.33258737315228737,0.01575,0.011250000000000001,0.225,0.0
w_a1.15_b0.35_g1.65,factory,22,0.3301841106726594,0.019833333333333335,0.014166666666666668,0.2833333333333333,0.0
w_a1.15_b0.35_g1.65,factory,23,0.3316725676094805,0.018083333333333333,0.012916666666666667,0.25833333333333336,0.0
w_a1.15_b0.35_g1.65,factory,24,0.3317958224392497,0.016333333333333335,0.011666666666666667,0.23333333333333334,0.0
w_a1.15_b0.35_g1.65,factory,25,0.3305576903127855,0.016333333333333335,0.011666666666666665,0.23333333333333334,0.0
w_a1.15_b0.35_g1.65,factory,26,0.33429454683240534,0.018083333333333333,0.012916666666666667,0.25833333333333336,0.0
w_a1.15_b0.35_g1.65,factory,27,0.3293658700739987,0.02041666666666667,0.014583333333333334,0.2916666666666667,0.0
w_a1.15_b0.35_g1.65,factory,28,0.338040036124645,0.0175,0.0125,0.25,0.0
w_a1.15_b0.35_g1.65,factory,29,0.32811603683945745,0.019250000000000003,0.01375,0.275,0.0
w_a1.15_b0.35_g1.65,factory,30,0.3304926793420969,0.01691666666666667,0.012083333333333333,0.24166666666666667,0.0
w_a1.15_b0.35_g1.65,factory,31,0.33655972399012046,0.016333333333333335,0.011666666666666667,0.23333333333333334,0.0
w_a1.15_b0.35_g1.65,factory,32,0.3284311102352488,0.0175,0.0125,0.25,0.0
w_a1.15_b0.35_g1.65,factory,33,0.3368272847745672,0.014000000000000002,0.010000000000000002,0.2,0.0
w_a1.15_b0.35_g1.65,factory,34,0.3260943336913371,0.01691666666666667,0.012083333333333335,0.24166666666666667,0.0
w_a1.15_b0.35_g1.65,factory,35,0.33432834646933784,0.017500000000000005,0.0125,0.25,0.0
w_a1.15_b0.35_g1.65,factory,36,0.3297048652707882,0.01575,0.011250000000000001,0.225,0.0
w_a1.15_b0.35_g1.65,factory,37,0.33110098540968547,0.013416666666666669,0.009583333333333334,0.19166666666666668,0.0
w_a1.15_b0.35_g1.65,factory,38,0.33932949450405625,0.012833333333333334,0.009166666666666667,0.18333333333333332,0.0
w_a1.15_b0.35_g1.65,factory,39,0.3315784578655044,0.017500000000000005,0.0125,0.25,0.0
w_a1.15_b0.7_g0.55,forklift,0,0.306926788592511,0.04133333333333333,0.04133333333333333,0.25833333333333336,0.0
w_a1.15_b0.7_g0.55,forklift,1,0.3102641005436842,0.036000000000000004,0.036000000000000004,0.225,0.0
w_a1.15_b0.7_g0.55,forklift,2,0.3113965527925932,0.03866666666666666,0.03866666666666666,0.24166666666666667,0.0
w_a1.15_b0.7_g0.55,forklift,3,0.31207126701959165,0.036000000000000004,0.036000000000000004,0.225,0.0
w_a1.15_b0.7_g0.55,forklift,4,0.307127800326093,0.04133333333333333,0.04133333333333333,0.25833333333333336,0.0
w_a1.15_b0.7_g0.55,forklift,5,0.3023489493227918,0.04,0.04,0.25,0.0
w_a1.15_b0.7_g0.55,forklift,6,0.31388425095079886,0.037333333333333336,0.037333333333333336,0.23333333333333334,0.0
w_a1.15_b0.7_g0.55,forklift,7,0.3010743775476943,0.04266666666666667,0.04266666666666667,0.26666666666666666,0.0
w_a1.15_b0.7_g0.55,forklift,8,0.3051251698439523,0.044000000000000004,0.044000000000000004,0.275,0.0
w_a1.15_b0.7_g0.55,forklift,9,0.30655582295274536,0.04133333333333334,0.04133333333333334,0.25833333333333336,0.0
w_a1.15_b0.7_g0.55,forklift,10,0.3047260511995053,0.037333333333333336,0.037333333333333336,0.23333333333333334,0.0
w_a1.15_b0.7_g0.55,forklift,11,0.3049074167881323,0.03333333333333333,0.03333333333333333,0.20833333333333334,0.0
w_a1.15_b0.7_g0.55,forklift,12,0.3076225582544312,0.04133333333333334,0.04133333333333334,0.25833333333333336,0.0
w_a1.15_b0.7_g0.55,forklift,13,0.3087467807785131,0.04000000000000001,0.04000000000000001,0.25,0.0
w_a1.15_b0.7_g0.55,forklift,14,0.306520268515659,0.04133333333333334,0.04133333333333334,0.25833333333333336,0.0
w_a1.15_b0.7_g0.55,forklift,15,0.30938047073757496,0.03333333333333333,0.03333333333333333,0.20833333333333334,0.0
w_a1.15_b0.7_g0.55,forklift,16,0.3085039292278932,0.044000000000000004,0.044000000000000004,0.275,0.0
w_a1.15_b0.7_g0.55,forklift,17,0.30142241100847605,0.04533333333333333,0.04533333333333333,0.2833333333333333,0.0
w_a1.15_b0.7_g0.55,forklift,18,0.3023683662595664,0.04133333333333333,0.04133333333333333,0.25833333333333336,0.0
w_a1.15_b0.7_g0.55,forklift,19,0.3002579114564551,0.048,0.048,0.3,0.0
w_a1.15_b0.7_g0.55,forklift,20,0.30733998960297376,0.042666666666666665,0.042666666666666665,0.26666666666666666,0.0
w_a1.15_b0.7_g0.55,forklift,21,0.31103713911726366,0.04133333333333333,0.04133333333333333,0.25833333333333336,0.0
w_a1.15_b0.7_g0.55,forklift,22,0.31198194337072754,0.037333333333333336,0.037333333333333336,0.23333333333333334,0.0
w_a1.15_b0.7_g0.55,forklift,23,0.3083514582786048,0.04133333333333333,0.04133333333333333,0.25833333333333336,0.0
w_a1.15_b0.7_g0.55,forklift,24,0.30450144714902244,0.04133333333333334,0.04133333333333334,0.25833333333333336,0.0
w_a1.15_b0.7_g0.55,forklift,25,0.3058127640696658,0.04133333333333334,0.04133333333333334,0.25833333333333336,0.0
w_a1.15_b0.7_g0.55,forklift,26,0.3110824226982881,0.032,0.032,0.2,0.0
w_a1.15_b0.7_g0.55,forklift,27,0.3108144482212167,0.029333333333333336,0.029333333333333336,0.18333333333333332,0.0
w_a1.15_b0.7_g0.55,forklift,28,0.30902416110056663,0.037333333333333336,0.037333333333333336,0.23333333333333334,0.0
w_a1.15_b0.7_g0.55,forklift,29,0.3131978594822798,0.036000000000000004,0.036000000000000004,0.225,0.0
w_a1.15_b0.7_g0.55,forklift,30,0.3100032790796473,0.04,0.04,0.25,0.0
w_a1.15_b0.7_g0.55,forklift,31,0.3130527440680435,0.04133333333333333,0.04133333333333333,0.25833333333333336,0.0
w_a1.15_b0.7_g0.55,forklift,32,0.31218783491539787,0.04000000000000001,0.04000000000000001,0.25,0.0
w_a1.15_b0.7_g0.55,forklift,33,0.30664508860004047,0.04133333333333333,0.04133333333333333,0.25833333333333336,0.0
w_a1.15_b0.7_g0.55,forklift,34,0.3047831062426695,0.04133333333333334,0.04133333333333334,0.25833333333333336,0.0
w_a1.15_b0.7_g0.55,forklift,35,0.30971450661739935,0.042666666666666665,0.042666666666666665,0.26666666666666666,0.0
w_a1.15_b0.7_g0.55,forklift,36,0.3078717774037115,0.042666666666666665,0.042666666666666665,0.26666666666666666,0.0
w_a1.15_b0.7_g0.55,forklift,37,0.30130847958928686,0.043500000000000004,0.04416666666666667,0.275,0.0
w_a1.15_b0.7_g0.55,forklift,38,0.2986222998261923,0.04533333333333333,0.04533333333333333,0.2833333333333333,0.0
w_a1.15_b0.7_g0.55,forklift,39,0.3014455964671798,0.042666666666666665,0.042666666666666665,0.26666666666666666,0.0
w_a1.15_b0.7_g0.55,crane,0,0.3073587606886278,0.032,0.032,0.2,0.0
w_a1.15_b0.7_g0.55,crane,1,0.2949716074953868,0.04133333333333333,0.04133333333333333,0.25833333333333336,0.0
w_a1.15_b0.7_g0.55,crane,2,0.2985934395201942,0.042666666666666665,0.042666666666666665,0.26666666666666666,0.0
w_a1.15_b0.7_g0.55,crane,3,0.3070993724679666,0.032,0.032,0.2,0.0
w_a1.15_b0.7_g0.55,crane,4,0.30729830446539064,0.037333333333333336,0.037333333333333336,0.23333333333333334,0.0
w_a1.15_b0.7_g0.55,crane,5,0.29999312140369877,0.036000000000000004,0.036000000000000004,0.225,0.0
w_a1.15_b0.7_g0.55,crane,6,0.29757959753315644,0.04266666666666667,0.04266666666666667,0.26666666666666666,0.0
w_a1.15_b0.7_g0.55,crane,7,0.30664700610285667,0.03333333333333333,0.03333333333333333,0.20833333333333334,0.0
w_a1.15_b0.7_g0.55,crane,8,0.30304006871445,0.04266666666666666,0.04266666666666666,0.26666666666666666,0.0
w_a1.15_b0.7_g0.55,crane,9,0.29879066275570926,0.036000000000000004,0.036000000000000004,0.225,0.0
w_a1.15_b0.7_g0.55,crane,10,0.3043396827534399,0.034666666666666665,0.034666666666666665,0.21666666666666667,0.0
w_a1.15_b0.7_g0.55,crane,11,0.3035955742206026,0.04133333333333334,0.04133333333333334,0.25833333333333336,0.0
w_a1.15_b0.7_g0.55,crane,12,0.30025831734942265,0.03866666666666667,0.03866666666666667,0.24166666666666667,0.0
w_a1.15_b0.7_g0.55,crane,13,0.30294480198221835,0.03866666666666667,0.03866666666666667,0.24166666666666667,0.0
w_a1.15_b0.7_g0.55,crane,14,0.2931311094009164,0.04483333333333334,0.045500000000000006,0.2833333333333333,0.0
w_a1.15_b0.7_g0.55,crane,15,0.3030610435377026,0.034666666666666665,0.034666666666666665,0.21666666666666667,0.0
w_a1.15_b0.7_g0.55,crane,16,0.30811535609799967,0.03866666666666667,0.03866666666666667,0.24166666666666667,0.0
w_a1.15_b0.7_g0.55,crane,17,0.30485812796546463,0.03816666666666667,0.03883333333333334,0.24166666666666667,0.0
w_a1.15_b0.7_g0.55,crane,18,0.3016016223332379,0.037333333333333336,0.037333333333333336,0.23333333333333334,0.0
w_a1.15_b0.7_g0.55,crane,19,0.30442041253779534,0.04133333333333334,0.04133333333333334,0.25833333333333336,0.0
w_a1.15_b0.7_g0.55,crane,20,0.31248380683829485,0.036000000000000004,0.036000000000000004,0.225,0.0
w_a1.15_b0.7_g0.55,crane,21,0.30733701831745996,0.03333333333333333,0.03333333333333333,0.20833333333333334,0.0
w_a1.15_b0.7_g0.55,crane,22,0.29642368031086713,0.04533333333333333,0.04533333333333333,0.2833333333333333,0.0
w_a1.15_b0.7_g0.55,crane,23,0.3046484568962431,0.04,0.04,0.25,0.0
w_a1.15_b0.7_g0.55,crane,24,0.3006247942128327,0.04133333333333334,0.04133333333333334,0.25833333333333336,0.0
w_a1.15_b0.7_g0.55,crane,25,0.2969447431362168,0.044000000000000004,0.044000000000000004,0.275,0.0
w_a1.15_b0.7_g0.55,crane,26,0.2981078272441149,0.04133333333333333,0.04133333333333333,0.25833333333333336,0.0
w_a1.15_b0.7_g0.55,crane,27,0.2971063565411125,0.04000000000000001,0.04000000000000001,0.25,0.0
w_a1.15_b0.7_g0.55,crane,28,0.30150835635168083,0.03866666666666667,0.03866666666666667,0.24166666666666667,0.0
w_a1.15_b0.7_g0.55,crane,29,0.30093003482261615,0.04000000000000001,0.04000000000000001,0.25,0.0
w_a1.15_b0.7_g0.55,crane,30,0.30335519941825007,0.0395,0.04016666666666667,0.25,0.0
w_a1.15_b0.7_g0.55,crane,31,0.3031653382132976,0.04133333333333333,0.04133333333333333,0.25833333333333336,0.0
w_a1.15_b0.7_g0.55,crane,32,0.2980834873143576,0.04133333333333333,0.04133333333333333,0.25833333333333336,0.0
w_a1.15_b0.7_g0.55,crane,33,0.30249426146936215,0.04133333333333333,0.04133333333333333,0.25833333333333336,0.0
w_a1.15_b0.7_g0.55,crane,34,0.3049634276754793,0.037333333333333336,0.037333333333333336,0.23333333333333334,0.0
w_a1.15_b0.7_g0.55,crane,35,0.3017806190848015,0.03866666666666667,0.03866666666666667,0.24166666666666667,0.0
w_a1.15_b0.7_g0.55,crane,36,0.2996745141131842,0.03816666666666667,0.03883333333333334,0.24166666666666667,0.0
w_a1.15_b0.7_g0.55,crane,37,0.2911220669848164,0.04666666666666666,0.04666666666666666,0.2916666666666667,0.0
w_a1.15_b0.7_g0.55,crane,38,0.31085712273141675,0.037333333333333336,0.037333333333333336,0.23333333333333334,0.0
w_a1.15_b0.7_g0.55,crane,39,0.2838660405869077,0.048,0.048,0.3,0.0
w_a1.15_b0.7_g0.55,substation,0,0.3125485740930383,0.036000000000000004,0.036000000000000004,0.225,0.0
w_a1.15_b0.7_g0.55,substation,1,0.3098925266738386,0.032,0.032,0.2,0.0
w_a1.15_b0.7_g0.55,substation,2,0.303510318270348,0.03866666666666667,0.03866666666666667,0.24166666666666667,0.0
w_a1.15_b0.7_g0.55,substation,3,0.29919377324879703,0.04533333333333333,0.04533333333333333,0.2833333333333333,0.0
w_a1.15_b0.7_g0.55,substation,4,0.30807162211132455,0.03333333333333333,0.03333333333333333,0.20833333333333334,0.0
w_a1.15_b0.7_g0.55,substation,5,0.30286035644713016,0.042666666666666665,0.042666666666666665,0.26666666666666666,0.0
w_a1.15_b0.7_g0.55,substation,6,0.30750085381667314,0.034666666666666665,0.034666666666666665,0.21666666666666667,0.0
w_a1.15_b0.7_g0.55,substation,7,0.3032585722350321,0.03866666666666667,0.03866666666666667,0.24166666666666667,0.0
w_a1.15_b0.7_g0.55,substation,8,0.30539639708250144,0.04,0.04,0.25,0.0
w_a1.15_b0.7_g0.55,substation,9,0.30645731052531827,0.04133333333333334,0.04133333333333334,0.25833333333333336,0.0
w_a1.15_b0.7_g0.55,substation,10,0.30235054732897015,0.037333333333333336,0.037333333333333336,0.23333333333333334,0.0
w_a1.15_b0.7_g0.55,substation,11,0.29960511632877657,0.044000000000000004,0.044000000000000004,0.275,0.0
w_a1.15_b0.7_g0.55,substation,12,0.3067649564790417,0.04133333333333334,0.04133333333333334,0.25833333333333336,0.0
w_a1.15_b0.7_g0.55,substation,13,0.3103494145698285,0.04,0.04,0.25,0.0
w_a1.15_b0.7_g0.55,substation,14,0.305093955268726,0.036000000000000004,0.036000000000000004,0.225,0.0
w_a1.15_b0.7_g0.55,substation,15,0.3045561461655648,0.037333333333333336,0.037333333333333336,0.23333333333333334,0.0
w_a1.15_b0.7_g0.55,substation,16,0.30013678776081687,0.04133333333333333,0.04133333333333333,0.25833333333333336,0.0
w_a1.15_b0.7_g0.55,substation,17,0.30460196699419945,0.04133333333333334,0.04133333333333334,0.25833333333333336,0.0
w_a1.15_b0.7_g0.55,substation,18,0.30082745471818917,0.04666666666666666,0.04666666666666666,0.2916666666666667,0.0
w_a1.15_b0.7_g0.55,substation,19,0.3054665190959257,0.04133333333333333,0.04133333333333333,0.25833333333333336,0.0
w_a1.15_b0.7_g0.55,substation,20,0.3053511495960046,0.04,0.04,0.25,0.0
w_a1.15_b0.7_g0.55,substation,21,0.30282632048680885,0.044000000000000004,0.044000000000000004,0.275,0.0
w_a1.15_b0.7_g0.55,substation,22,0.30739362135944337,0.0355,0.036166666666666666,0.225,0.0
w_a1.15_b0.7_g0.55,substation,23,0.3046622214282758,0.04,0.04,0.25,0.0
w_a1.15_b0.7_g0.55,substation,24,0.2981301807128685,0.044000000000000004,0.044000000000000004,0.275,0.0
w_a1.15_b0.7_g0.55,substation,25,0.302538228254336,0.03866666666666667,0.03866666666666667,0.24166666666666667,0.0
w_a1.15_b0.7_g0.55,substation,26,0.3067399287217483,0.03866666666666667,0.03866666666666667,0.24166666666666667,0.0
w_a1.15_b0.7_g0.55,substation,27,0.31222789739098217,0.03866666666666666,0.03866666666666666,0.24166666666666667,0.0
w_a1.15_b0.7_g0.55,substation,28,0.29430428263700104,0.04533333333333333,0.04533333333333333,0.2833333333333333,0.0
w_a1.15_b0.7_g0.55,substation,29,0.3008287212654313,0.04,0.04,0.25,0.0
w_a1.15_b0.7_g0.55,substation,30,0.30927328585673375,0.04,0.04,0.25,0.0
w_a1.15_b0.7_g0.55,substation,31,0.3136241024399285,0.034666666666666665,0.034666666666666665,0.21666666666666667,0.0
w_a1.15_b0.7_g0.55,substation,32,0.30802935707799095,0.04133333333333334,0.04133333333333334,0.25833333333333336,0.0
w_a1.15_b0.7_g0.55,substation,33,0.305493054872705,0.04,0.04,0.25,0.0
w_a1.15_b0.7_g0.55,substation,34,0.30267228215784325,0.04133333333333333,0.04133333333333333,0.25833333333333336,0.0
w_a1.15_b0.7_g0.55,substation,35,0.3031250105126959,0.04000000000000001,0.04000000000000001,0.25,0.0
w_a1.15_b0.7_g0.55,substation,36,0.3058549913236058,0.044,0.044,0.275,0.0
w_a1.15_b0.7_g0.55,substation,37,0.30078560867173554,0.04266666666666667,0.04266666666666667,0.26666666666666666,0.0
w_a1.15_b0.7_g0.55,substation,38,0.3036889777259089,0.037333333333333336,0.037333333333333336,0.23333333333333334,0.0
w_a1.15_b0.7_g0.55,substation,39,0.3056513851692931,0.037333333333333336,0.037333333333333336,0.23333333333333334,0.0
w_a1.15_b0.7_g0.55,mining,0,0.2956854825867835,0.04133333333333333,0.04133333333333333,0.25833333333333336,0.0
w_a1.15_b0.7_g0.55,mining,1,0.2973582020689613,0.04,0.04,0.25,0.0
w_a1.15_b0.7_g0.55,mining,2,0.3030376816188822,0.03866666666666667,0.03866666666666667,0.24166666666666667,0.0
w_a1.15_b0.7_g0.55,mining,3,0.29693895184608526,0.03866666666666667,0.03866666666666667,0.24166666666666667,0.0
w_a1.15_b0.7_g0.55,mining,4,0.3043812836399319,0.034666666666666665,0.034666666666666665,0.21666666666666667,0.0
w_a1.15_b0.7_g0.55,mining,5,0.30273863425314324,0.04,0.04,0.25,0.0
w_a1.15_b0.7_g0.55,mining,6,0.2977277000827724,0.037333333333333336,0.037333333333333336,0.23333333333333334,0.0
w_a1.15_b0.7_g0.55,mining,7,0.2972107706848324,0.042666666666666665,0.042666666666666665,0.26666666666666666,0.0
w_a1.15_b0.7_g0.55,mining,8,0.2932453836122502,0.044,0.044,0.275,0.0
w_a1.15_b0.7_g0.55,mining,9,0.29467476506376916,0.04133333333333333,0.04133333333333333,0.25833333333333336,0.0
w_a1.15_b0.7_g0.55,mining,10,0.30027391359860417,0.036000000000000004,0.036000000000000004,0.225,0.0
w_a1.15_b0.7_g0.55,mining,11,0.2952258700773687,0.04533333333333333,0.04533333333333333,0.2833333333333333,0.0
w_a1.15_b0.7_g0.55,mining,12,0.29562723941834046,0.04533333333333333,0.04533333333333333,0.2833333333333333,0.0
w_a1.15_b0.7_g0.55,mining,13,0.30130662856328266,0.04000000000000001,0.04000000000000001,0.25,0.0
w_a1.15_b0.7_g0.55,mining,14,0.3015170192950849,0.037333333333333336,0.037333333333333336,0.23333333333333334,0.0
w_a1.15_b0.7_g0.55,mining,15,0.2966928795356882,0.04133333333333334,0.04133333333333334,0.25833333333333336,0.0
w_a1.15_b0.7_g0.55,mining,16,0.30833423152008027,0.034666666666666665,0.034666666666666665,0.21666666666666667,0.0
w_a1.15_b0.7_g0.55,mining,17,0.2998103026391717,0.04000000000000001,0.04000000000000001,0.25,0.0
w_a1.15_b0.7_g0.55,mining,18,0.2994054913771321,0.037333333333333336,0.037333333333333336,0.23333333333333334,0.0
w_a1.15_b0.7_g0.55,mining,19,0.2983867549316591,0.04133333333333334,0.04133333333333334,0.25833333333333336,0.0
w_a1.15_b0.7_g0.55,mining,20,0.3012465397777802,0.03866666666666667,0.03866666666666667,0.24166666666666667,0.0
w_a1.15_b0.7_g0.55,mining,21,0.3024653146089601,0.044000000000000004,0.044000000000000004,0.275,0.0
w_a1.15_b0.7_g0.55,mining,22,0.30365226762194236,0.036000000000000004,0.036000000000000004,0.225,0.0
w_a1.15_b0.7_g0.55,mining,23,0.2977269768132825,0.04000000000000001,0.04000000000000001,0.25,0.0
w_a1.15_b0.7_g0.55,mining,24,0.30350419626883585,0.036000000000000004,0.036000000000000004,0.225,0.0
w_a1.15_b0.7_g0.55,mining,25,0.29968176549324427,0.04133333333333334,0.04133333333333334,0.25833333333333336,0.0
w_a1.15_b0.7_g0.55,mining,26,0.292868617998374,0.0355,0.036166666666666666,0.225,0.0
w_a1.15_b0.7_g0.55,mining,27,0.29726588135674703,0.036833333333333336,0.0375,0.23333333333333334,0.0
w_a1.15_b0.7_g0.55,mining,28,0.2984157610499908,0.037333333333333336,0.037333333333333336,0.23333333333333334,0.0
w_a1.15_b0.7_g0.55,mining,29,0.29046771619862316,0.048,0.048,0.3,0.0
w_a1.15_b0.7_g0.55,mining,30,0.3021104271318009,0.042666666666666665,0.042666666666666665,0.26666666666666666,0.0
w_a1.15_b0.7_g0.55,mining,31,0.2870715666176855,0.04533333333333334,0.04533333333333334,0.2833333333333333,0.0
w_a1.15_b0.7_g0.55,mining,32,0.29708726452759404,0.04133333333333334,0.04133333333333334,0.25833333333333336,0.0
w_a1.15_b0.7_g0.55,mining,33,0.2914952369502423,0.043500000000000004,0.044166666666666674,0.275,0.0
w_a1.15_b0.7_g0.55,mining,34,0.28916928776057327,0.044,0.044,0.275,0.0
w_a1.15_b0.7_g0.55,mining,35,0.2960527797866341,0.03866666666666666,0.03866666666666666,0.24166666666666667,0.0
w_a1.15_b0.7_g0.55,mining,36,0.3010081136586132,0.03866666666666667,0.03866666666666667,0.24166666666666667,0.0
w_a1.15_b0.7_g0.55,mining,37,0.29358295852733873,0.04133333333333333,0.04133333333333333,0.25833333333333336,0.0
w_a1.15_b0.7_g0.55,mining,38,0.29054816516027415,0.04533333333333333,0.04533333333333333,0.2833333333333333,0.0
w_a1.15_b0.7_g0.55,mining,39,0.2971284346067513,0.034666666666666665,0.034666666666666665,0.21666666666666667,0.0
w_a1.15_b0.7_g0.55,oil_gas,0,0.2918813729814632,0.03866666666666666,0.03866666666666666,0.24166666666666667,0.0
w_a1.15_b0.7_g0.55,oil_gas,1,0.28957127380702663,0.04133333333333333,0.04133333333333333,0.25833333333333336,0.0
w_a1.15_b0.7_g0.55,oil_gas,2,0.2827702982990688,0.050666666666666665,0.050666666666666665,0.31666666666666665,0.0
w_a1.15_b0.7_g0.55,oil_gas,3,0.2950637256683324,0.04000000000000001,0.04000000000000001,0.25,0.0
w_a1.15_b0.7_g0.55,oil_gas,4,0.29578018629537667,0.04133333333333333,0.04133333333333333,0.25833333333333336,0.0
w_a1.15_b0.7_g0.55,oil_gas,5,0.2933914105665502,0.04133333333333334,0.04133333333333334,0.25833333333333336,0.0
w_a1.15_b0.7_g0.55,oil_gas,6,0.29576509171585913,0.03866666666666667,0.03866666666666667,0.24166666666666667,0.0
w_a1.15_b0.7_g0.55,oil_gas,7,0.30162786337012376,0.04,0.04,0.25,0.0
w_a1.15_b0.7_g0.55,oil_gas,8,0.2972588086536985,0.036000000000000004,0.036000000000000004,0.225,0.0
w_a1.15_b0.7_g0.55,oil_gas,9,0.29446967633587273,0.044000000000000004,0.044000000000000004,0.275,0.0
w_a1.15_b0.7_g0.55,oil_gas,10,0.2905358950300879,0.048,0.048,0.3,0.0
w_a1.15_b0.7_g0.55,oil_gas,11,0.30078935134232127,0.037333333333333336,0.037333333333333336,0.23333333333333334,0.0
w_a1.15_b0.7_g0.55,oil_gas,12,0.2969099571433521,0.037333333333333336,0.037333333333333336,0.23333333333333334,0.0
w_a1.15_b0.7_g0.55,oil_gas,13,0.2963216179065616,0.04133333333333333,0.04133333333333333,0.25833333333333336,0.0
w_a1.15_b0.7_g0.55,oil_gas,14,0.3003036968580963,0.037333333333333336,0.037333333333333336,0.23333333333333334,0.0
w_a1.15_b0.7_g0.55,oil_gas,15,0.30111571360411854,0.042666666666666665,0.042666666666666665,0.26666666666666666,0.0
w_a1.15_b0.7_g0.55,oil_gas,16,0.2935905020079929,0.04666666666666666,0.04666666666666666,0.2916666666666667,0.0
w_a1.15_b0.7_g0.55,oil_gas,17,0.29512194450242757,0.044,0.044,0.275,0.0
w_a1.15_b0.7_g0.55,oil_gas,18,0.2979593398174455,0.04133333333333333,0.04133333333333333,0.25833333333333336,0.0
w_a1.15_b0.7_g0.55,oil_gas,19,0.29055735839564273,0.04533333333333333,0.04533333333333333,0.2833333333333333,0.0
w_a1.15_b0.7_g0.55,oil_gas,20,0.290209533790555,0.04216666666666667,0.04283333333333334,0.26666666666666666,0.0
w_a1.15_b0.7_g0.55,oil_gas,21,0.3016672967288277,0.04133333333333333,0.04133333333333333,0.25833333333333336,0.0
w_a1.15_b0.7_g0.55,oil_gas,22,0.29248959428178295,0.04533333333333333,0.04533333333333333,0.2833333333333333,0.0
w_a1.15_b0.7_g0.55,oil_gas,23,0.28928634340811327,0.048,0.048,0.3,0.0
w_a1.15_b0.7_g0.55,oil_gas,24,0.2936118798259365,0.044,0.044,0.275,0.0
w_a1.15_b0.7_g0.55,oil_gas,25,0.2858969130756537,0.050666666666666665,0.050666666666666665,0.31666666666666665,0.0
w_a1.15_b0.7_g0.55,oil_gas,26,0.2934733427486268,0.044,0.044,0.275,0.0
w_a1.15_b0.7_g0.55,oil_gas,27,0.30053506528508717,0.04133333333333333,0.04133333333333333,0.25833333333333336,0.0
w_a1.15_b0.7_g0.55,oil_gas,28,0.28966643937200776,0.044000000000000004,0.044000000000000004,0.275,0.0
w_a1.15_b0.7_g0.55,oil_gas,29,0.29697715412886583,0.04000000000000001,0.04000000000000001,0.25,0.0
w_a1.15_b0.7_g0.55,oil_gas,30,0.30361716949930756,0.03866666666666667,0.03866666666666667,0.24166666666666667,0.0
w_a1.15_b0.7_g0.55,oil_gas,31,0.29847858639066777,0.03866666666666667,0.03866666666666667,0.24166666666666667,0.0
w_a1.15_b0.7_g0.55,oil_gas,32,0.2933277769764419,0.04133333333333333,0.04133333333333333,0.25833333333333336,0.0
w_a1.15_b0.7_g0.55,oil_gas,33,0.2946308437169316,0.048,0.048,0.3,0.0
w_a1.15_b0.7_g0.55,oil_gas,34,0.29303005682726296,0.03866666666666667,0.03866666666666667,0.24166666666666667,0.0
w_a1.15_b0.7_g0.55,oil_gas,35,0.30500300937826824,0.037333333333333336,0.037333333333333336,0.23333333333333334,0.0
w_a1.15_b0.7_g0.55,oil_gas,36,0.297340138970261,0.036000000000000004,0.036000000000000004,0.225,0.0
w_a1.15_b0.7_g0.55,oil_gas,37,0.2989749919931146,0.034666666666666665,0.034666666666666665,0.21666666666666667,0.0
w_a1.15_b0.7_g0.55,oil_gas,38,0.29890999084083597,0.04083333333333334,0.0415,0.25833333333333336,0.0
w_a1.15_b0.7_g0.55,oil_gas,39,0.2966181511307442,0.04133333333333334,0.04133333333333334,0.25833333333333336,0.0
w_a1.15_b0.7_g0.55,factory,0,0.3123660537334387,0.03333333333333333,0.03333333333333333,0.20833333333333334,0.0
w_a1.15_b0.7_g0.55,factory,1,0.3171484694885091,0.034666666666666665,0.034666666666666665,0.21666666666666667,0.0
w_a1.15_b0.7_g0.55,factory,2,0.3080440001630256,0.03866666666666667,0.03866666666666667,0.24166666666666667,0.0
w_a1.15_b0.7_g0.55,factory,3,0.3194154637891697,0.04000000000000001,0.04000000000000001,0.25,0.0
w_a1.15_b0.7_g0.55,factory,4,0.3147844542365237,0.034666666666666665,0.034666666666666665,0.21666666666666667,0.0
w_a1.15_b0.7_g0.55,factory,5,0.3116962857491276,0.04000000000000001,0.04000000000000001,0.25,0.0
w_a1.15_b0.7_g0.55,factory,6,0.31181596085871394,0.044000000000000004,0.044000000000000004,0.275,0.0
w_a1.15_b0.7_g0.55,factory,7,0.3203951597599997,0.034666666666666665,0.034666666666666665,0.21666666666666667,0.0
w_a1.15_b0.7_g0.55,factory,8,0.3150732561478925,0.037333333333333336,0.037333333333333336,0.23333333333333334,0.0
w_a1.15_b0.7_g0.55,factory,9,0.3163310762248843,0.037333333333333336,0.037333333333333336,0.23333333333333334,0.0
w_a1.15_b0.7_g0.55,factory,10,0.31790228620844635,0.037333333333333336,0.037333333333333336,0.23333333333333334,0.0
w_a1.15_b0.7_g0.55,factory,11,0.3073494365646771,0.04666666666666666,0.04666666666666666,0.2916666666666667,0.0
w_a1.15_b0.7_g0.55,factory,12,0.31925582661604607,0.037333333333333336,0.037333333333333336,0.23333333333333334,0.0
w_a1.15_b0.7_g0.55,factory,13,0.31636976964916225,0.03866666666666667,0.03866666666666667,0.24166666666666667,0.0
w_a1.15_b0.7_g0.55,factory,14,0.30670072906024437,0.04133333333333333,0.04133333333333333,0.25833333333333336,0.0
w_a1.15_b0.7_g0.55,factory,15,0.3195513414924253,0.036000000000000004,0.036000000000000004,0.225,0.0
w_a1.15_b0.7_g0.55,factory,16,0.31721574160992805,0.04,0.04,0.25,0.0
w_a1.15_b0.7_g0.55,factory,17,0.31398720342816294,0.036000000000000004,0.036000000000000004,0.225,0.0
w_a1.15_b0.7_g0.55,factory,18,0.32173003129090993,0.036000000000000004,0.036000000000000004,0.225,0.0
w_a1.15_b0.7_g0.55,factory,19,0.31553486184303536,0.037333333333333336,0.037333333333333336,0.23333333333333334,0.0
w_a1.15_b0.7_g0.55,factory,20,0.32124485220587995,0.036000000000000004,0.036000000000000004,0.225,0.0
w_a1.15_b0.7_g0.55,factory,21,0.3157123731522874,0.036000000000000004,0.036000000000000004,0.225,0.0
w_a1.15_b0.7_g0.55,factory,22,0.3089341106726593,0.04533333333333334,0.04533333333333334,0.2833333333333333,0.0
w_a1.15_b0.7_g0.55,factory,23,0.31229756760948046,0.04133333333333333,0.04133333333333333,0.25833333333333336,0.0
w_a1.15_b0.7_g0.55,factory,24,0.3142958224392497,0.037333333333333336,0.037333333333333336,0.23333333333333334,0.0
w_a1.15_b0.7_g0.55,factory,25,0.31305769031278546,0.037333333333333336,0.037333333333333336,0.23333333333333334,0.0
w_a1.15_b0.7_g0.55,factory,26,0.31491954683240536,0.04133333333333334,0.04133333333333334,0.25833333333333336,0.0
w_a1.15_b0.7_g0.55,factory,27,0.3074908700739987,0.04666666666666666,0.04666666666666666,0.2916666666666667,0.0
w_a1.15_b0.7_g0.55,factory,28,0.319290036124645,0.04000000000000001,0.04000000000000001,0.25,0.0
w_a1.15_b0.7_g0.55,factory,29,0.3074910368394575,0.044,0.044,0.275,0.0
w_a1.15_b0.7_g0.55,factory,30,0.31236767934209697,0.03866666666666667,0.03866666666666667,0.24166666666666667,0.0
w_a1.15_b0.7_g0.55,factory,31,0.3190597239901204,0.037333333333333336,0.037333333333333336,0.23333333333333334,0.0
w_a1.15_b0.7_g0.55,factory,32,0.30968111023524875,0.04000000000000001,0.04000000000000001,0.25,0.0
w_a1.15_b0.7_g0.55,factory,33,0.32182728477456723,0.032,0.032,0.2,0.0
w_a1.15_b0.7_g0.55,factory,34,0.3079693336913371,0.03866666666666666,0.03866666666666666,0.24166666666666667,0.0
w_a1.15_b0.7_g0.55,factory,35,0.31557834646933786,0.04000000000000001,0.04000000000000001,0.25,0.0
w_a1.15_b0.7_g0.55,factory,36,0.3128298652707882,0.036000000000000004,0.036000000000000004,0.225,0.0
w_a1.15_b0.7_g0.55,factory,37,0.3167259854096855,0.03066666666666667,0.03066666666666667,0.19166666666666668,0.0
w_a1.15_b0.7_g0.55,factory,38,0.3255794945040563,0.029333333333333333,0.029333333333333333,0.18333333333333332,0.0
w_a1.15_b0.7_g0.55,factory,39,0.31282845786550434,0.04000000000000001,0.04000000000000001,0.25,0.0
w_a1.15_b0.7_g1.1,forklift,0,0.326301788592511,0.018083333333333337,0.012916666666666668,0.25833333333333336,0.0
w_a1.15_b0.7_g1.1,forklift,1,0.32713910054368417,0.01575,0.011250000000000001,0.225,0.0
w_a1.15_b0.7_g1.1,forklift,2,0.32952155279259315,0.01691666666666667,0.012083333333333335,0.24166666666666667,0.0
w_a1.15_b0.7_g1.1,forklift,3,0.3289462670195916,0.015750000000000004,0.011250000000000001,0.225,0.0
w_a1.15_b0.7_g1.1,forklift,4,0.326502800326093,0.018083333333333337,0.012916666666666668,0.25833333333333336,0.0
w_a1.15_b0.7_g1.1,forklift,5,0.3210989493227918,0.017500000000000005,0.012500000000000002,0.25,0.0
w_a1.15_b0.7_g1.1,forklift,6,0.3313842509507989,0.016333333333333335,0.011666666666666667,0.23333333333333334,0.0
w_a1.15_b0.7_g1.1,forklift,7,0.32107437754769436,0.018666666666666668,0.013333333333333334,0.26666666666666666,0.0
w_a1.15_b0.7_g1.1,forklift,8,0.3257501698439524,0.01925,0.013750000000000002,0.275,0.0
w_a1.15_b0.7_g1.1,forklift,9,0.32593082295274534,0.018083333333333337,0.012916666666666668,0.25833333333333336,0.0
w_a1.15_b0.7_g1.1,forklift,10,0.3222260511995053,0.016333333333333335,0.011666666666666667,0.23333333333333334,0.0
w_a1.15_b0.7_g1.1,forklift,11,0.3205324167881324,0.014583333333333335,0.010416666666666668,0.20833333333333334,0.0
w_a1.15_b0.7_g1.1,forklift,12,0.32699755825443116,0.018083333333333333,0.012916666666666668,0.25833333333333336,0.0
w_a1.15_b0.7_g1.1,forklift,13,0.327496780778513,0.0175,0.0125,0.25,0.0
w_a1.15_b0.7_g1.1,forklift,14,0.325895268515659,0.018083333333333333,0.012916666666666668,0.25833333333333336,0.0
w_a1.15_b0.7_g1.1,forklift,15,0.32500547073757496,0.014583333333333334,0.010416666666666666,0.20833333333333334,0.0
w_a1.15_b0.7_g1.1,forklift,16,0.3291289292278933,0.01925,0.01375,0.275,0.0
w_a1.15_b0.7_g1.1,forklift,17,0.3226724110084761,0.019833333333333335,0.014166666666666668,0.2833333333333333,0.0
w_a1.15_b0.7_g1.1,forklift,18,0.32174336625956645,0.018083333333333337,0.012916666666666668,0.25833333333333336,0.0
w_a1.15_b0.7_g1.1,forklift,19,0.3227489850692299,0.021000000000000005,0.015000000000000001,0.3,0.0
w_a1.15_b0.7_g1.1,forklift,20,0.32733998960297384,0.018666666666666668,0.013333333333333334,0.26666666666666666,0.0
w_a1.15_b0.7_g1.1,forklift,21,0.33041213911726364,0.018083333333333337,0.012916666666666667,0.25833333333333336,0.0
w_a1.15_b0.7_g1.1,forklift,22,0.3294819433707275,0.016333333333333335,0.011666666666666667,0.23333333333333334,0.0
w_a1.15_b0.7_g1.1,forklift,23,0.3277264582786048,0.018083333333333337,0.012916666666666668,0.25833333333333336,0.0
w_a1.15_b0.7_g1.1,forklift,24,0.3238764471490224,0.018083333333333333,0.012916666666666667,0.25833333333333336,0.0
w_a1.15_b0.7_g1.1,forklift,25,0.32518776406966576,0.018083333333333333,0.012916666666666667,0.25833333333333336,0.0
w_a1.15_b0.7_g1.1,forklift,26,0.32608242269828813,0.014000000000000002,0.010000000000000002,0.2,0.0
w_a1.15_b0.7_g1.1,forklift,27,0.3245644482212168,0.012833333333333334,0.009166666666666667,0.18333333333333332,0.0
w_a1.15_b0.7_g1.1,forklift,28,0.3265241611005666,0.016333333333333335,0.011666666666666667,0.23333333333333334,0.0
w_a1.15_b0.7_g1.1,forklift,29,0.33007285948227977,0.01575,0.011250000000000001,0.225,0.0
w_a1.15_b0.7_g1.1,forklift,30,0.3287439539988975,0.017500000000000005,0.012500000000000002,0.25,0.0
w_a1.15_b0.7_g1.1,forklift,31,0.33242774406804354,0.018083333333333337,0.012916666666666667,0.25833333333333336,0.0
w_a1.15_b0.7_g1.1,forklift,32,0.3309378349153978,0.0175,0.0125,0.25,0.0
w_a1.15_b0.7_g1.1,forklift,33,0.32602008860004034,0.018083333333333337,0.012916666666666667,0.25833333333333336,0.0
w_a1.15_b0.7_g1.1,forklift,34,0.3241581062426695,0.018083333333333337,0.012916666666666668,0.25833333333333336,0.0
w_a1.15_b0.7_g1.1,forklift,35,0.3297145066173994,0.018666666666666668,0.013333333333333334,0.26666666666666666,0.0
w_a1.15_b0.7_g1.1,forklift,36,0.32787177740371154,0.018666666666666668,0.013333333333333334,0.26666666666666666,0.0
w_a1.15_b0.7_g1.1,forklift,37,0.3217251462559535,0.019250000000000003,0.01375,0.275,0.0
w_a1.15_b0.7_g1.1,forklift,38,0.3198722998261923,0.019833333333333335,0.014166666666666668,0.2833333333333333,0.0
w_a1.15_b0.7_g1.1,forklift,39,0.3214455964671797,0.018666666666666668,0.013333333333333334,0.26666666666666666,0.0
w_a1.15_b0.7_g1.1,crane,0,0.32235876068862784,0.014000000000000002,0.010000000000000002,0.2,0.0
w_a1.15_b0.7_g1.1,crane,1,0.31434660749538684,0.018083333333333337,0.012916666666666668,0.25833333333333336,0.0
w_a1.15_b0.7_g1.1,crane,2,0.31859343952019425,0.018666666666666668,0.013333333333333334,0.26666666666666666,0.0
w_a1.15_b0.7_g1.1,crane,3,0.32209937246796655,0.014000000000000002,0.010000000000000002,0.2,0.0
w_a1.15_b0.7_g1.1,crane,4,0.32479830446539054,0.016333333333333335,0.011666666666666667,0.23333333333333334,0.0
w_a1.15_b0.7_g1.1,crane,5,0.3168681214036988,0.01575,0.011250000000000001,0.225,0.0
w_a1.15_b0.7_g1.1,crane,6,0.3175795975331564,0.018666666666666668,0.013333333333333334,0.26666666666666666,0.0
w_a1.15_b0.7_g1.1,crane,7,0.32227200610285667,0.014583333333333335,0.010416666666666666,0.20833333333333334,0.0
w_a1.15_b0.7_g1.1,crane,8,0.32304006871445,0.018666666666666668,0.013333333333333334,0.26666666666666666,0.0
w_a1.15_b0.7_g1.1,crane,9,0.3156656627557093,0.01575,0.011250000000000001,0.225,0.0
w_a1.15_b0.7_g1.1,crane,10,0.3205896827534399,0.015166666666666669,0.010833333333333335,0.21666666666666667,0.0
w_a1.15_b0.7_g1.1,crane,11,0.3229615940639505,0.018083333333333333,0.012916666666666667,0.25833333333333336,0.0
w_a1.15_b0.7_g1.1,crane,12,0.3183833173494227,0.01691666666666667,0.012083333333333335,0.24166666666666667,0.0
w_a1.15_b0.7_g1.1,crane,13,0.3210698019822183,0.01691666666666667,0.012083333333333335,0.24166666666666667,0.0
w_a1.15_b0.7_g1.1,crane,14,0.3141727760675831,0.01983333333333333,0.014166666666666666,0.2833333333333333,0.0
w_a1.15_b0.7_g1.1,crane,15,0.31931104353770257,0.015166666666666667,0.010833333333333334,0.21666666666666667,0.0
w_a1.15_b0.7_g1.1,crane,16,0.3262403560979997,0.01691666666666667,0.012083333333333335,0.24166666666666667,0.0
w_a1.15_b0.7_g1.1,crane,17,0.32279589449642915,0.01691666666666667,0.012083333333333335,0.24166666666666667,0.0
w_a1.15_b0.7_g1.1,crane,18,0.31910162233323786,0.016333333333333335,0.011666666666666667,0.23333333333333334,0.0
w_a1.15_b0.7_g1.1,crane,19,0.3237954125377953,0.018083333333333333,0.012916666666666667,0.25833333333333336,0.0
w_a1.15_b0.7_g1.1,crane,20,0.3293588068382948,0.01575,0.011250000000000001,0.225,0.0
w_a1.15_b0.7_g1.1,crane,21,0.32296201831745996,0.014583333333333335,0.010416666666666666,0.20833333333333334,0.0
w_a1.15_b0.7_g1.1,crane,22,0.3176736803108671,0.019833333333333335,0.014166666666666668,0.2833333333333333,0.0
w_a1.15_b0.7_g1.1,crane,23,0.3233984568962432,0.017500000000000005,0.0125,0.25,0.0
w_a1.15_b0.7_g1.1,crane,24,0.3199997942128327,0.018083333333333333,0.012916666666666667,0.25833333333333336,0.0
w_a1.15_b0.7_g1.1,crane,25,0.3175697431362169,0.019250000000000003,0.013750000000000002,0.275,0.0
w_a1.15_b0.7_g1.1,crane,26,0.3174604011180412,0.018083333333333337,0.012916666666666667,0.25833333333333336,0.0
w_a1.15_b0.7_g1.1,crane,27,0.3158563565411125,0.0175,0.0125,0.25,0.0
w_a1.15_b0.7_g1.1,crane,28,0.31963335635168083,0.01691666666666667,0.012083333333333335,0.24166666666666667,0.0
w_a1.15_b0.7_g1.1,crane,29,0.3196800348226162,0.017500000000000005,0.0125,0.25,0.0
w_a1.15_b0.7_g1.1,crane,30,0.3218968660849167,0.017500000000000005,0.012500000000000002,0.25,0.0
w_a1.15_b0.7_g1.1,crane,31,0.32254033821329753,0.018083333333333337,0.012916666666666667,0.25833333333333336,0.0
w_a1.15_b0.7_g1.1,crane,32,0.3174584873143575,0.018083333333333337,0.012916666666666668,0.25833333333333336,0.0
w_a1.15_b0.7_g1.1,crane,33,0.3218692614693622,0.018083333333333333,0.012916666666666668,0.25833333333333336,0.0
w_a1.15_b0.7_g1.1,crane,34,0.32246342767547925,0.016333333333333335,0.011666666666666667,0.23333333333333334,0.0
w_a1.15_b0.7_g1.1,crane,35,0.31990561908480164,0.01691666666666667,0.012083333333333335,0.24166666666666667,0.0
w_a1.15_b0.7_g1.1,crane,36,0.3175911807798508,0.01691666666666667,0.012083333333333335,0.24166666666666667,0.0
w_a1.15_b0.7_g1.1,crane,37,0.31299706698481633,0.02041666666666667,0.014583333333333334,0.2916666666666667,0.0
w_a1.15_b0.7_g1.1,crane,38,0.3283571227314168,0.016333333333333335,0.011666666666666665,0.23333333333333334,0.0
w_a1.15_b0.7_g1.1,crane,39,0.3063660405869077,0.021000000000000005,0.015000000000000001,0.3,0.0
w_a1.15_b0.7_g1.1,substation,0,0.32942357409303824,0.01575,0.011250000000000001,0.225,0.0
w_a1.15_b0.7_g1.1,substation,1,0.3248925266738386,0.014000000000000002,0.010000000000000002,0.2,0.0
w_a1.15_b0.7_g1.1,substation,2,0.321635318270348,0.01691666666666667,0.012083333333333335,0.24166666666666667,0.0
w_a1.15_b0.7_g1.1,substation,3,0.32044377324879714,0.019833333333333335,0.014166666666666668,0.2833333333333333,0.0
w_a1.15_b0.7_g1.1,substation,4,0.32369662211132455,0.014583333333333334,0.010416666666666666,0.20833333333333334,0.0
w_a1.15_b0.7_g1.1,substation,5,0.3228603564471301,0.018666666666666668,0.013333333333333334,0.26666666666666666,0.0
w_a1.15_b0.7_g1.1,substation,6,0.3237508538166731,0.015166666666666669,0.010833333333333334,0.21666666666666667,0.0
w_a1.15_b0.7_g1.1,substation,7,0.3213835722350321,0.01691666666666667,0.012083333333333333,0.24166666666666667,0.0
w_a1.15_b0.7_g1.1,substation,8,0.32414639708250154,0.017500000000000005,0.0125,0.25,0.0
w_a1.15_b0.7_g1.1,substation,9,0.3258323105253183,0.018083333333333333,0.012916666666666667,0.25833333333333336,0.0
w_a1.15_b0.7_g1.1,substation,10,0.3198505473289701,0.016333333333333335,0.011666666666666665,0.23333333333333334,0.0
w_a1.15_b0.7_g1.1,substation,11,0.3202301163287765,0.019250000000000003,0.01375,0.275,0.0
w_a1.15_b0.7_g1.1,substation,12,0.32613995647904165,0.018083333333333333,0.012916666666666667,0.25833333333333336,0.0
w_a1.15_b0.7_g1.1,substation,13,0.3290994145698285,0.017500000000000005,0.0125,0.25,0.0
w_a1.15_b0.7_g1.1,substation,14,0.32196895526872604,0.01575,0.011250000000000001,0.225,0.0
w_a1.15_b0.7_g1.1,substation,15,0.32205614616556477,0.016333333333333335,0.011666666666666667,0.23333333333333334,0.0
w_a1.15_b0.7_g1.1,substation,16,0.31951178776081685,0.018083333333333333,0.012916666666666667,0.25833333333333336,0.0
w_a1.15_b0.7_g1.1,substation,17,0.3239769669941995,0.018083333333333337,0.012916666666666668,0.25833333333333336,0.0
w_a1.15_b0.7_g1.1,substation,18,0.3227024547181891,0.02041666666666667,0.014583333333333334,0.2916666666666667,0.0
w_a1.15_b0.7_g1.1,substation,19,0.3248415190959257,0.018083333333333337,0.012916666666666668,0.25833333333333336,0.0
w_a1.15_b0.7_g1.1,substation,20,0.3241011495960046,0.017500000000000005,0.012500000000000002,0.25,0.0
w_a1.15_b0.7_g1.1,substation,21,0.32342279365092996,0.019250000000000003,0.01375,0.275,0.0
w_a1.15_b0.7_g1.1,substation,22,0.3240602880261099,0.01575,0.011250000000000001,0.225,0.0
w_a1.15_b0.7_g1.1,substation,23,0.3234122214282758,0.017500000000000005,0.012500000000000002,0.25,0.0
w_a1.15_b0.7_g1.1,substation,24,0.31875518071286846,0.019250000000000003,0.01375,0.275,0.0
w_a1.15_b0.7_g1.1,substation,25,0.320663228254336,0.01691666666666667,0.012083333333333335,0.24166666666666667,0.0
w_a1.15_b0.7_g1.1,substation,26,0.3248649287217483,0.01691666666666667,0.012083333333333335,0.24166666666666667,0.0
w_a1.15_b0.7_g1.1,substation,27,0.33035289739098217,0.01691666666666667,0.012083333333333335,0.24166666666666667,0.0
w_a1.15_b0.7_g1.1,substation,28,0.31555428263700097,0.019833333333333335,0.014166666666666668,0.2833333333333333,0.0
w_a1.15_b0.7_g1.1,substation,29,0.3195787212654313,0.017500000000000005,0.012500000000000002,0.25,0.0
w_a1.15_b0.7_g1.1,substation,30,0.32802328585673374,0.017500000000000005,0.012500000000000002,0.25,0.0
w_a1.15_b0.7_g1.1,substation,31,0.3298741024399285,0.015166666666666669,0.010833333333333335,0.21666666666666667,0.0
w_a1.15_b0.7_g1.1,substation,32,0.327404357077991,0.018083333333333333,0.012916666666666667,0.25833333333333336,0.0
w_a1.15_b0.7_g1.1,substation,33,0.324243054872705,0.017500000000000005,0.012500000000000002,0.25,0.0
w_a1.15_b0.7_g1.1,substation,34,0.3220472821578433,0.018083333333333337,0.012916666666666667,0.25833333333333336,0.0
w_a1.15_b0.7_g1.1,substation,35,0.32187501051269585,0.0175,0.0125,0.25,0.0
w_a1.15_b0.7_g1.1,substation,36,0.3264799913236058,0.019250000000000003,0.013750000000000002,0.275,0.0
w_a1.15_b0.7_g1.1,substation,37,0.3207856086717355,0.018666666666666668,0.013333333333333334,0.26666666666666666,0.0
w_a1.15_b0.7_g1.1,substation,38,0.3211889777259089,0.016333333333333335,0.011666666666666667,0.23333333333333334,0.0
w_a1.15_b0.7_g1.1,substation,39,0.3231513851692931,0.016333333333333335,0.011666666666666665,0.23333333333333334,0.0
w_a1.15_b0.7_g1.1,mining,0,0.31506048258678354,0.018083333333333337,0.012916666666666667,0.25833333333333336,0.0
w_a1.15_b0.7_g1.1,mining,1,0.31610820206896134,0.017500000000000005,0.0125,0.25,0.0
w_a1.15_b0.7_g1.1,mining,2,0.32116268161888223,0.01691666666666667,0.012083333333333335,0.24166666666666667,0.0
w_a1.15_b0.7_g1.1,mining,3,0.3150639518460852,0.01691666666666667,0.012083333333333335,0.24166666666666667,0.0
w_a1.15_b0.7_g1.1,mining,4,0.3206312836399319,0.015166666666666669,0.010833333333333334,0.21666666666666667,0.0
w_a1.15_b0.7_g1.1,mining,5,0.3214652675286596,0.017500000000000005,0.0125,0.25,0.0
w_a1.15_b0.7_g1.1,mining,6,0.3152277000827724,0.016333333333333335,0.011666666666666667,0.23333333333333334,0.0
w_a1.15_b0.7_g1.1,mining,7,0.31718870280295497,0.018666666666666668,0.013333333333333334,0.26666666666666666,0.0
w_a1.15_b0.7_g1.1,mining,8,0.3138703836122502,0.019250000000000003,0.01375,0.275,0.0
w_a1.15_b0.7_g1.1,mining,9,0.31404976506376914,0.018083333333333333,0.012916666666666667,0.25833333333333336,0.0
w_a1.15_b0.7_g1.1,mining,10,0.3171489135986042,0.01575,0.011250000000000001,0.225,0.0
w_a1.15_b0.7_g1.1,mining,11,0.3164758700773687,0.019833333333333335,0.014166666666666668,0.2833333333333333,0.0
w_a1.15_b0.7_g1.1,mining,12,0.3168772394183404,0.019833333333333335,0.014166666666666668,0.2833333333333333,0.0
w_a1.15_b0.7_g1.1,mining,13,0.32005662856328265,0.0175,0.0125,0.25,0.0
w_a1.15_b0.7_g1.1,mining,14,0.3190170192950849,0.016333333333333335,0.011666666666666665,0.23333333333333334,0.0
w_a1.15_b0.7_g1.1,mining,15,0.3160678795356882,0.018083333333333333,0.012916666666666667,0.25833333333333336,0.0
w_a1.15_b0.7_g1.1,mining,16,0.32458423152008026,0.015166666666666669,0.010833333333333335,0.21666666666666667,0.0
w_a1.15_b0.7_g1.1,mining,17,0.31856030263917173,0.017500000000000005,0.0125,0.25,0.0
w_a1.15_b0.7_g1.1,mining,18,0.31690549137713214,0.016333333333333335,0.011666666666666667,0.23333333333333334,0.0
w_a1.15_b0.7_g1.1,mining,19,0.31776175493165904,0.018083333333333333,0.012916666666666667,0.25833333333333336,0.0
w_a1.15_b0.7_g1.1,mining,20,0.3193715397777802,0.01691666666666667,0.012083333333333335,0.24166666666666667,0.0
w_a1.15_b0.7_g1.1,mining,21,0.3230903146089601,0.019250000000000003,0.01375,0.275,0.0
w_a1.15_b0.7_g1.1,mining,22,0.3205272676219424,0.01575,0.011250000000000001,0.225,0.0
w_a1.15_b0.7_g1.1,mining,23,0.31647697681328246,0.0175,0.0125,0.25,0.0
w_a1.15_b0.7_g1.1,mining,24,0.3203791962688358,0.01575,0.011250000000000001,0.225,0.0
w_a1.15_b0.7_g1.1,mining,25,0.3190567654932443,0.018083333333333333,0.012916666666666667,0.25833333333333336,0.0
w_a1.15_b0.7_g1.1,mining,26,0.30953528466504066,0.01575,0.011250000000000001,0.225,0.0
w_a1.15_b0.7_g1.1,mining,27,0.3146653410801381,0.016333333333333335,0.011666666666666667,0.23333333333333334,0.0
w_a1.15_b0.7_g1.1,mining,28,0.3159157610499908,0.016333333333333335,0.011666666666666665,0.23333333333333334,0.0
w_a1.15_b0.7_g1.1,mining,29,0.3129480257883041,0.021000000000000005,0.015000000000000003,0.3,0.0
w_a1.15_b0.7_g1.1,mining,30,0.3221104271318009,0.018666666666666668,0.013333333333333334,0.26666666666666666,0.0
w_a1.15_b0.7_g1.1,mining,31,0.3083215666176855,0.01983333333333333,0.014166666666666668,0.2833333333333333,0.0
w_a1.15_b0.7_g1.1,mining,32,0.3164622645275941,0.018083333333333337,0.012916666666666667,0.25833333333333336,0.0
w_a1.15_b0.7_g1.1,mining,33,0.311911903616909,0.019250000000000003,0.013750000000000002,0.275,0.0
w_a1.15_b0.7_g1.1,mining,34,0.30979428776057333,0.019250000000000003,0.013750000000000002,0.275,0.0
w_a1.15_b0.7_g1.1,mining,35,0.3141777797866341,0.01691666666666667,0.012083333333333335,0.24166666666666667,0.0
w_a1.15_b0.7_g1.1,mining,36,0.3191331136586132,0.01691666666666667,0.012083333333333333,0.24166666666666667,0.0
w_a1.15_b0.7_g1.1,mining,37,0.3129579585273387,0.018083333333333337,0.012916666666666668,0.25833333333333336,0.0
w_a1.15_b0.7_g1.1,mining,38,0.31179816516027414,0.019833333333333335,0.014166666666666668,0.2833333333333333,0.0
w_a1.15_b0.7_g1.1,mining,39,0.31337843460675135,0.015166666666666667,0.010833333333333334,0.21666666666666667,0.0
w_a1.15_b0.7_g1.1,oil_gas,0,0.31000637298146316,0.01691666666666667,0.012083333333333335,0.24166666666666667,0.0
w_a1.15_b0.7_g1.1,oil_gas,1,0.3089462738070266,0.018083333333333337,0.012916666666666667,0.25833333333333336,0.0
w_a1.15_b0.7_g1.1,oil_gas,2,0.30652029829906874,0.022166666666666668,0.015833333333333335,0.31666666666666665,0.0
w_a1.15_b0.7_g1.1,oil_gas,3,0.3138137256683323,0.0175,0.0125,0.25,0.0
w_a1.15_b0.7_g1.1,oil_gas,4,0.31515518629537664,0.018083333333333337,0.012916666666666668,0.25833333333333336,0.0
w_a1.15_b0.7_g1.1,oil_gas,5,0.31276641056655025,0.018083333333333333,0.012916666666666667,0.25833333333333336,0.0
w_a1.15_b0.7_g1.1,oil_gas,6,0.3138900917158592,0.01691666666666667,0.012083333333333335,0.24166666666666667,0.0
w_a1.15_b0.7_g1.1,oil_gas,7,0.3203778633701238,0.017500000000000005,0.012500000000000002,0.25,0.0
w_a1.15_b0.7_g1.1,oil_gas,8,0.31413380865369855,0.01575,0.011250000000000001,0.225,0.0
w_a1.15_b0.7_g1.1,oil_gas,9,0.3150946763358727,0.019250000000000003,0.01375,0.275,0.0
w_a1.15_b0.7_g1.1,oil_gas,10,0.31303589503008794,0.021000000000000005,0.015000000000000001,0.3,0.0
w_a1.15_b0.7_g1.1,oil_gas,11,0.3182893513423212,0.016333333333333335,0.011666666666666667,0.23333333333333334,0.0
w_a1.15_b0.7_g1.1,oil_gas,12,0.314409957143352,0.016333333333333335,0.011666666666666667,0.23333333333333334,0.0
w_a1.15_b0.7_g1.1,oil_gas,13,0.3156966179065616,0.018083333333333337,0.012916666666666667,0.25833333333333336,0.0
w_a1.15_b0.7_g1.1,oil_gas,14,0.3178036968580963,0.016333333333333335,0.011666666666666667,0.23333333333333334,0.0
w_a1.15_b0.7_g1.1,oil_gas,15,0.3211157136041185,0.018666666666666668,0.013333333333333334,0.26666666666666666,0.0
w_a1.15_b0.7_g1.1,oil_gas,16,0.3154655020079929,0.02041666666666667,0.014583333333333334,0.2916666666666667,0.0
w_a1.15_b0.7_g1.1,oil_gas,17,0.3157469445024276,0.019250000000000003,0.013750000000000002,0.275,0.0
w_a1.15_b0.7_g1.1,oil_gas,18,0.31733433981744547,0.018083333333333337,0.012916666666666668,0.25833333333333336,0.0
w_a1.15_b0.7_g1.1,oil_gas,19,0.3118073583956427,0.019833333333333335,0.014166666666666666,0.2833333333333333,0.0
w_a1.15_b0.7_g1.1,oil_gas,20,0.31000120045722157,0.018666666666666668,0.013333333333333334,0.26666666666666666,0.0
w_a1.15_b0.7_g1.1,oil_gas,21,0.32104229672882767,0.018083333333333337,0.012916666666666667,0.25833333333333336,0.0
w_a1.15_b0.7_g1.1,oil_gas,22,0.313739594281783,0.019833333333333335,0.014166666666666668,0.2833333333333333,0.0
w_a1.15_b0.7_g1.1,oil_gas,23,0.31178634340811323,0.021000000000000005,0.015000000000000001,0.3,0.0
w_a1.15_b0.7_g1.1,oil_gas,24,0.3142368798259365,0.019250000000000003,0.013750000000000002,0.275,0.0
w_a1.15_b0.7_g1.1,oil_gas,25,0.3096143975661792,0.022166666666666668,0.01583333333333333,0.31666666666666665,0.0
w_a1.15_b0.7_g1.1,oil_gas,26,0.31409834274862686,0.019250000000000003,0.013750000000000002,0.275,0.0
w_a1.15_b0.7_g1.1,oil_gas,27,0.31991006528508714,0.018083333333333337,0.012916666666666668,0.25833333333333336,0.0
w_a1.15_b0.7_g1.1,oil_gas,28,0.3102914393720077,0.01925,0.013750000000000002,0.275,0.0
w_a1.15_b0.7_g1.1,oil_gas,29,0.3157271541288658,0.0175,0.0125,0.25,0.0
w_a1.15_b0.7_g1.1,oil_gas,30,0.3217421694993075,0.01691666666666667,0.012083333333333335,0.24166666666666667,0.0
w_a1.15_b0.7_g1.1,oil_gas,31,0.3166035863906678,0.01691666666666667,0.012083333333333335,0.24166666666666667,0.0
w_a1.15_b0.7_g1.1,oil_gas,32,0.3127027769764419,0.018083333333333337,0.012916666666666668,0.25833333333333336,0.0
w_a1.15_b0.7_g1.1,oil_gas,33,0.3171308437169316,0.021000000000000005,0.015000000000000001,0.3,0.0
w_a1.15_b0.7_g1.1,oil_gas,34,0.311155056827263,0.01691666666666667,0.012083333333333335,0.24166666666666667,0.0
w_a1.15_b0.7_g1.1,oil_gas,35,0.32250300937826826,0.016333333333333335,0.011666666666666665,0.23333333333333334,0.0
w_a1.15_b0.7_g1.1,oil_gas,36,0.31421513897026104,0.01575,0.011250000000000001,0.225,0.0
w_a1.15_b0.7_g1.1,oil_gas,37,0.31522499199311454,0.015166666666666669,0.010833333333333335,0.21666666666666667,0.0
w_a1.15_b0.7_g1.1,oil_gas,38,0.31807665750750264,0.018083333333333337,0.012916666666666667,0.25833333333333336,0.0
w_a1.15_b0.7_g1.1,oil_gas,39,0.3159931511307442,0.018083333333333333,0.012916666666666667,0.25833333333333336,0.0
w_a1.15_b0.7_g1.1,factory,0,0.3279910537334387,0.014583333333333334,0.010416666666666666,0.20833333333333334,0.0
w_a1.15_b0.7_g1.1,factory,1,0.33339846948850915,0.015166666666666669,0.010833333333333335,0.21666666666666667,0.0
w_a1.15_b0.7_g1.1,factory,2,0.3261690001630255,0.01691666666666667,0.012083333333333335,0.24166666666666667,0.0
w_a1.15_b0.7_g1.1,factory,3,0.3381654637891697,0.017500000000000005,0.0125,0.25,0.0
w_a1.15_b0.7_g1.1,factory,4,0.3310344542365237,0.015166666666666669,0.010833333333333335,0.21666666666666667,0.0
w_a1.15_b0.7_g1.1,factory,5,0.3304462857491276,0.0175,0.0125,0.25,0.0
w_a1.15_b0.7_g1.1,factory,6,0.3324409608587139,0.019250000000000003,0.01375,0.275,0.0
w_a1.15_b0.7_g1.1,factory,7,0.33664515975999976,0.015166666666666667,0.010833333333333334,0.21666666666666667,0.0
w_a1.15_b0.7_g1.1,factory,8,0.33257325614789257,0.016333333333333335,0.011666666666666665,0.23333333333333334,0.0
w_a1.15_b0.7_g1.1,factory,9,0.33383107622488434,0.016333333333333335,0.011666666666666667,0.23333333333333334,0.0
w_a1.15_b0.7_g1.1,factory,10,0.3354022862084463,0.016333333333333335,0.011666666666666665,0.23333333333333334,0.0
w_a1.15_b0.7_g1.1,factory,11,0.3292244365646771,0.02041666666666667,0.014583333333333334,0.2916666666666667,0.0
w_a1.15_b0.7_g1.1,factory,12,0.33675582661604603,0.016333333333333335,0.011666666666666665,0.23333333333333334,0.0
w_a1.15_b0.7_g1.1,factory,13,0.3344947696491623,0.01691666666666667,0.012083333333333335,0.24166666666666667,0.0
w_a1.15_b0.7_g1.1,factory,14,0.3260757290602444,0.018083333333333337,0.012916666666666668,0.25833333333333336,0.0
w_a1.15_b0.7_g1.1,factory,15,0.3364263414924253,0.01575,0.011250000000000001,0.225,0.0
w_a1.15_b0.7_g1.1,factory,16,0.33596574160992804,0.017500000000000005,0.0125,0.25,0.0
w_a1.15_b0.7_g1.1,factory,17,0.33086220342816297,0.01575,0.011250000000000001,0.225,0.0
w_a1.15_b0.7_g1.1,factory,18,0.33860503129090985,0.01575,0.011250000000000001,0.225,0.0
w_a1.15_b0.7_g1.1,factory,19,0.3330348618430354,0.016333333333333335,0.011666666666666667,0.23333333333333334,0.0
w_a1.15_b0.7_g1.1,factory,20,0.33811985220587987,0.015750000000000004,0.011250000000000001,0.225,0.0
w_a1.15_b0.7_g1.1,factory,21,0.33258737315228737,0.01575,0.011250000000000001,0.225,0.0
w_a1.15_b0.7_g1.1,factory,22,0.3301841106726594,0.019833333333333335,0.014166666666666668,0.2833333333333333,0.0
w_a1.15_b0.7_g1.1,factory,23,0.3316725676094805,0.018083333333333333,0.012916666666666667,0.25833333333333336,0.0
w_a1.15_b0.7_g1.1,factory,24,0.3317958224392497,0.016333333333333335,0.011666666666666667,0.23333333333333334,0.0
w_a1.15_b0.7_g1.1,factory,25,0.3305576903127855,0.016333333333333335,0.011666666666666665,0.23333333333333334,0.0
w_a1.15_b0.7_g1.1,factory,26,0.33429454683240534,0.018083333333333333,0.012916666666666667,0.25833333333333336,0.0
w_a1.15_b0.7_g1.1,factory,27,0.3293658700739987,0.02041666666666667,0.014583333333333334,0.2916666666666667,0.0
w_a1.15_b0.7_g1.1,factory,28,0.338040036124645,0.0175,0.0125,0.25,0.0
w_a1.15_b0.7_g1.1,factory,29,0.32811603683945745,0.019250000000000003,0.01375,0.275,0.0
w_a1.15_b0.7_g1.1,factory,30,0.3304926793420969,0.01691666666666667,0.012083333333333333,0.24166666666666667,0.0
w_a1.15_b0.7_g1.1,factory,31,0.33655972399012046,0.016333333333333335,0.011666666666666667,0.23333333333333334,0.0
w_a1.15_b0.7_g1.1,factory,32,0.3284311102352488,0.0175,0.0125,0.25,0.0
w_a1.15_b0.7_g1.1,factory,33,0.3368272847745672,0.014000000000000002,0.010000000000000002,0.2,0.0
w_a1.15_b0.7_g1.1,factory,34,0.3260943336913371,0.01691666666666667,0.012083333333333335,0.24166666666666667,0.0
w_a1.15_b0.7_g1.1,factory,35,0.33432834646933784,0.017500000000000005,0.0125,0.25,0.0
w_a1.15_b0.7_g1.1,factory,36,0.3297048652707882,0.01575,0.011250000000000001,0.225,0.0
w_a1.15_b0.7_g1.1,factory,37,0.33110098540968547,0.013416666666666669,0.009583333333333334,0.19166666666666668,0.0
w_a1.15_b0.7_g1.1,factory,38,0.33932949450405625,0.012833333333333334,0.009166666666666667,0.18333333333333332,0.0
w_a1.15_b0.7_g1.1,factory,39,0.3315784578655044,0.017500000000000005,0.0125,0.25,0.0
w_a1.15_b0.7_g1.65,forklift,0,0.326301788592511,0.018083333333333337,0.012916666666666668,0.25833333333333336,0.0
w_a1.15_b0.7_g1.65,forklift,1,0.32713910054368417,0.01575,0.011250000000000001,0.225,0.0
w_a1.15_b0.7_g1.65,forklift,2,0.32952155279259315,0.01691666666666667,0.012083333333333335,0.24166666666666667,0.0
w_a1.15_b0.7_g1.65,forklift,3,0.3289462670195916,0.015750000000000004,0.011250000000000001,0.225,0.0
w_a1.15_b0.7_g1.65,forklift,4,0.326502800326093,0.018083333333333337,0.012916666666666668,0.25833333333333336,0.0
w_a1.15_b0.7_g1.65,forklift,5,0.3210989493227918,0.017500000000000005,0.012500000000000002,0.25,0.0
w_a1.15_b0.7_g1.65,forklift,6,0.3313842509507989,0.016333333333333335,0.011666666666666667,0.23333333333333334,0.0
w_a1.15_b0.7_g1.65,forklift,7,0.32107437754769436,0.018666666666666668,0.013333333333333334,0.26666666666666666,0.0
w_a1.15_b0.7_g1.65,forklift,8,0.3257501698439524,0.01925,0.013750000000000002,0.275,0.0
w_a1.15_b0.7_g1.65,forklift,9,0.32593082295274534,0.018083333333333337,0.012916666666666668,0.25833333333333336,0.0
w_a1.15_b0.7_g1.65,forklift,10,0.3222260511995053,0.016333333333333335,0.011666666666666667,0.23333333333333334,0.0
w_a1.15_b0.7_g1.65,forklift,11,0.3205324167881324,0.014583333333333335,0.010416666666666668,0.20833333333333334,0.0
w_a1.15_b0.7_g1.65,forklift,12,0.32699755825443116,0.018083333333333333,0.012916666666666668,0.25833333333333336,0.0
w_a1.15_b0.7_g1.65,forklift,13,0.327496780778513,0.0175,0.0125,0.25,0.0
w_a1.15_b0.7_g1.65,forklift,14,0.325895268515659,0.018083333333333333,0.012916666666666668,0.25833333333333336,0.0
w_a1.15_b0.7_g1.65,forklift,15,0.32500547073757496,0.014583333333333334,0.010416666666666666,0.20833333333333334,0.0
w_a1.15_b0.7_g1.65,forklift,16,0.3291289292278933,0.01925,0.01375,0.275,0.0
w_a1.15_b0.7_g1.65,forklift,17,0.3226724110084761,0.019833333333333335,0.014166666666666668,0.2833333333333333,0.0
w_a1.15_b0.7_g1.65,forklift,18,0.32174336625956645,0.018083333333333337,0.012916666666666668,0.25833333333333336,0.0
w_a1.15_b0.7_g1.65,forklift,19,0.3227489850692299,0.021000000000000005,0.015000000000000001,0.3,0.0
w_a1.15_b0.7_g1.65,forklift,20,0.32733998960297384,0.018666666666666668,0.013333333333333334,0.26666666666666666,0.0
w_a1.15_b0.7_g1.65,forklift,21,0.33041213911726364,0.018083333333333337,0.012916666666666667,0.25833333333333336,0.0
w_a1.15_b0.7_g1.65,forklift,22,0.3294819433707275,0.016333333333333335,0.011666666666666667,0.23333333333333334,0.0
w_a1.15_b0.7_g1.65,forklift,23,0.3277264582786048,0.018083333333333337,0.012916666666666668,0.25833333333333336,0.0
w_a1.15_b0.7_g1.65,forklift,24,0.3238764471490224,0.018083333333333333,0.012916666666666667,0.25833333333333336,0.0
w_a1.15_b0.7_g1.65,forklift,25,0.32518776406966576,0.018083333333333333,0.012916666666666667,0.25833333333333336,0.0
w_a1.15_b0.7_g1.65,forklift,26,0.32608242269828813,0.014000000000000002,0.010000000000000002,0.2,0.0
w_a1.15_b0.7_g1.65,forklift,27,0.3245644482212168,0.012833333333333334,0.009166666666666667,0.18333333333333332,0.0
w_a1.15_b0.7_g1.65,forklift,28,0.3265241611005666,0.016333333333333335,0.011666666666666667,0.23333333333333334,0.0
w_a1.15_b0.7_g1.65,forklift,29,0.33007285948227977,0.01575,0.011250000000000001,0.225,0.0
w_a1.15_b0.7_g1.65,forklift,30,0.3287439539988975,0.017500000000000005,0.012500000000000002,0.25,0.0
w_a1.15_b0.7_g1.65,forklift,31,0.33242774406804354,0.018083333333333337,0.012916666666666667,0.25833333333333336,0.0
w_a1.15_b0.7_g1.65,forklift,32,0.3309378349153978,0.0175,0.0125,0.25,0.0
w_a1.15_b0.7_g1.65,forklift,33,0.32602008860004034,0.018083333333333337,0.012916666666666667,0.25833333333333336,0.0
w_a1.15_b0.7_g1.65,forklift,34,0.3241581062426695,0.018083333333333337,0.012916666666666668,0.25833333333333336,0.0
w_a1.15_b0.7_g1.65,forklift,35,0.3297145066173994,0.018666666666666668,0.013333333333333334,0.26666666666666666,0.0
w_a1.15_b0.7_g1.65,forklift,36,0.32787177740371154,0.018666666666666668,0.013333333333333334,0.26666666666666666,0.0
w_a1.15_b0.7_g1.65,forklift,37,0.3217251462559535,0.019250000000000003,0.01375,0.275,0.0
w_a1.15_b0.7_g1.65,forklift,38,0.3198722998261923,0.019833333333333335,0.014166666666666668,0.2833333333333333,0.0
w_a1.15_b0.7_g1.65,forklift,39,0.3214455964671797,0.018666666666666668,0.013333333333333334,0.26666666666666666,0.0
w_a1.15_b0.7_g1.65,crane,0,0.32235876068862784,0.014000000000000002,0.010000000000000002,0.2,0.0
w_a1.15_b0.7_g1.65,crane,1,0.31434660749538684,0.018083333333333337,0.012916666666666668,0.25833333333333336,0.0
w_a1.15_b0.7_g1.65,crane,2,0.31859343952019425,0.018666666666666668,0.013333333333333334,0.26666666666666666,0.0
w_a1.15_b0.7_g1.65,crane,3,0.32209937246796655,0.014000000000000002,0.010000000000000002,0.2,0.0
w_a1.15_b0.7_g1.65,crane,4,0.32479830446539054,0.016333333333333335,0.011666666666666667,0.23333333333333334,0.0
w_a1.15_b0.7_g1.65,crane,5,0.3168681214036988,0.01575,0.011250000000000001,0.225,0.0
w_a1.15_b0.7_g1.65,crane,6,0.3175795975331564,0.018666666666666668,0.013333333333333334,0.26666666666666666,0.0
w_a1.15_b0.7_g1.65,crane,7,0.32227200610285667,0.014583333333333335,0.010416666666666666,0.20833333333333334,0.0
w_a1.15_b0.7_g1.65,crane,8,0.32304006871445,0.018666666666666668,0.013333333333333334,0.26666666666666666,0.0
w_a1.15_b0.7_g1.65,crane,9,0.3156656627557093,0.01575,0.011250000000000001,0.225,0.0
w_a1.15_b0.7_g1.65,crane,10,0.3205896827534399,0.015166666666666669,0.010833333333333335,0.21666666666666667,0.0
w_a1.15_b0.7_g1.65,crane,11,0.3229615940639505,0.018083333333333333,0.012916666666666667,0.25833333333333336,0.0
w_a1.15_b0.7_g1.65,crane,12,0.3183833173494227,0.01691666666666667,0.012083333333333335,0.24166666666666667,0.0
w_a1.15_b0.7_g1.65,crane,13,0.3210698019822183,0.01691666666666667,0.012083333333333335,0.24166666666666667,0.0
w_a1.15_b0.7_g1.65,crane,14,0.3141727760675831,0.01983333333333333,0.014166666666666666,0.2833333333333333,0.0
w_a1.15_b0.7_g1.65,crane,15,0.31931104353770257,0.015166666666666667,0.010833333333333334,0.21666666666666667,0.0
w_a1.15_b0.7_g1.65,crane,16,0.3262403560979997,0.01691666666666667,0.012083333333333335,0.24166666666666667,0.0
w_a1.15_b0.7_g1.65,crane,17,0.32279589449642915,0.01691666666666667,0.012083333333333335,0.24166666666666667,0.0
w_a1.15_b0.7_g1.65,crane,18,0.31910162233323786,0.016333333333333335,0.011666666666666667,0.23333333333333334,0.0
w_a1.15_b0.7_g1.65,crane,19,0.3237954125377953,0.018083333333333333,0.012916666666666667,0.25833333333333336,0.0
w_a1.15_b0.7_g1.65,crane,20,0.3293588068382948,0.01575,0.011250000000000001,0.225,0.0
w_a1.15_b0.7_g1.65,crane,21,0.32296201831745996,0.014583333333333335,0.010416666666666666,0.20833333333333334,0.0
w_a1.15_b0.7_g1.65,crane,22,0.3176736803108671,0.019833333333333335,0.014166666666666668,0.2833333333333333,0.0
w_a1.15_b0.7_g1.65,crane,23,0.3233984568962432,0.017500000000000005,0.0125,0.25,0.0
w_a1.15_b0.7_g1.65,crane,24,0.3199997942128327,0.018083333333333333,0.012916666666666667,0.25833333333333336,0.0
w_a1.15_b0.7_g1.65,crane,25,0.3175697431362169,0.019250000000000003,0.013750000000000002,0.275,0.0
w_a1.15_b0.7_g1.65,crane,26,0.3174604011180412,0.018083333333333337,0.012916666666666667,0.25833333333333336,0.0
w_a1.15_b0.7_g1.65,crane,27,0.3158563565411125,0.0175,0.0125,0.25,0.0
w_a1.15_b0.7_g1.65,crane,28,0.31963335635168083,0.01691666666666667,0.012083333333333335,0.24166666666666667,0.0
w_a1.15_b0.7_g1.65,crane,29,0.3196800348226162,0.017500000000000005,0.0125,0.25,0.0
w_a1.15_b0.7_g1.65,crane,30,0.3218968660849167,0.017500000000000005,0.012500000000000002,0.25,0.0
w_a1.15_b0.7_g1.65,crane,31,0.32254033821329753,0.018083333333333337,0.012916666666666667,0.25833333333333336,0.0
w_a1.15_b0.7_g1.65,crane,32,0.3174584873143575,0.018083333333333337,0.012916666666666668,0.25833333333333336,0.0
w_a1.15_b0.7_g1.65,crane,33,0.3218692614693622,0.018083333333333333,0.012916666666666668,0.25833333333333336,0.0
w_a1.15_b0.7_g1.65,crane,34,0.32246342767547925,0.016333333333333335,0.011666666666666667,0.23333333333333334,0.0
w_a1.15_b0.7_g1.65,crane,35,0.31990561908480164,0.01691666666666667,0.012083333333333335,0.24166666666666667,0.0
w_a1.15_b0.7_g1.65,crane,36,0.3175911807798508,0.01691666666666667,0.012083333333333335,0.24166666666666667,0.0
w_a1.15_b0.7_g1.65,crane,37,0.31299706698481633,0.02041666666666667,0.014583333333333334,0.2916666666666667,0.0
w_a1.15_b0.7_g1.65,crane,38,0.3283571227314168,0.016333333333333335,0.011666666666666665,0.23333333333333334,0.0
w_a1.15_b0.7_g1.65,crane,39,0.3063660405869077,0.021000000000000005,0.015000000000000001,0.3,0.0
w_a1.15_b0.7_g1.65,substation,0,0.32942357409303824,0.01575,0.011250000000000001,0.225,0.0
w_a1.15_b0.7_g1.65,substation,1,0.3248925266738386,0.014000000000000002,0.010000000000000002,0.2,0.0
w_a1.15_b0.7_g1.65,substation,2,0.321635318270348,0.01691666666666667,0.012083333333333335,0.24166666666666667,0.0
w_a1.15_b0.7_g1.65,substation,3,0.32044377324879714,0.019833333333333335,0.014166666666666668,0.2833333333333333,0.0
w_a1.15_b0.7_g1.65,substation,4,0.32369662211132455,0.014583333333333334,0.010416666666666666,0.20833333333333334,0.0
w_a1.15_b0.7_g1.65,substation,5,0.3228603564471301,0.018666666666666668,0.013333333333333334,0.26666666666666666,0.0
w_a1.15_b0.7_g1.65,substation,6,0.3237508538166731,0.015166666666666669,0.010833333333333334,0.21666666666666667,0.0
w_a1.15_b0.7_g1.65,substation,7,0.3213835722350321,0.01691666666666667,0.012083333333333333,0.24166666666666667,0.0
w_a1.15_b0.7_g1.65,substation,8,0.32414639708250154,0.017500000000000005,0.0125,0.25,0.0
w_a1.15_b0.7_g1.65,substation,9,0.3258323105253183,0.018083333333333333,0.012916666666666667,0.25833333333333336,0.0
w_a1.15_b0.7_g1.65,substation,10,0.3198505473289701,0.016333333333333335,0.011666666666666665,0.23333333333333334,0.0
w_a1.15_b0.7_g1.65,substation,11,0.3202301163287765,0.019250000000000003,0.01375,0.275,0.0
w_a1.15_b0.7_g1.65,substation,12,0.32613995647904165,0.018083333333333333,0.012916666666666667,0.25833333333333336,0.0
w_a1.15_b0.7_g1.65,substation,13,0.3290994145698285,0.017500000000000005,0.0125,0.25,0.0
w_a1.15_b0.7_g1.65,substation,14,0.32196895526872604,0.01575,0.011250000000000001,0.225,0.0
w_a1.15_b0.7_g1.65,substation,15,0.32205614616556477,0.016333333333333335,0.011666666666666667,0.23333333333333334,0.0
w_a1.15_b0.7_g1.65,substation,16,0.31951178776081685,0.018083333333333333,0.012916666666666667,0.25833333333333336,0.0
w_a1.15_b0.7_g1.65,substation,17,0.3239769669941995,0.018083333333333337,0.012916666666666668,0.25833333333333336,0.0
w_a1.15_b0.7_g1.65,substation,18,0.3227024547181891,0.02041666666666667,0.014583333333333334,0.2916666666666667,0.0
w_a1.15_b0.7_g1.65,substation,19,0.3248415190959257,0.018083333333333337,0.012916666666666668,0.25833333333333336,0.0
w_a1.15_b0.7_g1.65,substation,20,0.3241011495960046,0.017500000000000005,0.012500000000000002,0.25,0.0
w_a1.15_b0.7_g1.65,substation,21,0.32342279365092996,0.019250000000000003,0.01375,0.275,0.0
w_a1.15_b0.7_g1.65,substation,22,0.3240602880261099,0.01575,0.011250000000000001,0.225,0.0
w_a1.15_b0.7_g1.65,substation,23,0.3234122214282758,0.017500000000000005,0.012500000000000002,0.25,0.0
w_a1.15_b0.7_g1.65,substation,24,0.31875518071286846,0.019250000000000003,0.01375,0.275,0.0
w_a1.15_b0.7_g1.65,substation,25,0.320663228254336,0.01691666666666667,0.012083333333333335,0.24166666666666667,0.0
w_a1.15_b0.7_g1.65,substation,26,0.3248649287217483,0.01691666666666667,0.012083333333333335,0.24166666666666667,0.0
w_a1.15_b0.7_g1.65,substation,27,0.33035289739098217,0.01691666666666667,0.012083333333333335,0.24166666666666667,0.0
w_a1.15_b0.7_g1.65,substation,28,0.31555428263700097,0.019833333333333335,0.014166666666666668,0.2833333333333333,0.0
w_a1.15_b0.7_g1.65,substation,29,0.3195787212654313,0.017500000000000005,0.012500000000000002,0.25,0.0
w_a1.15_b0.7_g1.65,substation,30,0.32802328585673374,0.017500000000000005,0.012500000000000002,0.25,0.0
w_a1.15_b0.7_g1.65,substation,31,0.3298741024399285,0.015166666666666669,0.010833333333333335,0.21666666666666667,0.0
w_a1.15_b0.7_g1.65,substation,32,0.327404357077991,0.018083333333333333,0.012916666666666667,0.25833333333333336,0.0
w_a1.15_b0.7_g1.65,substation,33,0.324243054872705,0.017500000000000005,0.012500000000000002,0.25,0.0
w_a1.15_b0.7_g1.65,substation,34,0.3220472821578433,0.018083333333333337,0.012916666666666667,0.25833333333333336,0.0
w_a1.15_b0.7_g1.65,substation,35,0.32187501051269585,0.0175,0.0125,0.25,0.0
w_a1.15_b0.7_g1.65,substation,36,0.3264799913236058,0.019250000000000003,0.013750000000000002,0.275,0.0
w_a1.15_b0.7_g1.65,substation,37,0.3207856086717355,0.018666666666666668,0.013333333333333334,0.26666666666666666,0.0
w_a1.15_b0.7_g1.65,substation,38,0.3211889777259089,0.016333333333333335,0.011666666666666667,0.23333333333333334,0.0
w_a1.15_b0.7_g1.65,substation,39,0.3231513851692931,0.016333333333333335,0.011666666666666665,0.23333333333333334,0.0
w_a1.15_b0.7_g1.65,mining,0,0.31506048258678354,0.018083333333333337,0.012916666666666667,0.25833333333333336,0.0
w_a1.15_b0.7_g1.65,mining,1,0.31610820206896134,0.017500000000000005,0.0125,0.25,0.0
w_a1.15_b0.7_g1.65,mining,2,0.32116268161888223,0.01691666666666667,0.012083333333333335,0.24166666666666667,0.0
w_a1.15_b0.7_g1.65,mining,3,0.3150639518460852,0.01691666666666667,0.012083333333333335,0.24166666666666667,0.0
w_a1.15_b0.7_g1.65,mining,4,0.3206312836399319,0.015166666666666669,0.010833333333333334,0.21666666666666667,0.0
w_a1.15_b0.7_g1.65,mining,5,0.3214652675286596,0.017500000000000005,0.0125,0.25,0.0
w_a1.15_b0.7_g1.65,mining,6,0.3152277000827724,0.016333333333333335,0.011666666666666667,0.23333333333333334,0.0
w_a1.15_b0.7_g1.65,mining,7,0.31718870280295497,0.018666666666666668,0.013333333333333334,0.26666666666666666,0.0
w_a1.15_b0.7_g1.65,mining,8,0.3138703836122502,0.019250000000000003,0.01375,0.275,0.0
w_a1.15_b0.7_g1.65,mining,9,0.31404976506376914,0.018083333333333333,0.012916666666666667,0.25833333333333336,0.0
w_a1.15_b0.7_g1.65,mining,10,0.3171489135986042,0.01575,0.011250000000000001,0.225,0.0
w_a1.15_b0.7_g1.65,mining,11,0.3164758700773687,0.019833333333333335,0.014166666666666668,0.2833333333333333,0.0
w_a1.15_b0.7_g1.65,mining,12,0.3168772394183404,0.019833333333333335,0.014166666666666668,0.2833333333333333,0.0
w_a1.15_b0.7_g1.65,mining,13,0.32005662856328265,0.0175,0.0125,0.25,0.0
w_a1.15_b0.7_g1.65,mining,14,0.3190170192950849,0.016333333333333335,0.011666666666666665,0.23333333333333334,0.0
w_a1.15_b0.7_g1.65,mining,15,0.3160678795356882,0.018083333333333333,0.012916666666666667,0.25833333333333336,0.0
w_a1.15_b0.7_g1.65,mining,16,0.32458423152008026,0.015166666666666669,0.010833333333333335,0.21666666666666667,0.0
w_a1.15_b0.7_g1.65,mining,17,0.31856030263917173,0.017500000000000005,0.0125,0.25,0.0
w_a1.15_b0.7_g1.65,mining,18,0.31690549137713214,0.016333333333333335,0.011666666666666667,0.23333333333333334,0.0
w_a1.15_b0.7_g1.65,mining,19,0.31776175493165904,0.018083333333333333,0.012916666666666667,0.25833333333333336,0.0
w_a1.15_b0.7_g1.65,mining,20,0.3193715397777802,0.01691666666666667,0.012083333333333335,0.24166666666666667,0.0
w_a1.15_b0.7_g1.65,mining,21,0.3230903146089601,0.019250000000000003,0.01375,0.275,0.0
w_a1.15_b0.7_g1.65,mining,22,0.3205272676219424,0.01575,0.011250000000000001,0.225,0.0
w_a1.15_b0.7_g1.65,mining,23,0.31647697681328246,0.0175,0.0125,0.25,0.0
w_a1.15_b0.7_g1.65,mining,24,0.3203791962688358,0.01575,0.011250000000000001,0.225,0.0
w_a1.15_b0.7_g1.65,mining,25,0.3190567654932443,0.018083333333333333,0.012916666666666667,0.25833333333333336,0.0
w_a1.15_b0.7_g1.65,mining,26,0.30953528466504066,0.01575,0.011250000000000001,0.225,0.0
w_a1.15_b0.7_g1.65,mining,27,0.3148492146900804,0.01616666666666667,0.011500000000000002,0.23333333333333334,0.0
w_a1.15_b0.7_g1.65,mining,28,0.3159157610499908,0.016333333333333335,0.011666666666666665,0.23333333333333334,0.0
w_a1.15_b0.7_g1.65,mining,29,0.3129480257883041,0.021000000000000005,0.015000000000000003,0.3,0.0
w_a1.15_b0.7_g1.65,mining,30,0.3221104271318009,0.018666666666666668,0.013333333333333334,0.26666666666666666,0.0
w_a1.15_b0.7_g1.65,mining,31,0.3083215666176855,0.01983333333333333,0.014166666666666668,0.2833333333333333,0.0
w_a1.15_b0.7_g1.65,mining,32,0.3164622645275941,0.018083333333333337,0.012916666666666667,0.25833333333333336,0.0
w_a1.15_b0.7_g1.65,mining,33,0.311911903616909,0.019250000000000003,0.013750000000000002,0.275,0.0
w_a1.15_b0.7_g1.65,mining,34,0.30979428776057333,0.019250000000000003,0.013750000000000002,0.275,0.0
w_a1.15_b0.7_g1.65,mining,35,0.3141777797866341,0.01691666666666667,0.012083333333333335,0.24166666666666667,0.0
w_a1.15_b0.7_g1.65,mining,36,0.3191331136586132,0.01691666666666667,0.012083333333333333,0.24166666666666667,0.0
w_a1.15_b0.7_g1.65,mining,37,0.3129579585273387,0.018083333333333337,0.012916666666666668,0.25833333333333336,0.0
w_a1.15_b0.7_g1.65,mining,38,0.31179816516027414,0.019833333333333335,0.014166666666666668,0.2833333333333333,0.0
w_a1.15_b0.7_g1.65,mining,39,0.31337843460675135,0.015166666666666667,0.010833333333333334,0.21666666666666667,0.0
w_a1.15_b0.7_g1.65,oil_gas,0,0.31000637298146316,0.01691666666666667,0.012083333333333335,0.24166666666666667,0.0
w_a1.15_b0.7_g1.65,oil_gas,1,0.3089462738070266,0.018083333333333337,0.012916666666666667,0.25833333333333336,0.0
w_a1.15_b0.7_g1.65,oil_gas,2,0.30652029829906874,0.022166666666666668,0.015833333333333335,0.31666666666666665,0.0
w_a1.15_b0.7_g1.65,oil_gas,3,0.3138137256683323,0.0175,0.0125,0.25,0.0
w_a1.15_b0.7_g1.65,oil_gas,4,0.31515518629537664,0.018083333333333337,0.012916666666666668,0.25833333333333336,0.0
w_a1.15_b0.7_g1.65,oil_gas,5,0.31276641056655025,0.018083333333333333,0.012916666666666667,0.25833333333333336,0.0
w_a1.15_b0.7_g1.65,oil_gas,6,0.3138900917158592,0.01691666666666667,0.012083333333333335,0.24166666666666667,0.0
w_a1.15_b0.7_g1.65,oil_gas,7,0.3203778633701238,0.017500000000000005,0.012500000000000002,0.25,0.0
w_a1.15_b0.7_g1.65,oil_gas,8,0.31413380865369855,0.01575,0.011250000000000001,0.225,0.0
w_a1.15_b0.7_g1.65,oil_gas,9,0.3150946763358727,0.019250000000000003,0.01375,0.275,0.0
w_a1.15_b0.7_g1.65,oil_gas,10,0.31303589503008794,0.021000000000000005,0.015000000000000001,0.3,0.0
w_a1.15_b0.7_g1.65,oil_gas,11,0.3182893513423212,0.016333333333333335,0.011666666666666667,0.23333333333333334,0.0
w_a1.15_b0.7_g1.65,oil_gas,12,0.314409957143352,0.016333333333333335,0.011666666666666667,0.23333333333333334,0.0
w_a1.15_b0.7_g1.65,oil_gas,13,0.3156966179065616,0.018083333333333337,0.012916666666666667,0.25833333333333336,0.0
w_a1.15_b0.7_g1.65,oil_gas,14,0.3178036968580963,0.016333333333333335,0.011666666666666667,0.23333333333333334,0.0
w_a1.15_b0.7_g1.65,oil_gas,15,0.3211157136041185,0.018666666666666668,0.013333333333333334,0.26666666666666666,0.0
w_a1.15_b0.7_g1.65,oil_gas,16,0.3154655020079929,0.02041666666666667,0.014583333333333334,0.2916666666666667,0.0
w_a1.15_b0.7_g1.65,oil_gas,17,0.3157469445024276,0.019250000000000003,0.013750000000000002,0.275,0.0
w_a1.15_b0.7_g1.65,oil_gas,18,0.31733433981744547,0.018083333333333337,0.012916666666666668,0.25833333333333336,0.0
w_a1.15_b0.7_g1.65,oil_gas,19,0.3118073583956427,0.019833333333333335,0.014166666666666666,0.2833333333333333,0.0
w_a1.15_b0.7_g1.65,oil_gas,20,0.31000120045722157,0.018666666666666668,0.013333333333333334,0.26666666666666666,0.0
w_a1.15_b0.7_g1.65,oil_gas,21,0.32104229672882767,0.018083333333333337,0.012916666666666667,0.25833333333333336,0.0
w_a1.15_b0.7_g1.65,oil_gas,22,0.313739594281783,0.019833333333333335,0.014166666666666668,0.2833333333333333,0.0
w_a1.15_b0.7_g1.65,oil_gas,23,0.31178634340811323,0.021000000000000005,0.015000000000000001,0.3,0.0
w_a1.15_b0.7_g1.65,oil_gas,24,0.3142368798259365,0.019250000000000003,0.013750000000000002,0.275,0.0
w_a1.15_b0.7_g1.65,oil_gas,25,0.3096143975661792,0.022166666666666668,0.01583333333333333,0.31666666666666665,0.0
w_a1.15_b0.7_g1.65,oil_gas,26,0.31409834274862686,0.019250000000000003,0.013750000000000002,0.275,0.0
w_a1.15_b0.7_g1.65,oil_gas,27,0.31991006528508714,0.018083333333333337,0.012916666666666668,0.25833333333333336,0.0
w_a1.15_b0.7_g1.65,oil_gas,28,0.3102914393720077,0.01925,0.013750000000000002,0.275,0.0
w_a1.15_b0.7_g1.65,oil_gas,29,0.3157271541288658,0.0175,0.0125,0.25,0.0
w_a1.15_b0.7_g1.65,oil_gas,30,0.3217421694993075,0.01691666666666667,0.012083333333333335,0.24166666666666667,0.0
w_a1.15_b0.7_g1.65,oil_gas,31,0.3166035863906678,0.01691666666666667,0.012083333333333335,0.24166666666666667,0.0
w_a1.15_b0.7_g1.65,oil_gas,32,0.3127027769764419,0.018083333333333337,0.012916666666666668,0.25833333333333336,0.0
w_a1.15_b0.7_g1.65,oil_gas,33,0.3171308437169316,0.021000000000000005,0.015000000000000001,0.3,0.0
w_a1.15_b0.7_g1.65,oil_gas,34,0.311155056827263,0.01691666666666667,0.012083333333333335,0.24166666666666667,0.0
w_a1.15_b0.7_g1.65,oil_gas,35,0.32250300937826826,0.016333333333333335,0.011666666666666665,0.23333333333333334,0.0
w_a1.15_b0.7_g1.65,oil_gas,36,0.31421513897026104,0.01575,0.011250000000000001,0.225,0.0
w_a1.15_b0.7_g1.65,oil_gas,37,0.31522499199311454,0.015166666666666669,0.010833333333333335,0.21666666666666667,0.0
w_a1.15_b0.7_g1.65,oil_gas,38,0.31807665750750264,0.018083333333333337,0.012916666666666667,0.25833333333333336,0.0
w_a1.15_b0.7_g1.65,oil_gas,39,0.3159931511307442,0.018083333333333333,0.012916666666666667,0.25833333333333336,0.0
w_a1.15_b0.7_g1.65,factory,0,0.3279910537334387,0.014583333333333334,0.010416666666666666,0.20833333333333334,0.0
w_a1.15_b0.7_g1.65,factory,1,0.33339846948850915,0.015166666666666669,0.010833333333333335,0.21666666666666667,0.0
w_a1.15_b0.7_g1.65,factory,2,0.3261690001630255,0.01691666666666667,0.012083333333333335,0.24166666666666667,0.0
w_a1.15_b0.7_g1.65,factory,3,0.3381654637891697,0.017500000000000005,0.0125,0.25,0.0
w_a1.15_b0.7_g1.65,factory,4,0.3310344542365237,0.015166666666666669,0.010833333333333335,0.21666666666666667,0.0
w_a1.15_b0.7_g1.65,factory,5,0.3304462857491276,0.0175,0.0125,0.25,0.0
w_a1.15_b0.7_g1.65,factory,6,0.3324409608587139,0.019250000000000003,0.01375,0.275,0.0
w_a1.15_b0.7_g1.65,factory,7,0.33664515975999976,0.015166666666666667,0.010833333333333334,0.21666666666666667,0.0
w_a1.15_b0.7_g1.65,factory,8,0.33257325614789257,0.016333333333333335,0.011666666666666665,0.23333333333333334,0.0
w_a1.15_b0.7_g1.65,factory,9,0.33383107622488434,0.016333333333333335,0.011666666666666667,0.23333333333333334,0.0
w_a1.15_b0.7_g1.65,factory,10,0.3354022862084463,0.016333333333333335,0.011666666666666665,0.23333333333333334,0.0
w_a1.15_b0.7_g1.65,factory,11,0.3292244365646771,0.02041666666666667,0.014583333333333334,0.2916666666666667,0.0
w_a1.15_b0.7_g1.65,factory,12,0.33675582661604603,0.016333333333333335,0.011666666666666665,0.23333333333333334,0.0
w_a1.15_b0.7_g1.65,factory,13,0.3344947696491623,0.01691666666666667,0.012083333333333335,0.24166666666666667,0.0
w_a1.15_b0.7_g1.65,factory,14,0.3260757290602444,0.018083333333333337,0.012916666666666668,0.25833333333333336,0.0
w_a1.15_b0.7_g1.65,factory,15,0.3364263414924253,0.01575,0.011250000000000001,0.225,0.0
w_a1.15_b0.7_g1.65,factory,16,0.33596574160992804,0.017500000000000005,0.0125,0.25,0.0
w_a1.15_b0.7_g1.65,factory,17,0.33086220342816297,0.01575,0.011250000000000001,0.225,0.0
w_a1.15_b0.7_g1.65,factory,18,0.33860503129090985,0.01575,0.011250000000000001,0.225,0.0
w_a1.15_b0.7_g1.65,factory,19,0.3330348618430354,0.016333333333333335,0.011666666666666667,0.23333333333333334,0.0
w_a1.15_b0.7_g1.65,factory,20,0.33811985220587987,0.015750000000000004,0.011250000000000001,0.225,0.0
w_a1.15_b0.7_g1.65,factory,21,0.33258737315228737,0.01575,0.011250000000000001,0.225,0.0
w_a1.15_b0.7_g1.65,factory,22,0.3301841106726594,0.019833333333333335,0.014166666666666668,0.2833333333333333,0.0
w_a1.15_b0.7_g1.65,factory,23,0.3316725676094805,0.018083333333333333,0.012916666666666667,0.25833333333333336,0.0
w_a1.15_b0.7_g1.65,factory,24,0.3317958224392497,0.016333333333333335,0.011666666666666667,0.23333333333333334,0.0
w_a1.15_b0.7_g1.65,factory,25,0.3305576903127855,0.016333333333333335,0.011666666666666665,0.23333333333333334,0.0
w_a1.15_b0.7_g1.65,factory,26,0.33429454683240534,0.018083333333333333,0.012916666666666667,0.25833333333333336,0.0
w_a1.15_b0.7_g1.65,factory,27,0.3293658700739987,0.02041666666666667,0.014583333333333334,0.2916666666666667,0.0
w_a1.15_b0.7_g1.65,factory,28,0.338040036124645,0.0175,0.0125,0.25,0.0
w_a1.15_b0.7_g1.65,factory,29,0.32811603683945745,0.019250000000000003,0.01375,0.275,0.0
w_a1.15_b0.7_g1.65,factory,30,0.3304926793420969,0.01691666666666667,0.012083333333333333,0.24166666666666667,0.0
w_a1.15_b0.7_g1.65,factory,31,0.33655972399012046,0.016333333333333335,0.011666666666666667,0.23333333333333334,0.0
w_a1.15_b0.7_g1.65,factory,32,0.3284311102352488,0.0175,0.0125,0.25,0.0
w_a1.15_b0.7_g1.65,factory,33,0.3368272847745672,0.014000000000000002,0.010000000000000002,0.2,0.0
w_a1.15_b0.7_g1.65,factory,34,0.3260943336913371,0.01691666666666667,0.012083333333333335,0.24166666666666667,0.0
w_a1.15_b0.7_g1.65,factory,35,0.33432834646933784,0.017500000000000005,0.0125,0.25,0.0
w_a1.15_b0.7_g1.65,factory,36,0.3297048652707882,0.01575,0.011250000000000001,0.225,0.0
w_a1.15_b0.7_g1.65,factory,37,0.33110098540968547,0.013416666666666669,0.009583333333333334,0.19166666666666668,0.0
w_a1.15_b0.7_g1.65,factory,38,0.33932949450405625,0.012833333333333334,0.009166666666666667,0.18333333333333332,0.0
w_a1.15_b0.7_g1.65,factory,39,0.3315784578655044,0.017500000000000005,0.0125,0.25,0.0
w_a1.15_b1.05_g0.55,forklift,0,0.3133851219258442,0.025833333333333337,0.0465,0.25833333333333336,0.0
w_a1.15_b1.05_g0.55,forklift,1,0.3158891005436842,0.022500000000000003,0.040499999999999994,0.225,0.0
w_a1.15_b1.05_g0.55,forklift,2,0.3174382194592598,0.02416666666666667,0.0435,0.24166666666666667,0.0
w_a1.15_b1.05_g0.55,forklift,3,0.31769626701959164,0.022500000000000003,0.040499999999999994,0.225,0.0
w_a1.15_b1.05_g0.55,forklift,4,0.3135861336594263,0.025833333333333337,0.0465,0.25833333333333336,0.0
w_a1.15_b1.05_g0.55,forklift,5,0.3085989493227918,0.025000000000000005,0.045,0.25,0.0
w_a1.15_b1.05_g0.55,forklift,6,0.31971758428413216,0.023333333333333334,0.042,0.23333333333333334,0.0
w_a1.15_b1.05_g0.55,forklift,7,0.30774104421436105,0.02666666666666667,0.048,0.26666666666666666,0.0
w_a1.15_b1.05_g0.55,forklift,8,0.31200016984395235,0.027500000000000004,0.049499999999999995,0.275,0.0
w_a1.15_b1.05_g0.55,forklift,9,0.3130141562860787,0.025833333333333337,0.0465,0.25833333333333336,0.0
w_a1.15_b1.05_g0.55,forklift,10,0.31055938453283866,0.023333333333333334,0.042,0.23333333333333334,0.0
w_a1.15_b1.05_g0.55,forklift,11,0.31011575012146575,0.020833333333333336,0.0375,0.20833333333333334,0.0
w_a1.15_b1.05_g0.55,forklift,12,0.3140808915877645,0.025833333333333337,0.0465,0.25833333333333336,0.0
w_a1.15_b1.05_g0.55,forklift,13,0.314996780778513,0.025,0.045000000000000005,0.25,0.0
w_a1.15_b1.05_g0.55,forklift,14,0.31297860184899223,0.025833333333333337,0.0465,0.25833333333333336,0.0
w_a1.15_b1.05_g0.55,forklift,15,0.3145888040709083,0.020833333333333332,0.0375,0.20833333333333334,0.0
w_a1.15_b1.05_g0.55,forklift,16,0.3153789292278932,0.0275,0.049499999999999995,0.275,0.0
w_a1.15_b1.05_g0.55,forklift,17,0.30850574434180944,0.028333333333333335,0.051,0.2833333333333333,0.0
w_a1.15_b1.05_g0.55,forklift,18,0.3088266995928998,0.025833333333333337,0.0465,0.25833333333333336,0.0
w_a1.15_b1.05_g0.55,forklift,19,0.3077489850692299,0.030000000000000002,0.054,0.3,0.0
w_a1.15_b1.05_g0.55,forklift,20,0.3140066562696404,0.02666666666666667,0.048,0.26666666666666666,0.0
w_a1.15_b1.05_g0.55,forklift,21,0.317495472450597,0.025833333333333333,0.0465,0.25833333333333336,0.0
w_a1.15_b1.05_g0.55,forklift,22,0.3178152767040609,0.023333333333333334,0.042,0.23333333333333334,0.0
w_a1.15_b1.05_g0.55,forklift,23,0.3148097916119382,0.025833333333333337,0.0465,0.25833333333333336,0.0
w_a1.15_b1.05_g0.55,forklift,24,0.3109597804823557,0.025833333333333333,0.0465,0.25833333333333336,0.0
w_a1.15_b1.05_g0.55,forklift,25,0.31227109740299913,0.025833333333333333,0.0465,0.25833333333333336,0.0
w_a1.15_b1.05_g0.55,forklift,26,0.31608242269828807,0.020000000000000004,0.036000000000000004,0.2,0.0
w_a1.15_b1.05_g0.55,forklift,27,0.31539778155455,0.018333333333333333,0.033,0.18333333333333332,0.0
w_a1.15_b1.05_g0.55,forklift,28,0.3148574944338999,0.023333333333333334,0.042,0.23333333333333334,0.0
w_a1.15_b1.05_g0.55,forklift,29,0.3188228594822798,0.022500000000000003,0.040499999999999994,0.225,0.0
w_a1.15_b1.05_g0.55,forklift,30,0.3162439539988975,0.025000000000000005,0.045,0.25,0.0
w_a1.15_b1.05_g0.55,forklift,31,0.31951107740137685,0.025833333333333333,0.0465,0.25833333333333336,0.0
w_a1.15_b1.05_g0.55,forklift,32,0.3184378349153978,0.025,0.045000000000000005,0.25,0.0
w_a1.15_b1.05_g0.55,forklift,33,0.3131034219333737,0.025833333333333333,0.0465,0.25833333333333336,0.0
w_a1.15_b1.05_g0.55,forklift,34,0.3112414395760028,0.025833333333333337,0.0465,0.25833333333333336,0.0
w_a1.15_b1.05_g0.55,forklift,35,0.31638117328406595,0.02666666666666667,0.048,0.26666666666666666,0.0
w_a1.15_b1.05_g0.55,forklift,36,0.3145384440703782,0.02666666666666667,0.048,0.26666666666666666,0.0
w_a1.15_b1.05_g0.55,forklift,37,0.30797514625595357,0.0275,0.049499999999999995,0.275,0.0
w_a1.15_b1.05_g0.55,forklift,38,0.3057056331595256,0.028333333333333335,0.051,0.2833333333333333,0.0
w_a1.15_b1.05_g0.55,forklift,39,0.30811226313384643,0.02666666666666667,0.048,0.26666666666666666,0.0
w_a1.15_b1.05_g0.55,crane,0,0.3123587606886279,0.020000000000000004,0.036,0.2,0.0
w_a1.15_b1.05_g0.55,crane,1,0.30142994082872016,0.025833333333333337,0.0465,0.25833333333333336,0.0
w_a1.15_b1.05_g0.55,crane,2,0.3052601061868609,0.02666666666666667,0.048,0.26666666666666666,0.0
w_a1.15_b1.05_g0.55,crane,3,0.31209937246796654,0.020000000000000004,0.036000000000000004,0.2,0.0
w_a1.15_b1.05_g0.55,crane,4,0.31313163779872394,0.023333333333333334,0.042,0.23333333333333334,0.0
w_a1.15_b1.05_g0.55,crane,5,0.30561812140369876,0.022500000000000003,0.0405,0.225,0.0
w_a1.15_b1.05_g0.55,crane,6,0.3042462641998231,0.02666666666666667,0.048,0.26666666666666666,0.0
w_a1.15_b1.05_g0.55,crane,7,0.31185533943619,0.020833333333333332,0.0375,0.20833333333333334,0.0
w_a1.15_b1.05_g0.55,crane,8,0.30970673538111665,0.02666666666666667,0.048,0.26666666666666666,0.0
w_a1.15_b1.05_g0.55,crane,9,0.30441566275570925,0.022500000000000003,0.040499999999999994,0.225,0.0
w_a1.15_b1.05_g0.55,crane,10,0.3097563494201066,0.02166666666666667,0.039,0.21666666666666667,0.0
w_a1.15_b1.05_g0.55,crane,11,0.3100449273972838,0.025833333333333333,0.0465,0.25833333333333336,0.0
w_a1.15_b1.05_g0.55,crane,12,0.3062999840160893,0.02416666666666667,0.043500000000000004,0.24166666666666667,0.0
w_a1.15_b1.05_g0.55,crane,13,0.30898646864888496,0.02416666666666667,0.043500000000000004,0.24166666666666667,0.0
w_a1.15_b1.05_g0.55,crane,14,0.30000610940091643,0.028333333333333332,0.051000000000000004,0.2833333333333333,0.0
w_a1.15_b1.05_g0.55,crane,15,0.30847771020436926,0.021666666666666667,0.039,0.21666666666666667,0.0
w_a1.15_b1.05_g0.55,crane,16,0.31415702276466634,0.02416666666666667,0.0435,0.24166666666666667,0.0
w_a1.15_b1.05_g0.55,crane,17,0.3106796083244793,0.02416666666666667,0.0435,0.24166666666666667,0.0
w_a1.15_b1.05_g0.55,crane,18,0.3074349556665712,0.023333333333333334,0.042,0.23333333333333334,0.0
w_a1.15_b1.05_g0.55,crane,19,0.3108787458711287,0.025833333333333333,0.0465,0.25833333333333336,0.0
w_a1.15_b1.05_g0.55,crane,20,0.3181088068382948,0.022500000000000003,0.040499999999999994,0.225,0.0
w_a1.15_b1.05_g0.55,crane,21,0.3125453516507933,0.020833333333333332,0.0375,0.20833333333333334,0.0
w_a1.15_b1.05_g0.55,crane,22,0.3035070136442004,0.028333333333333335,0.051,0.2833333333333333,0.0
w_a1.15_b1.05_g0.55,crane,23,0.3108984568962431,0.025,0.045,0.25,0.0
w_a1.15_b1.05_g0.55,crane,24,0.30708312754616607,0.025833333333333333,0.0465,0.25833333333333336,0.0
w_a1.15_b1.05_g0.55,crane,25,0.3038197431362169,0.027500000000000004,0.049499999999999995,0.275,0.0
w_a1.15_b1.05_g0.55,crane,26,0.30454373445137445,0.025833333333333333,0.04649999999999999,0.25833333333333336,0.0
w_a1.15_b1.05_g0.55,crane,27,0.3033563565411124,0.025,0.045000000000000005,0.25,0.0
w_a1.15_b1.05_g0.55,crane,28,0.30755002301834744,0.02416666666666667,0.0435,0.24166666666666667,0.0
w_a1.15_b1.05_g0.55,crane,29,0.3071800348226162,0.025,0.045000000000000005,0.25,0.0
w_a1.15_b1.05_g0.55,crane,30,0.3093968660849168,0.025000000000000005,0.045,0.25,0.0
w_a1.15_b1.05_g0.55,crane,31,0.3096236715466309,0.025833333333333333,0.0465,0.25833333333333336,0.0
w_a1.15_b1.05_g0.55,crane,32,0.30454182064769086,0.025833333333333337,0.0465,0.25833333333333336,0.0
w_a1.15_b1.05_g0.55,crane,33,0.30895259480269555,0.025833333333333337,0.0465,0.25833333333333336,0.0
w_a1.15_b1.05_g0.55,crane,34,0.31079676100881254,0.023333333333333334,0.042,0.23333333333333334,0.0
w_a1.15_b1.05_g0.55,crane,35,0.30782228575146825,0.02416666666666667,0.043500000000000004,0.24166666666666667,0.0
w_a1.15_b1.05_g0.55,crane,36,0.30550784744651754,0.02416666666666667,0.0435,0.24166666666666667,0.0
w_a1.15_b1.05_g0.55,crane,37,0.298413733651483,0.029166666666666667,0.0525,0.2916666666666667,0.0
w_a1.15_b1.05_g0.55,crane,38,0.3166904560647501,0.02333333333333333,0.042,0.23333333333333334,0.0
w_a1.15_b1.05_g0.55,crane,39,0.29136604058690774,0.030000000000000002,0.054,0.3,0.0
w_a1.15_b1.05_g0.55,substation,0,0.3181735740930383,0.022500000000000003,0.0405,0.225,0.0
w_a1.15_b1.05_g0.55,substation,1,0.31489252667383855,0.020000000000000004,0.036000000000000004,0.2,0.0
w_a1.15_b1.05_g0.55,substation,2,0.3095519849370147,0.02416666666666667,0.043500000000000004,0.24166666666666667,0.0
w_a1.15_b1.05_g0.55,substation,3,0.30627710658213037,0.028333333333333335,0.051,0.2833333333333333,0.0
w_a1.15_b1.05_g0.55,substation,4,0.3132799554446579,0.020833333333333332,0.0375,0.20833333333333334,0.0
w_a1.15_b1.05_g0.55,substation,5,0.3095270231137968,0.02666666666666667,0.048,0.26666666666666666,0.0
w_a1.15_b1.05_g0.55,substation,6,0.31291752048333976,0.021666666666666667,0.039,0.21666666666666667,0.0
w_a1.15_b1.05_g0.55,substation,7,0.3093002389016988,0.024166666666666666,0.0435,0.24166666666666667,0.0
w_a1.15_b1.05_g0.55,substation,8,0.3116463970825015,0.025,0.045,0.25,0.0
w_a1.15_b1.05_g0.55,substation,9,0.3129156438586516,0.025833333333333333,0.0465,0.25833333333333336,0.0
w_a1.15_b1.05_g0.55,substation,10,0.3081838806623034,0.02333333333333333,0.042,0.23333333333333334,0.0
w_a1.15_b1.05_g0.55,substation,11,0.3064801163287765,0.0275,0.049499999999999995,0.275,0.0
w_a1.15_b1.05_g0.55,substation,12,0.31322328981237496,0.025833333333333333,0.0465,0.25833333333333336,0.0
w_a1.15_b1.05_g0.55,substation,13,0.3165994145698285,0.025,0.045000000000000005,0.25,0.0
w_a1.15_b1.05_g0.55,substation,14,0.31071895526872606,0.022500000000000003,0.0405,0.225,0.0
w_a1.15_b1.05_g0.55,substation,15,0.3103894794988981,0.023333333333333334,0.042,0.23333333333333334,0.0
w_a1.15_b1.05_g0.55,substation,16,0.3065951210941502,0.025833333333333333,0.0465,0.25833333333333336,0.0
w_a1.15_b1.05_g0.55,substation,17,0.31106030032753285,0.025833333333333337,0.0465,0.25833333333333336,0.0
w_a1.15_b1.05_g0.55,substation,18,0.30811912138485575,0.029166666666666667,0.0525,0.2916666666666667,0.0
w_a1.15_b1.05_g0.55,substation,19,0.311924852429259,0.025833333333333337,0.0465,0.25833333333333336,0.0
w_a1.15_b1.05_g0.55,substation,20,0.3116011495960046,0.025000000000000005,0.045,0.25,0.0
w_a1.15_b1.05_g0.55,substation,21,0.30967279365093003,0.0275,0.049499999999999995,0.275,0.0
w_a1.15_b1.05_g0.55,substation,22,0.31281028802611,0.022500000000000003,0.0405,0.225,0.0
w_a1.15_b1.05_g0.55,substation,23,0.31091222142827574,0.025000000000000005,0.045,0.25,0.0
w_a1.15_b1.05_g0.55,substation,24,0.3050051807128685,0.0275,0.049499999999999995,0.275,0.0
w_a1.15_b1.05_g0.55,substation,25,0.3085798949210027,0.02416666666666667,0.0435,0.24166666666666667,0.0
w_a1.15_b1.05_g0.55,substation,26,0.312781595388415,0.02416666666666667,0.0435,0.24166666666666667,0.0
w_a1.15_b1.05_g0.55,substation,27,0.31826956405764883,0.02416666666666667,0.0435,0.24166666666666667,0.0
w_a1.15_b1.05_g0.55,substation,28,0.30138761597033437,0.028333333333333335,0.051,0.2833333333333333,0.0
w_a1.15_b1.05_g0.55,substation,29,0.3070787212654313,0.025000000000000005,0.045,0.25,0.0
w_a1.15_b1.05_g0.55,substation,30,0.31552328585673367,0.025000000000000005,0.045,0.25,0.0
w_a1.15_b1.05_g0.55,substation,31,0.3190407691065952,0.02166666666666667,0.039,0.21666666666666667,0.0
w_a1.15_b1.05_g0.55,substation,32,0.3144876904113243,0.025833333333333333,0.0465,0.25833333333333336,0.0
w_a1.15_b1.05_g0.55,substation,33,0.31174305487270504,0.025000000000000005,0.045,0.25,0.0
w_a1.15_b1.05_g0.55,substation,34,0.30913061549117665,0.025833333333333333,0.0465,0.25833333333333336,0.0
w_a1.15_b1.05_g0.55,substation,35,0.30937501051269584,0.025,0.045000000000000005,0.25,0.0
w_a1.15_b1.05_g0.55,substation,36,0.3127299913236058,0.027500000000000004,0.049499999999999995,0.275,0.0
w_a1.15_b1.05_g0.55,substation,37,0.3074522753384022,0.02666666666666667,0.048,0.26666666666666666,0.0
w_a1.15_b1.05_g0.55,substation,38,0.30952231105924227,0.023333333333333334,0.042,0.23333333333333334,0.0
w_a1.15_b1.05_g0.55,substation,39,0.31148471850262643,0.02333333333333333,0.042,0.23333333333333334,0.0
w_a1.15_b1.05_g0.55,mining,0,0.3021438159201169,0.025833333333333333,0.04649999999999999,0.25833333333333336,0.0
w_a1.15_b1.05_g0.55,mining,1,0.3036082020689613,0.025,0.045,0.25,0.0
w_a1.15_b1.05_g0.55,mining,2,0.30907934828554884,0.02416666666666667,0.0435,0.24166666666666667,0.0
w_a1.15_b1.05_g0.55,mining,3,0.3029806185127519,0.02416666666666667,0.043500000000000004,0.24166666666666667,0.0
w_a1.15_b1.05_g0.55,mining,4,0.3097979503065985,0.021666666666666667,0.039,0.21666666666666667,0.0
w_a1.15_b1.05_g0.55,mining,5,0.3089652675286596,0.025,0.045,0.25,0.0
w_a1.15_b1.05_g0.55,mining,6,0.30356103341610574,0.023333333333333334,0.042,0.23333333333333334,0.0
w_a1.15_b1.05_g0.55,mining,7,0.30385536946962166,0.02666666666666667,0.048,0.26666666666666666,0.0
w_a1.15_b1.05_g0.55,mining,8,0.3001203836122502,0.0275,0.049499999999999995,0.275,0.0
w_a1.15_b1.05_g0.55,mining,9,0.30113309839710245,0.025833333333333333,0.0465,0.25833333333333336,0.0
w_a1.15_b1.05_g0.55,mining,10,0.3058989135986041,0.022500000000000003,0.040499999999999994,0.225,0.0
w_a1.15_b1.05_g0.55,mining,11,0.30230920341070205,0.028333333333333335,0.051,0.2833333333333333,0.0
w_a1.15_b1.05_g0.55,mining,12,0.30271057275167373,0.028333333333333335,0.051,0.2833333333333333,0.0
w_a1.15_b1.05_g0.55,mining,13,0.30755662856328264,0.025,0.045000000000000005,0.25,0.0
w_a1.15_b1.05_g0.55,mining,14,0.30735035262841826,0.02333333333333333,0.041999999999999996,0.23333333333333334,0.0
w_a1.15_b1.05_g0.55,mining,15,0.3031512128690215,0.025833333333333333,0.0465,0.25833333333333336,0.0
w_a1.15_b1.05_g0.55,mining,16,0.31375089818674695,0.02166666666666667,0.039,0.21666666666666667,0.0
w_a1.15_b1.05_g0.55,mining,17,0.30606030263917167,0.025,0.045,0.25,0.0
w_a1.15_b1.05_g0.55,mining,18,0.30523882471046543,0.023333333333333334,0.042,0.23333333333333334,0.0
w_a1.15_b1.05_g0.55,mining,19,0.30484508826499235,0.025833333333333333,0.0465,0.25833333333333336,0.0
w_a1.15_b1.05_g0.55,mining,20,0.3072882064444469,0.02416666666666667,0.043500000000000004,0.24166666666666667,0.0
w_a1.15_b1.05_g0.55,mining,21,0.3093403146089601,0.0275,0.049499999999999995,0.275,0.0
w_a1.15_b1.05_g0.55,mining,22,0.30927726762194235,0.022500000000000003,0.040499999999999994,0.225,0.0
w_a1.15_b1.05_g0.55,mining,23,0.30397697681328245,0.025,0.045000000000000005,0.25,0.0
w_a1.15_b1.05_g0.55,mining,24,0.3091291962688358,0.022500000000000003,0.0405,0.225,0.0
w_a1.15_b1.05_g0.55,mining,25,0.3061400988265776,0.025833333333333333,0.0465,0.25833333333333336,0.0
w_a1.15_b1.05_g0.55,mining,26,0.29828528466504073,0.022500000000000003,0.0405,0.225,0.0
w_a1.15_b1.05_g0.55,mining,27,0.302890881356747,0.023333333333333334,0.042,0.23333333333333334,0.0
w_a1.15_b1.05_g0.55,mining,28,0.3042490943833241,0.02333333333333333,0.042,0.23333333333333334,0.0
w_a1.15_b1.05_g0.55,mining,29,0.2979480257883041,0.030000000000000006,0.054,0.3,0.0
w_a1.15_b1.05_g0.55,mining,30,0.3087770937984676,0.02666666666666667,0.048,0.26666666666666666,0.0
w_a1.15_b1.05_g0.55,mining,31,0.2941548999510189,0.028333333333333335,0.051,0.2833333333333333,0.0
w_a1.15_b1.05_g0.55,mining,32,0.30354559786092744,0.025833333333333333,0.04649999999999999,0.25833333333333336,0.0
w_a1.15_b1.05_g0.55,mining,33,0.298161903616909,0.027500000000000004,0.049499999999999995,0.275,0.0
w_a1.15_b1.05_g0.55,mining,34,0.2960442877605733,0.027500000000000004,0.049499999999999995,0.275,0.0
w_a1.15_b1.05_g0.55,mining,35,0.3020944464533007,0.02416666666666667,0.0435,0.24166666666666667,0.0
w_a1.15_b1.05_g0.55,mining,36,0.3070497803252799,0.024166666666666666,0.0435,0.24166666666666667,0.0
w_a1.15_b1.05_g0.55,mining,37,0.3000412918606721,0.025833333333333337,0.0465,0.25833333333333336,0.0
w_a1.15_b1.05_g0.55,mining,38,0.2976314984936074,0.028333333333333335,0.051,0.2833333333333333,0.0
w_a1.15_b1.05_g0.55,mining,39,0.302545101273418,0.021666666666666667,0.039,0.21666666666666667,0.0
w_a1.15_b1.05_g0.55,oil_gas,0,0.2979230396481299,0.02416666666666667,0.0435,0.24166666666666667,0.0
w_a1.15_b1.05_g0.55,oil_gas,1,0.29602960714036,0.025833333333333333,0.0465,0.25833333333333336,0.0
w_a1.15_b1.05_g0.55,oil_gas,2,0.29068696496573543,0.03166666666666667,0.057,0.31666666666666665,0.0
w_a1.15_b1.05_g0.55,oil_gas,3,0.30131372566833237,0.025,0.045000000000000005,0.25,0.0
w_a1.15_b1.05_g0.55,oil_gas,4,0.30223851962870996,0.025833333333333337,0.0465,0.25833333333333336,0.0
w_a1.15_b1.05_g0.55,oil_gas,5,0.29984974389988356,0.025833333333333333,0.0465,0.25833333333333336,0.0
w_a1.15_b1.05_g0.55,oil_gas,6,0.3018067583825258,0.02416666666666667,0.0435,0.24166666666666667,0.0
w_a1.15_b1.05_g0.55,oil_gas,7,0.30787786337012374,0.025000000000000005,0.045,0.25,0.0
w_a1.15_b1.05_g0.55,oil_gas,8,0.30288380865369846,0.022500000000000003,0.040499999999999994,0.225,0.0
w_a1.15_b1.05_g0.55,oil_gas,9,0.3013446763358727,0.0275,0.049499999999999995,0.275,0.0
w_a1.15_b1.05_g0.55,oil_gas,10,0.298035895030088,0.030000000000000002,0.054,0.3,0.0
w_a1.15_b1.05_g0.55,oil_gas,11,0.30662268467565457,0.023333333333333334,0.041999999999999996,0.23333333333333334,0.0
w_a1.15_b1.05_g0.55,oil_gas,12,0.3027432904766853,0.023333333333333334,0.042,0.23333333333333334,0.0
w_a1.15_b1.05_g0.55,oil_gas,13,0.302779951239895,0.025833333333333333,0.0465,0.25833333333333336,0.0
w_a1.15_b1.05_g0.55,oil_gas,14,0.3061370301914297,0.023333333333333334,0.042,0.23333333333333334,0.0
w_a1.15_b1.05_g0.55,oil_gas,15,0.3077823802707852,0.02666666666666667,0.048,0.26666666666666666,0.0
w_a1.15_b1.05_g0.55,oil_gas,16,0.30088216867465956,0.029166666666666667,0.0525,0.2916666666666667,0.0
w_a1.15_b1.05_g0.55,oil_gas,17,0.3019969445024276,0.027500000000000004,0.049499999999999995,0.275,0.0
w_a1.15_b1.05_g0.55,oil_gas,18,0.30441767315077883,0.025833333333333337,0.0465,0.25833333333333336,0.0
w_a1.15_b1.05_g0.55,oil_gas,19,0.297640691728976,0.028333333333333332,0.051000000000000004,0.2833333333333333,0.0
w_a1.15_b1.05_g0.55,oil_gas,20,0.29666786712388826,0.02666666666666667,0.048,0.26666666666666666,0.0
w_a1.15_b1.05_g0.55,oil_gas,21,0.30812563006216104,0.025833333333333333,0.0465,0.25833333333333336,0.0
w_a1.15_b1.05_g0.55,oil_gas,22,0.29957292761511634,0.028333333333333335,0.051,0.2833333333333333,0.0
w_a1.15_b1.05_g0.55,oil_gas,23,0.2967863434081133,0.030000000000000002,0.054,0.3,0.0
w_a1.15_b1.05_g0.55,oil_gas,24,0.3004868798259365,0.027500000000000004,0.049499999999999995,0.275,0.0
w_a1.15_b1.05_g0.55,oil_gas,25,0.2937810642328458,0.03166666666666666,0.057,0.31666666666666665,0.0
w_a1.15_b1.05_g0.55,oil_gas,26,0.3003483427486268,0.027500000000000004,0.049499999999999995,0.275,0.0
w_a1.15_b1.05_g0.55,oil_gas,27,0.30699339861842045,0.025833333333333337,0.0465,0.25833333333333336,0.0
w_a1.15_b1.05_g0.55,oil_gas,28,0.2965414393720077,0.027500000000000004,0.049499999999999995,0.275,0.0
w_a1.15_b1.05_g0.55,oil_gas,29,0.30322715412886575,0.025,0.045000000000000005,0.25,0.0
w_a1.15_b1.05_g0.55,oil_gas,30,0.30965883616597417,0.02416666666666667,0.043500000000000004,0.24166666666666667,0.0
w_a1.15_b1.05_g0.55,oil_gas,31,0.3045202530573344,0.02416666666666667,0.0435,0.24166666666666667,0.0
w_a1.15_b1.05_g0.55,oil_gas,32,0.29978611030977526,0.025833333333333337,0.0465,0.25833333333333336,0.0
w_a1.15_b1.05_g0.55,oil_gas,33,0.3021308437169316,0.030000000000000002,0.054,0.3,0.0
w_a1.15_b1.05_g0.55,oil_gas,34,0.29907172349392963,0.02416666666666667,0.0435,0.24166666666666667,0.0
w_a1.15_b1.05_g0.55,oil_gas,35,0.3108363427116016,0.02333333333333333,0.041999999999999996,0.23333333333333334,0.0
w_a1.15_b1.05_g0.55,oil_gas,36,0.30296513897026106,0.022500000000000003,0.040499999999999994,0.225,0.0
w_a1.15_b1.05_g0.55,oil_gas,37,0.3043916586597812,0.02166666666666667,0.039,0.21666666666666667,0.0
w_a1.15_b1.05_g0.55,oil_gas,38,0.30515999084083595,0.025833333333333333,0.0465,0.25833333333333336,0.0
w_a1.15_b1.05_g0.55,oil_gas,39,0.30307648446407753,0.025833333333333333,0.0465,0.25833333333333336,0.0
w_a1.15_b1.05_g0.55,factory,0,0.31757438706677193,0.020833333333333332,0.0375,0.20833333333333334,0.0
w_a1.15_b1.05_g0.55,factory,1,0.32256513615517585,0.02166666666666667,0.039,0.21666666666666667,0.0
w_a1.15_b1.05_g0.55,factory,2,0.3140856668296922,0.02416666666666667,0.043500000000000004,0.24166666666666667,0.0
w_a1.15_b1.05_g0.55,factory,3,0.3256654637891697,0.025,0.045,0.25,0.0
w_a1.15_b1.05_g0.55,factory,4,0.3202011209031904,0.02166666666666667,0.039,0.21666666666666667,0.0
w_a1.15_b1.05_g0.55,factory,5,0.3179462857491276,0.025,0.045000000000000005,0.25,0.0
w_a1.15_b1.05_g0.55,factory,6,0.31869096085871385,0.0275,0.049499999999999995,0.275,0.0
w_a1.15_b1.05_g0.55,factory,7,0.32581182642666645,0.021666666666666667,0.039,0.21666666666666667,0.0
w_a1.15_b1.05_g0.55,factory,8,0.32090658948122586,0.02333333333333333,0.041999999999999996,0.23333333333333334,0.0
w_a1.15_b1.05_g0.55,factory,9,0.3221644095582176,0.023333333333333334,0.042,0.23333333333333334,0.0
w_a1.15_b1.05_g0.55,factory,10,0.3237356195417797,0.02333333333333333,0.042,0.23333333333333334,0.0
w_a1.15_b1.05_g0.55,factory,11,0.31464110323134376,0.029166666666666667,0.05249999999999999,0.2916666666666667,0.0
w_a1.15_b1.05_g0.55,factory,12,0.3250891599493793,0.02333333333333333,0.042,0.23333333333333334,0.0
w_a1.15_b1.05_g0.55,factory,13,0.3224114363158289,0.02416666666666667,0.0435,0.24166666666666667,0.0
w_a1.15_b1.05_g0.55,factory,14,0.31315906239357777,0.025833333333333337,0.0465,0.25833333333333336,0.0
w_a1.15_b1.05_g0.55,factory,15,0.3251763414924253,0.022500000000000003,0.040499999999999994,0.225,0.0
w_a1.15_b1.05_g0.55,factory,16,0.323465741609928,0.025,0.045,0.25,0.0
w_a1.15_b1.05_g0.55,factory,17,0.3196122034281629,0.022500000000000003,0.040499999999999994,0.225,0.0
w_a1.15_b1.05_g0.55,factory,18,0.3273550312909099,0.022500000000000003,0.0405,0.225,0.0
w_a1.15_b1.05_g0.55,factory,19,0.3213681951763687,0.023333333333333334,0.042,0.23333333333333334,0.0
w_a1.15_b1.05_g0.55,factory,20,0.32686985220587983,0.022500000000000003,0.040499999999999994,0.225,0.0
w_a1.15_b1.05_g0.55,factory,21,0.32133737315228744,0.022500000000000003,0.0405,0.225,0.0
w_a1.15_b1.05_g0.55,factory,22,0.3160174440059927,0.028333333333333335,0.051,0.2833333333333333,0.0
w_a1.15_b1.05_g0.55,factory,23,0.3187559009428138,0.025833333333333333,0.0465,0.25833333333333336,0.0
w_a1.15_b1.05_g0.55,factory,24,0.320129155772583,0.023333333333333334,0.042,0.23333333333333334,0.0
w_a1.15_b1.05_g0.55,factory,25,0.3188910236461188,0.02333333333333333,0.042,0.23333333333333334,0.0
w_a1.15_b1.05_g0.55,factory,26,0.32137788016573865,0.025833333333333333,0.0465,0.25833333333333336,0.0
w_a1.15_b1.05_g0.55,factory,27,0.31478253674066536,0.029166666666666667,0.05249999999999999,0.2916666666666667,0.0
w_a1.15_b1.05_g0.55,factory,28,0.325540036124645,0.025,0.045000000000000005,0.25,0.0
w_a1.15_b1.05_g0.55,factory,29,0.3143660368394574,0.0275,0.049499999999999995,0.275,0.0
w_a1.15_b1.05_g0.55,factory,30,0.3184093460087636,0.024166666666666666,0.0435,0.24166666666666667,0.0
w_a1.15_b1.05_g0.55,factory,31,0.32489305732345375,0.023333333333333334,0.042,0.23333333333333334,0.0
w_a1.15_b1.05_g0.55,factory,32,0.3159311102352487,0.025,0.045000000000000005,0.25,0.0
w_a1.15_b1.05_g0.55,factory,33,0.3268272847745672,0.020000000000000004,0.036000000000000004,0.2,0.0
w_a1.15_b1.05_g0.55,factory,34,0.3140110003580038,0.02416666666666667,0.0435,0.24166666666666667,0.0
w_a1.15_b1.05_g0.55,factory,35,0.32182834646933783,0.025,0.045000000000000005,0.25,0.0
w_a1.15_b1.05_g0.55,factory,36,0.3184548652707882,0.022500000000000003,0.040499999999999994,0.225,0.0
w_a1.15_b1.05_g0.55,factory,37,0.32151765207635213,0.01916666666666667,0.0345,0.19166666666666668,0.0
w_a1.15_b1.05_g0.55,factory,38,0.3301628278373896,0.018333333333333333,0.033,0.18333333333333332,0.0
w_a1.15_b1.05_g0.55,factory,39,0.31907845786550443,0.025,0.045000000000000005,0.25,0.0
w_a1.15_b1.05_g1.1,forklift,0,0.326301788592511,0.018083333333333337,0.012916666666666668,0.25833333333333336,0.0
w_a1.15_b1.05_g1.1,forklift,1,0.32713910054368417,0.01575,0.011250000000000001,0.225,0.0
w_a1.15_b1.05_g1.1,forklift,2,0.32952155279259315,0.01691666666666667,0.012083333333333335,0.24166666666666667,0.0
w_a1.15_b1.05_g1.1,forklift,3,0.3289462670195916,0.015750000000000004,0.011250000000000001,0.225,0.0
w_a1.15_b1.05_g1.1,forklift,4,0.326502800326093,0.018083333333333337,0.012916666666666668,0.25833333333333336,0.0
w_a1.15_b1.05_g1.1,forklift,5,0.3210989493227918,0.017500000000000005,0.012500000000000002,0.25,0.0
w_a1.15_b1.05_g1.1,forklift,6,0.3313842509507989,0.016333333333333335,0.011666666666666667,0.23333333333333334,0.0
w_a1.15_b1.05_g1.1,forklift,7,0.32107437754769436,0.018666666666666668,0.013333333333333334,0.26666666666666666,0.0
w_a1.15_b1.05_g1.1,forklift,8,0.3257501698439524,0.01925,0.013750000000000002,0.275,0.0
w_a1.15_b1.05_g1.1,forklift,9,0.32593082295274534,0.018083333333333337,0.012916666666666668,0.25833333333333336,0.0
w_a1.15_b1.05_g1.1,forklift,10,0.3222260511995053,0.016333333333333335,0.011666666666666667,0.23333333333333334,0.0
w_a1.15_b1.05_g1.1,forklift,11,0.3205324167881324,0.014583333333333335,0.010416666666666668,0.20833333333333334,0.0
w_a1.15_b1.05_g1.1,forklift,12,0.32699755825443116,0.018083333333333333,0.012916666666666668,0.25833333333333336,0.0
w_a1.15_b1.05_g1.1,forklift,13,0.327496780778513,0.0175,0.0125,0.25,0.0
w_a1.15_b1.05_g1.1,forklift,14,0.325895268515659,0.018083333333333333,0.012916666666666668,0.25833333333333336,0.0
w_a1.15_b1.05_g1.1,forklift,15,0.32500547073757496,0.014583333333333334,0.010416666666666666,0.20833333333333334,0.0
w_a1.15_b1.05_g1.1,forklift,16,0.3291289292278933,0.01925,0.01375,0.275,0.0
w_a1.15_b1.05_g1.1,forklift,17,0.3226724110084761,0.019833333333333335,0.014166666666666668,0.2833333333333333,0.0
w_a1.15_b1.05_g1.1,forklift,18,0.32174336625956645,0.018083333333333337,0.012916666666666668,0.25833333333333336,0.0
w_a1.15_b1.05_g1.1,forklift,19,0.3227489850692299,0.021000000000000005,0.015000000000000001,0.3,0.0
w_a1.15_b1.05_g1.1,forklift,20,0.32733998960297384,0.018666666666666668,0.013333333333333334,0.26666666666666666,0.0
w_a1.15_b1.05_g1.1,forklift,21,0.33041213911726364,0.018083333333333337,0.012916666666666667,0.25833333333333336,0.0
w_a1.15_b1.05_g1.1,forklift,22,0.3294819433707275,0.016333333333333335,0.011666666666666667,0.23333333333333334,0.0
w_a1.15_b1.05_g1.1,forklift,23,0.3277264582786048,0.018083333333333337,0.012916666666666668,0.25833333333333336,0.0
w_a1.15_b1.05_g1.1,forklift,24,0.3238764471490224,0.018083333333333333,0.012916666666666667,0.25833333333333336,0.0
w_a1.15_b1.05_g1.1,forklift,25,0.32518776406966576,0.018083333333333333,0.012916666666666667,0.25833333333333336,0.0
w_a1.15_b1.05_g1.1,forklift,26,0.32608242269828813,0.014000000000000002,0.010000000000000002,0.2,0.0
w_a1.15_b1.05_g1.1,forklift,27,0.3245644482212168,0.012833333333333334,0.009166666666666667,0.18333333333333332,0.0
w_a1.15_b1.05_g1.1,forklift,28,0.3265241611005666,0.016333333333333335,0.011666666666666667,0.23333333333333334,0.0
w_a1.15_b1.05_g1.1,forklift,29,0.33007285948227977,0.01575,0.011250000000000001,0.225,0.0
w_a1.15_b1.05_g1.1,forklift,30,0.3287439539988975,0.017500000000000005,0.012500000000000002,0.25,0.0
w_a1.15_b1.05_g1.1,forklift,31,0.33242774406804354,0.018083333333333337,0.012916666666666667,0.25833333333333336,0.0
w_a1.15_b1.05_g1.1,forklift,32,0.3309378349153978,0.0175,0.0125,0.25,0.0
w_a1.15_b1.05_g1.1,forklift,33,0.32602008860004034,0.018083333333333337,0.012916666666666667,0.25833333333333336,0.0
w_a1.15_b1.05_g1.1,forklift,34,0.3241581062426695,0.018083333333333337,0.012916666666666668,0.25833333333333336,0.0
w_a1.15_b1.05_g1.1,forklift,35,0.3297145066173994,0.018666666666666668,0.013333333333333334,0.26666666666666666,0.0
w_a1.15_b1.05_g1.1,forklift,36,0.32787177740371154,0.018666666666666668,0.013333333333333334,0.26666666666666666,0.0
w_a1.15_b1.05_g1.1,forklift,37,0.3217251462559535,0.019250000000000003,0.01375,0.275,0.0
w_a1.15_b1.05_g1.1,forklift,38,0.3198722998261923,0.019833333333333335,0.014166666666666668,0.2833333333333333,0.0
w_a1.15_b1.05_g1.1,forklift,39,0.3214455964671797,0.018666666666666668,0.013333333333333334,0.26666666666666666,0.0
w_a1.15_b1.05_g1.1,crane,0,0.32235876068862784,0.014000000000000002,0.010000000000000002,0.2,0.0
w_a1.15_b1.05_g1.1,crane,1,0.31434660749538684,0.018083333333333337,0.012916666666666668,0.25833333333333336,0.0
w_a1.15_b1.05_g1.1,crane,2,0.31859343952019425,0.018666666666666668,0.013333333333333334,0.26666666666666666,0.0
w_a1.15_b1.05_g1.1,crane,3,0.32209937246796655,0.014000000000000002,0.010000000000000002,0.2,0.0
w_a1.15_b1.05_g1.1,crane,4,0.32479830446539054,0.016333333333333335,0.011666666666666667,0.23333333333333334,0.0
w_a1.15_b1.05_g1.1,crane,5,0.3168681214036988,0.01575,0.011250000000000001,0.225,0.0
w_a1.15_b1.05_g1.1,crane,6,0.3175795975331564,0.018666666666666668,0.013333333333333334,0.26666666666666666,0.0
w_a1.15_b1.05_g1.1,crane,7,0.32227200610285667,0.014583333333333335,0.010416666666666666,0.20833333333333334,0.0
w_a1.15_b1.05_g1.1,crane,8,0.32304006871445,0.018666666666666668,0.013333333333333334,0.26666666666666666,0.0
w_a1.15_b1.05_g1.1,crane,9,0.3156656627557093,0.01575,0.011250000000000001,0.225,0.0
w_a1.15_b1.05_g1.1,crane,10,0.3205896827534399,0.015166666666666669,0.010833333333333335,0.21666666666666667,0.0
w_a1.15_b1.05_g1.1,crane,11,0.3229615940639505,0.018083333333333333,0.012916666666666667,0.25833333333333336,0.0
w_a1.15_b1.05_g1.1,crane,12,0.3183833173494227,0.01691666666666667,0.012083333333333335,0.24166666666666667,0.0
w_a1.15_b1.05_g1.1,crane,13,0.3210698019822183,0.01691666666666667,0.012083333333333335,0.24166666666666667,0.0
w_a1.15_b1.05_g1.1,crane,14,0.3141727760675831,0.01983333333333333,0.014166666666666666,0.2833333333333333,0.0
w_a1.15_b1.05_g1.1,crane,15,0.31931104353770257,0.015166666666666667,0.010833333333333334,0.21666666666666667,0.0
w_a1.15_b1.05_g1.1,crane,16,0.3262403560979997,0.01691666666666667,0.012083333333333335,0.24166666666666667,0.0
w_a1.15_b1.05_g1.1,crane,17,0.32279589449642915,0.01691666666666667,0.012083333333333335,0.24166666666666667,0.0
w_a1.15_b1.05_g1.1,crane,18,0.31910162233323786,0.016333333333333335,0.011666666666666667,0.23333333333333334,0.0
w_a1.15_b1.05_g1.1,crane,19,0.3237954125377953,0.018083333333333333,0.012916666666666667,0.25833333333333336,0.0
w_a1.15_b1.05_g1.1,crane,20,0.3293588068382948,0.01575,0.011250000000000001,0.225,0.0
w_a1.15_b1.05_g1.1,crane,21,0.32296201831745996,0.014583333333333335,0.010416666666666666,0.20833333333333334,0.0
w_a1.15_b1.05_g1.1,crane,22,0.3176736803108671,0.019833333333333335,0.014166666666666668,0.2833333333333333,0.0
w_a1.15_b1.05_g1.1,crane,23,0.3233984568962432,0.017500000000000005,0.0125,0.25,0.0
w_a1.15_b1.05_g1.1,crane,24,0.3199997942128327,0.018083333333333333,0.012916666666666667,0.25833333333333336,0.0
w_a1.15_b1.05_g1.1,crane,25,0.3175697431362169,0.019250000000000003,0.013750000000000002,0.275,0.0
w_a1.15_b1.05_g1.1,crane,26,0.3174604011180412,0.018083333333333337,0.012916666666666667,0.25833333333333336,0.0
w_a1.15_b1.05_g1.1,crane,27,0.3158563565411125,0.0175,0.0125,0.25,0.0
w_a1.15_b1.05_g1.1,crane,28,0.31963335635168083,0.01691666666666667,0.012083333333333335,0.24166666666666667,0.0
w_a1.15_b1.05_g1.1,crane,29,0.3196800348226162,0.017500000000000005,0.0125,0.25,0.0
w_a1.15_b1.05_g1.1,crane,30,0.3218968660849167,0.017500000000000005,0.012500000000000002,0.25,0.0
w_a1.15_b1.05_g1.1,crane,31,0.32254033821329753,0.018083333333333337,0.012916666666666667,0.25833333333333336,0.0
w_a1.15_b1.05_g1.1,crane,32,0.3174584873143575,0.018083333333333337,0.012916666666666668,0.25833333333333336,0.0
w_a1.15_b1.05_g1.1,crane,33,0.3218692614693622,0.018083333333333333,0.012916666666666668,0.25833333333333336,0.0
w_a1.15_b1.05_g1.1,crane,34,0.32246342767547925,0.016333333333333335,0.011666666666666667,0.23333333333333334,0.0
w_a1.15_b1.05_g1.1,crane,35,0.31990561908480164,0.01691666666666667,0.012083333333333335,0.24166666666666667,0.0
w_a1.15_b1.05_g1.1,crane,36,0.3175911807798508,0.01691666666666667,0.012083333333333335,0.24166666666666667,0.0
w_a1.15_b1.05_g1.1,crane,37,0.31299706698481633,0.02041666666666667,0.014583333333333334,0.2916666666666667,0.0
w_a1.15_b1.05_g1.1,crane,38,0.3283571227314168,0.016333333333333335,0.011666666666666665,0.23333333333333334,0.0
w_a1.15_b1.05_g1.1,crane,39,0.3063660405869077,0.021000000000000005,0.015000000000000001,0.3,0.0
w_a1.15_b1.05_g1.1,substation,0,0.32942357409303824,0.01575,0.011250000000000001,0.225,0.0
w_a1.15_b1.05_g1.1,substation,1,0.3248925266738386,0.014000000000000002,0.010000000000000002,0.2,0.0
w_a1.15_b1.05_g1.1,substation,2,0.321635318270348,0.01691666666666667,0.012083333333333335,0.24166666666666667,0.0
w_a1.15_b1.05_g1.1,substation,3,0.32044377324879714,0.019833333333333335,0.014166666666666668,0.2833333333333333,0.0
w_a1.15_b1.05_g1.1,substation,4,0.32369662211132455,0.014583333333333334,0.010416666666666666,0.20833333333333334,0.0
w_a1.15_b1.05_g1.1,substation,5,0.3228603564471301,0.018666666666666668,0.013333333333333334,0.26666666666666666,0.0
w_a1.15_b1.05_g1.1,substation,6,0.3237508538166731,0.015166666666666669,0.010833333333333334,0.21666666666666667,0.0
w_a1.15_b1.05_g1.1,substation,7,0.3213835722350321,0.01691666666666667,0.012083333333333333,0.24166666666666667,0.0
w_a1.15_b1.05_g1.1,substation,8,0.32414639708250154,0.017500000000000005,0.0125,0.25,0.0
w_a1.15_b1.05_g1.1,substation,9,0.3258323105253183,0.018083333333333333,0.012916666666666667,0.25833333333333336,0.0
w_a1.15_b1.05_g1.1,substation,10,0.3198505473289701,0.016333333333333335,0.011666666666666665,0.23333333333333334,0.0
w_a1.15_b1.05_g1.1,substation,11,0.3202301163287765,0.019250000000000003,0.01375,0.275,0.0
w_a1.15_b1.05_g1.1,substation,12,0.32613995647904165,0.018083333333333333,0.012916666666666667,0.25833333333333336,0.0
w_a1.15_b1.05_g1.1,substation,13,0.3290994145698285,0.017500000000000005,0.0125,0.25,0.0
w_a1.15_b1.05_g1.1,substation,14,0.32196895526872604,0.01575,0.011250000000000001,0.225,0.0
w_a1.15_b1.05_g1.1,substation,15,0.32205614616556477,0.016333333333333335,0.011666666666666667,0.23333333333333334,0.0
w_a1.15_b1.05_g1.1,substation,16,0.31951178776081685,0.018083333333333333,0.012916666666666667,0.25833333333333336,0.0
w_a1.15_b1.05_g1.1,substation,17,0.3239769669941995,0.018083333333333337,0.012916666666666668,0.25833333333333336,0.0
w_a1.15_b1.05_g1.1,substation,18,0.3227024547181891,0.02041666666666667,0.014583333333333334,0.2916666666666667,0.0
w_a1.15_b1.05_g1.1,substation,19,0.3248415190959257,0.018083333333333337,0.012916666666666668,0.25833333333333336,0.0
w_a1.15_b1.05_g1.1,substation,20,0.3241011495960046,0.017500000000000005,0.012500000000000002,0.25,0.0
w_a1.15_b1.05_g1.1,substation,21,0.32342279365092996,0.019250000000000003,0.01375,0.275,0.0
w_a1.15_b1.05_g1.1,substation,22,0.3240602880261099,0.01575,0.011250000000000001,0.225,0.0
w_a1.15_b1.05_g1.1,substation,23,0.3234122214282758,0.017500000000000005,0.012500000000000002,0.25,0.0
w_a1.15_b1.05_g1.1,substation,24,0.31875518071286846,0.019250000000000003,0.01375,0.275,0.0
w_a1.15_b1.05_g1.1,substation,25,0.320663228254336,0.01691666666666667,0.012083333333333335,0.24166666666666667,0.0
w_a1.15_b1.05_g1.1,substation,26,0.3248649287217483,0.01691666666666667,0.012083333333333335,0.24166666666666667,0.0
w_a1.15_b1.05_g1.1,substation,27,0.33035289739098217,0.01691666666666667,0.012083333333333335,0.24166666666666667,0.0
w_a1.15_b1.05_g1.1,substation,28,0.31555428263700097,0.019833333333333335,0.014166666666666668,0.2833333333333333,0.0
w_a1.15_b1.05_g1.1,substation,29,0.3195787212654313,0.017500000000000005,0.012500000000000002,0.25,0.0
w_a1.15_b1.05_g1.1,substation,30,0.32802328585673374,0.017500000000000005,0.012500000000000002,0.25,0.0
w_a1.15_b1.05_g1.1,substation,31,0.3298741024399285,0.015166666666666669,0.010833333333333335,0.21666666666666667,0.0
w_a1.15_b1.05_g1.1,substation,32,0.327404357077991,0.018083333333333333,0.012916666666666667,0.25833333333333336,0.0
w_a1.15_b1.05_g1.1,substation,33,0.324243054872705,0.017500000000000005,0.012500000000000002,0.25,0.0
w_a1.15_b1.05_g1.1,substation,34,0.3220472821578433,0.018083333333333337,0.012916666666666667,0.25833333333333336,0.0
w_a1.15_b1.05_g1.1,substation,35,0.32187501051269585,0.0175,0.0125,0.25,0.0
w_a1.15_b1.05_g1.1,substation,36,0.3264799913236058,0.019250000000000003,0.013750000000000002,0.275,0.0
w_a1.15_b1.05_g1.1,substation,37,0.3207856086717355,0.018666666666666668,0.013333333333333334,0.26666666666666666,0.0
w_a1.15_b1.05_g1.1,substation,38,0.3211889777259089,0.016333333333333335,0.011666666666666667,0.23333333333333334,0.0
w_a1.15_b1.05_g1.1,substation,39,0.3231513851692931,0.016333333333333335,0.011666666666666665,0.23333333333333334,0.0
w_a1.15_b1.05_g1.1,mining,0,0.31506048258678354,0.018083333333333337,0.012916666666666667,0.25833333333333336,0.0
w_a1.15_b1.05_g1.1,mining,1,0.31610820206896134,0.017500000000000005,0.0125,0.25,0.0
w_a1.15_b1.05_g1.1,mining,2,0.32116268161888223,0.01691666666666667,0.012083333333333335,0.24166666666666667,0.0
w_a1.15_b1.05_g1.1,mining,3,0.3150639518460852,0.01691666666666667,0.012083333333333335,0.24166666666666667,0.0
w_a1.15_b1.05_g1.1,mining,4,0.3206312836399319,0.015166666666666669,0.010833333333333334,0.21666666666666667,0.0
w_a1.15_b1.05_g1.1,mining,5,0.3214652675286596,0.017500000000000005,0.0125,0.25,0.0
w_a1.15_b1.05_g1.1,mining,6,0.3152277000827724,0.016333333333333335,0.011666666666666667,0.23333333333333334,0.0
w_a1.15_b1.05_g1.1,mining,7,0.31718870280295497,0.018666666666666668,0.013333333333333334,0.26666666666666666,0.0
w_a1.15_b1.05_g1.1,mining,8,0.3138703836122502,0.019250000000000003,0.01375,0.275,0.0
w_a1.15_b1.05_g1.1,mining,9,0.31404976506376914,0.018083333333333333,0.012916666666666667,0.25833333333333336,0.0
w_a1.15_b1.05_g1.1,mining,10,0.3171489135986042,0.01575,0.011250000000000001,0.225,0.0
w_a1.15_b1.05_g1.1,mining,11,0.3164758700773687,0.019833333333333335,0.014166666666666668,0.2833333333333333,0.0
w_a1.15_b1.05_g1.1,mining,12,0.3168772394183404,0.019833333333333335,0.014166666666666668,0.2833333333333333,0.0
w_a1.15_b1.05_g1.1,mining,13,0.32005662856328265,0.0175,0.0125,0.25,0.0
w_a1.15_b1.05_g1.1,mining,14,0.3190170192950849,0.016333333333333335,0.011666666666666665,0.23333333333333334,0.0
w_a1.15_b1.05_g1.1,mining,15,0.3160678795356882,0.018083333333333333,0.012916666666666667,0.25833333333333336,0.0
w_a1.15_b1.05_g1.1,mining,16,0.32458423152008026,0.015166666666666669,0.010833333333333335,0.21666666666666667,0.0
w_a1.15_b1.05_g1.1,mining,17,0.31856030263917173,0.017500000000000005,0.0125,0.25,0.0
w_a1.15_b1.05_g1.1,mining,18,0.31690549137713214,0.016333333333333335,0.011666666666666667,0.23333333333333334,0.0
w_a1.15_b1.05_g1.1,mining,19,0.31776175493165904,0.018083333333333333,0.012916666666666667,0.25833333333333336,0.0
w_a1.15_b1.05_g1.1,mining,20,0.3193715397777802,0.01691666666666667,0.012083333333333335,0.24166666666666667,0.0
w_a1.15_b1.05_g1.1,mining,21,0.3230903146089601,0.019250000000000003,0.01375,0.275,0.0
w_a1.15_b1.05_g1.1,mining,22,0.3205272676219424,0.01575,0.011250000000000001,0.225,0.0
w_a1.15_b1.05_g1.1,mining,23,0.31647697681328246,0.0175,0.0125,0.25,0.0
w_a1.15_b1.05_g1.1,mining,24,0.3203791962688358,0.01575,0.011250000000000001,0.225,0.0
w_a1.15_b1.05_g1.1,mining,25,0.3190567654932443,0.018083333333333333,0.012916666666666667,0.25833333333333336,0.0
w_a1.15_b1.05_g1.1,mining,26,0.30953528466504066,0.01575,0.011250000000000001,0.225,0.0
w_a1.15_b1.05_g1.1,mining,27,0.3146653410801381,0.016333333333333335,0.011666666666666667,0.23333333333333334,0.0
w_a1.15_b1.05_g1.1,mining,28,0.3159157610499908,0.016333333333333335,0.011666666666666665,0.23333333333333334,0.0
w_a1.15_b1.05_g1.1,mining,29,0.3129480257883041,0.021000000000000005,0.015000000000000003,0.3,0.0
w_a1.15_b1.05_g1.1,mining,30,0.3221104271318009,0.018666666666666668,0.013333333333333334,0.26666666666666666,0.0
w_a1.15_b1.05_g1.1,mining,31,0.3083215666176855,0.01983333333333333,0.014166666666666668,0.2833333333333333,0.0
w_a1.15_b1.05_g1.1,mining,32,0.3164622645275941,0.018083333333333337,0.012916666666666667,0.25833333333333336,0.0
w_a1.15_b1.05_g1.1,mining,33,0.311911903616909,0.019250000000000003,0.013750000000000002,0.275,0.0
w_a1.15_b1.05_g1.1,mining,34,0.30979428776057333,0.019250000000000003,0.013750000000000002,0.275,0.0
w_a1.15_b1.05_g1.1,mining,35,0.3141777797866341,0.01691666666666667,0.012083333333333335,0.24166666666666667,0.0
w_a1.15_b1.05_g1.1,mining,36,0.3191331136586132,0.01691666666666667,0.012083333333333333,0.24166666666666667,0.0
w_a1.15_b1.05_g1.1,mining,37,0.3129579585273387,0.018083333333333337,0.012916666666666668,0.25833333333333336,0.0
w_a1.15_b1.05_g1.1,mining,38,0.31179816516027414,0.019833333333333335,0.014166666666666668,0.2833333333333333,0.0
w_a1.15_b1.05_g1.1,mining,39,0.31337843460675135,0.015166666666666667,0.010833333333333334,0.21666666666666667,0.0
w_a1.15_b1.05_g1.1,oil_gas,0,0.31000637298146316,0.01691666666666667,0.012083333333333335,0.24166666666666667,0.0
w_a1.15_b1.05_g1.1,oil_gas,1,0.3089462738070266,0.018083333333333337,0.012916666666666667,0.25833333333333336,0.0
w_a1.15_b1.05_g1.1,oil_gas,2,0.30652029829906874,0.022166666666666668,0.015833333333333335,0.31666666666666665,0.0
w_a1.15_b1.05_g1.1,oil_gas,3,0.3138137256683323,0.0175,0.0125,0.25,0.0
w_a1.15_b1.05_g1.1,oil_gas,4,0.31515518629537664,0.018083333333333337,0.012916666666666668,0.25833333333333336,0.0
w_a1.15_b1.05_g1.1,oil_gas,5,0.31276641056655025,0.018083333333333333,0.012916666666666667,0.25833333333333336,0.0
w_a1.15_b1.05_g1.1,oil_gas,6,0.3138900917158592,0.01691666666666667,0.012083333333333335,0.24166666666666667,0.0
w_a1.15_b1.05_g1.1,oil_gas,7,0.3203778633701238,0.017500000000000005,0.012500000000000002,0.25,0.0
w_a1.15_b1.05_g1.1,oil_gas,8,0.31413380865369855,0.01575,0.011250000000000001,0.225,0.0
w_a1.15_b1.05_g1.1,oil_gas,9,0.3150946763358727,0.019250000000000003,0.01375,0.275,0.0
w_a1.15_b1.05_g1.1,oil_gas,10,0.31303589503008794,0.021000000000000005,0.015000000000000001,0.3,0.0
w_a1.15_b1.05_g1.1,oil_gas,11,0.3182893513423212,0.016333333333333335,0.011666666666666667,0.23333333333333334,0.0
w_a1.15_b1.05_g1.1,oil_gas,12,0.314409957143352,0.016333333333333335,0.011666666666666667,0.23333333333333334,0.0
w_a1.15_b1.05_g1.1,oil_gas,13,0.3156966179065616,0.018083333333333337,0.012916666666666667,0.25833333333333336,0.0
w_a1.15_b1.05_g1.1,oil_gas,14,0.3178036968580963,0.016333333333333335,0.011666666666666667,0.23333333333333334,0.0
w_a1.15_b1.05_g1.1,oil_gas,15,0.3211157136041185,0.018666666666666668,0.013333333333333334,0.26666666666666666,0.0
w_a1.15_b1.05_g1.1,oil_gas,16,0.3154655020079929,0.02041666666666667,0.014583333333333334,0.2916666666666667,0.0
w_a1.15_b1.05_g1.1,oil_gas,17,0.3157469445024276,0.019250000000000003,0.013750000000000002,0.275,0.0
w_a1.15_b1.05_g1.1,oil_gas,18,0.31733433981744547,0.018083333333333337,0.012916666666666668,0.25833333333333336,0.0
w_a1.15_b1.05_g1.1,oil_gas,19,0.3118073583956427,0.019833333333333335,0.014166666666666666,0.2833333333333333,0.0
w_a1.15_b1.05_g1.1,oil_gas,20,0.31000120045722157,0.018666666666666668,0.013333333333333334,0.26666666666666666,0.0
w_a1.15_b1.05_g1.1,oil_gas,21,0.32104229672882767,0.018083333333333337,0.012916666666666667,0.25833333333333336,0.0
w_a1.15_b1.05_g1.1,oil_gas,22,0.313739594281783,0.019833333333333335,0.014166666666666668,0.2833333333333333,0.0
w_a1.15_b1.05_g1.1,oil_gas,23,0.31178634340811323,0.021000000000000005,0.015000000000000001,0.3,0.0
w_a1.15_b1.05_g1.1,oil_gas,24,0.3142368798259365,0.019250000000000003,0.013750000000000002,0.275,0.0
w_a1.15_b1.05_g1.1,oil_gas,25,0.3096143975661792,0.022166666666666668,0.01583333333333333,0.31666666666666665,0.0
w_a1.15_b1.05_g1.1,oil_gas,26,0.31409834274862686,0.019250000000000003,0.013750000000000002,0.275,0.0
w_a1.15_b1.05_g1.1,oil_gas,27,0.31991006528508714,0.018083333333333337,0.012916666666666668,0.25833333333333336,0.0
w_a1.15_b1.05_g1.1,oil_gas,28,0.3102914393720077,0.01925,0.013750000000000002,0.275,0.0
w_a1.15_b1.05_g1.1,oil_gas,29,0.3157271541288658,0.0175,0.0125,0.25,0.0
w_a1.15_b1.05_g1.1,oil_gas,30,0.3217421694993075,0.01691666666666667,0.012083333333333335,0.24166666666666667,0.0
w_a1.15_b1.05_g1.1,oil_gas,31,0.3166035863906678,0.01691666666666667,0.012083333333333335,0.24166666666666667,0.0
w_a1.15_b1.05_g1.1,oil_gas,32,0.3127027769764419,0.018083333333333337,0.012916666666666668,0.25833333333333336,0.0
w_a1.15_b1.05_g1.1,oil_gas,33,0.3171308437169316,0.021000000000000005,0.015000000000000001,0.3,0.0
w_a1.15_b1.05_g1.1,oil_gas,34,0.311155056827263,0.01691666666666667,0.012083333333333335,0.24166666666666667,0.0
w_a1.15_b1.05_g1.1,oil_gas,35,0.32250300937826826,0.016333333333333335,0.011666666666666665,0.23333333333333334,0.0
w_a1.15_b1.05_g1.1,oil_gas,36,0.31421513897026104,0.01575,0.011250000000000001,0.225,0.0
w_a1.15_b1.05_g1.1,oil_gas,37,0.31522499199311454,0.015166666666666669,0.010833333333333335,0.21666666666666667,0.0
w_a1.15_b1.05_g1.1,oil_gas,38,0.31807665750750264,0.018083333333333337,0.012916666666666667,0.25833333333333336,0.0
w_a1.15_b1.05_g1.1,oil_gas,39,0.3159931511307442,0.018083333333333333,0.012916666666666667,0.25833333333333336,0.0
w_a1.15_b1.05_g1.1,factory,0,0.3279910537334387,0.014583333333333334,0.010416666666666666,0.20833333333333334,0.0
w_a1.15_b1.05_g1.1,factory,1,0.33339846948850915,0.015166666666666669,0.010833333333333335,0.21666666666666667,0.0
w_a1.15_b1.05_g1.1,factory,2,0.3261690001630255,0.01691666666666667,0.012083333333333335,0.24166666666666667,0.0
w_a1.15_b1.05_g1.1,factory,3,0.3381654637891697,0.017500000000000005,0.0125,0.25,0.0
w_a1.15_b1.05_g1.1,factory,4,0.3310344542365237,0.015166666666666669,0.010833333333333335,0.21666666666666667,0.0
w_a1.15_b1.05_g1.1,factory,5,0.3304462857491276,0.0175,0.0125,0.25,0.0
w_a1.15_b1.05_g1.1,factory,6,0.3324409608587139,0.019250000000000003,0.01375,0.275,0.0
w_a1.15_b1.05_g1.1,factory,7,0.33664515975999976,0.015166666666666667,0.010833333333333334,0.21666666666666667,0.0
w_a1.15_b1.05_g1.1,factory,8,0.33257325614789257,0.016333333333333335,0.011666666666666665,0.23333333333333334,0.0
w_a1.15_b1.05_g1.1,factory,9,0.33383107622488434,0.016333333333333335,0.011666666666666667,0.23333333333333334,0.0
w_a1.15_b1.05_g1.1,factory,10,0.3354022862084463,0.016333333333333335,0.011666666666666665,0.23333333333333334,0.0
w_a1.15_b1.05_g1.1,factory,11,0.3292244365646771,0.02041666666666667,0.014583333333333334,0.2916666666666667,0.0
w_a1.15_b1.05_g1.1,factory,12,0.33675582661604603,0.016333333333333335,0.011666666666666665,0.23333333333333334,0.0
w_a1.15_b1.05_g1.1,factory,13,0.3344947696491623,0.01691666666666667,0.012083333333333335,0.24166666666666667,0.0
w_a1.15_b1.05_g1.1,factory,14,0.3260757290602444,0.018083333333333337,0.012916666666666668,0.25833333333333336,0.0
w_a1.15_b1.05_g1.1,factory,15,0.3364263414924253,0.01575,0.011250000000000001,0.225,0.0
w_a1.15_b1.05_g1.1,factory,16,0.33596574160992804,0.017500000000000005,0.0125,0.25,0.0
w_a1.15_b1.05_g1.1,factory,17,0.33086220342816297,0.01575,0.011250000000000001,0.225,0.0
w_a1.15_b1.05_g1.1,factory,18,0.33860503129090985,0.01575,0.011250000000000001,0.225,0.0
w_a1.15_b1.05_g1.1,factory,19,0.3330348618430354,0.016333333333333335,0.011666666666666667,0.23333333333333334,0.0
w_a1.15_b1.05_g1.1,factory,20,0.33811985220587987,0.015750000000000004,0.011250000000000001,0.225,0.0
w_a1.15_b1.05_g1.1,factory,21,0.33258737315228737,0.01575,0.011250000000000001,0.225,0.0
w_a1.15_b1.05_g1.1,factory,22,0.3301841106726594,0.019833333333333335,0.014166666666666668,0.2833333333333333,0.0
w_a1.15_b1.05_g1.1,factory,23,0.3316725676094805,0.018083333333333333,0.012916666666666667,0.25833333333333336,0.0
w_a1.15_b1.05_g1.1,factory,24,0.3317958224392497,0.016333333333333335,0.011666666666666667,0.23333333333333334,0.0
w_a1.15_b1.05_g1.1,factory,25,0.3305576903127855,0.016333333333333335,0.011666666666666665,0.23333333333333334,0.0
w_a1.15_b1.05_g1.1,factory,26,0.33429454683240534,0.018083333333333333,0.012916666666666667,0.25833333333333336,0.0
w_a1.15_b1.05_g1.1,factory,27,0.3293658700739987,0.02041666666666667,0.014583333333333334,0.2916666666666667,0.0
w_a1.15_b1.05_g1.1,factory,28,0.338040036124645,0.0175,0.0125,0.25,0.0
w_a1.15_b1.05_g1.1,factory,29,0.32811603683945745,0.019250000000000003,0.01375,0.275,0.0
w_a1.15_b1.05_g1.1,factory,30,0.3304926793420969,0.01691666666666667,0.012083333333333333,0.24166666666666667,0.0
w_a1.15_b1.05_g1.1,factory,31,0.33655972399012046,0.016333333333333335,0.011666666666666667,0.23333333333333334,0.0
w_a1.15_b1.05_g1.1,factory,32,0.3284311102352488,0.0175,0.0125,0.25,0.0
w_a1.15_b1.05_g1.1,factory,33,0.3368272847745672,0.014000000000000002,0.010000000000000002,0.2,0.0
w_a1.15_b1.05_g1.1,factory,34,0.3260943336913371,0.01691666666666667,0.012083333333333335,0.24166666666666667,0.0
w_a1.15_b1.05_g1.1,factory,35,0.33432834646933784,0.017500000000000005,0.0125,0.25,0.0
w_a1.15_b1.05_g1.1,factory,36,0.3297048652707882,0.01575,0.011250000000000001,0.225,0.0
w_a1.15_b1.05_g1.1,factory,37,0.33110098540968547,0.013416666666666669,0.009583333333333334,0.19166666666666668,0.0
w_a1.15_b1.05_g1.1,factory,38,0.33932949450405625,0.012833333333333334,0.009166666666666667,0.18333333333333332,0.0
w_a1.15_b1.05_g1.1,factory,39,0.3315784578655044,0.017500000000000005,0.0125,0.25,0.0
w_a1.15_b1.05_g1.65,forklift,0,0.326301788592511,0.018083333333333337,0.012916666666666668,0.25833333333333336,0.0
w_a1.15_b1.05_g1.65,forklift,1,0.32713910054368417,0.01575,0.011250000000000001,0.225,0.0
w_a1.15_b1.05_g1.65,forklift,2,0.32952155279259315,0.01691666666666667,0.012083333333333335,0.24166666666666667,0.0
w_a1.15_b1.05_g1.65,forklift,3,0.3289462670195916,0.015750000000000004,0.011250000000000001,0.225,0.0
w_a1.15_b1.05_g1.65,forklift,4,0.326502800326093,0.018083333333333337,0.012916666666666668,0.25833333333333336,0.0
w_a1.15_b1.05_g1.65,forklift,5,0.3210989493227918,0.017500000000000005,0.012500000000000002,0.25,0.0
w_a1.15_b1.05_g1.65,forklift,6,0.3313842509507989,0.016333333333333335,0.011666666666666667,0.23333333333333334,0.0
w_a1.15_b1.05_g1.65,forklift,7,0.32107437754769436,0.018666666666666668,0.013333333333333334,0.26666666666666666,0.0
w_a1.15_b1.05_g1.65,forklift,8,0.3257501698439524,0.01925,0.013750000000000002,0.275,0.0
w_a1.15_b1.05_g1.65,forklift,9,0.32593082295274534,0.018083333333333337,0.012916666666666668,0.25833333333333336,0.0
w_a1.15_b1.05_g1.65,forklift,10,0.3222260511995053,0.016333333333333335,0.011666666666666667,0.23333333333333334,0.0
w_a1.15_b1.05_g1.65,forklift,11,0.3205324167881324,0.014583333333333335,0.010416666666666668,0.20833333333333334,0.0
w_a1.15_b1.05_g1.65,forklift,12,0.32699755825443116,0.018083333333333333,0.012916666666666668,0.25833333333333336,0.0
w_a1.15_b1.05_g1.65,forklift,13,0.327496780778513,0.0175,0.0125,0.25,0.0
w_a1.15_b1.05_g1.65,forklift,14,0.325895268515659,0.018083333333333333,0.012916666666666668,0.25833333333333336,0.0
w_a1.15_b1.05_g1.65,forklift,15,0.32500547073757496,0.014583333333333334,0.010416666666666666,0.20833333333333334,0.0
w_a1.15_b1.05_g1.65,forklift,16,0.3291289292278933,0.01925,0.01375,0.275,0.0
w_a1.15_b1.05_g1.65,forklift,17,0.3226724110084761,0.019833333333333335,0.014166666666666668,0.2833333333333333,0.0
w_a1.15_b1.05_g1.65,forklift,18,0.32174336625956645,0.018083333333333337,0.012916666666666668,0.25833333333333336,0.0
w_a1.15_b1.05_g1.65,forklift,19,0.3227489850692299,0.021000000000000005,0.015000000000000001,0.3,0.0
w_a1.15_b1.05_g1.65,forklift,20,0.32733998960297384,0.018666666666666668,0.013333333333333334,0.26666666666666666,0.0
w_a1.15_b1.05_g1.65,forklift,21,0.33041213911726364,0.018083333333333337,0.012916666666666667,0.25833333333333336,0.0
w_a1.15_b1.05_g1.65,forklift,22,0.3294819433707275,0.016333333333333335,0.011666666666666667,0.23333333333333334,0.0
w_a1.15_b1.05_g1.65,forklift,23,0.3277264582786048,0.018083333333333337,0.012916666666666668,0.25833333333333336,0.0
w_a1.15_b1.05_g1.65,forklift,24,0.3238764471490224,0.018083333333333333,0.012916666666666667,0.25833333333333336,0.0
w_a1.15_b1.05_g1.65,forklift,25,0.32518776406966576,0.018083333333333333,0.012916666666666667,0.25833333333333336,0.0
w_a1.15_b1.05_g1.65,forklift,26,0.32608242269828813,0.014000000000000002,0.010000000000000002,0.2,0.0
w_a1.15_b1.05_g1.65,forklift,27,0.3245644482212168,0.012833333333333334,0.009166666666666667,0.18333333333333332,0.0
w_a1.15_b1.05_g1.65,forklift,28,0.3265241611005666,0.016333333333333335,0.011666666666666667,0.23333333333333334,0.0
w_a1.15_b1.05_g1.65,forklift,29,0.33007285948227977,0.01575,0.011250000000000001,0.225,0.0
w_a1.15_b1.05_g1.65,forklift,30,0.3287439539988975,0.017500000000000005,0.012500000000000002,0.25,0.0
w_a1.15_b1.05_g1.65,forklift,31,0.33242774406804354,0.018083333333333337,0.012916666666666667,0.25833333333333336,0.0
w_a1.15_b1.05_g1.65,forklift,32,0.3309378349153978,0.0175,0.0125,0.25,0.0
w_a1.15_b1.05_g1.65,forklift,33,0.32602008860004034,0.018083333333333337,0.012916666666666667,0.25833333333333336,0.0
w_a1.15_b1.05_g1.65,forklift,34,0.3241581062426695,0.018083333333333337,0.012916666666666668,0.25833333333333336,0.0
w_a1.15_b1.05_g1.65,forklift,35,0.3297145066173994,0.018666666666666668,0.013333333333333334,0.26666666666666666,0.0
w_a1.15_b1.05_g1.65,forklift,36,0.32787177740371154,0.018666666666666668,0.013333333333333334,0.26666666666666666,0.0
w_a1.15_b1.05_g1.65,forklift,37,0.3217251462559535,0.019250000000000003,0.01375,0.275,0.0
w_a1.15_b1.05_g1.65,forklift,38,0.3198722998261923,0.019833333333333335,0.014166666666666668,0.2833333333333333,0.0
w_a1.15_b1.05_g1.65,forklift,39,0.3214455964671797,0.018666666666666668,0.013333333333333334,0.26666666666666666,0.0
w_a1.15_b1.05_g1.65,crane,0,0.32235876068862784,0.014000000000000002,0.010000000000000002,0.2,0.0
w_a1.15_b1.05_g1.65,crane,1,0.31434660749538684,0.018083333333333337,0.012916666666666668,0.25833333333333336,0.0
w_a1.15_b1.05_g1.65,crane,2,0.31859343952019425,0.018666666666666668,0.013333333333333334,0.26666666666666666,0.0
w_a1.15_b1.05_g1.65,crane,3,0.32209937246796655,0.014000000000000002,0.010000000000000002,0.2,0.0
w_a1.15_b1.05_g1.65,crane,4,0.32479830446539054,0.016333333333333335,0.011666666666666667,0.23333333333333334,0.0
w_a1.15_b1.05_g1.65,crane,5,0.3168681214036988,0.01575,0.011250000000000001,0.225,0.0
w_a1.15_b1.05_g1.65,crane,6,0.3175795975331564,0.018666666666666668,0.013333333333333334,0.26666666666666666,0.0
w_a1.15_b1.05_g1.65,crane,7,0.32227200610285667,0.014583333333333335,0.010416666666666666,0.20833333333333334,0.0
w_a1.15_b1.05_g1.65,crane,8,0.32304006871445,0.018666666666666668,0.013333333333333334,0.26666666666666666,0.0
w_a1.15_b1.05_g1.65,crane,9,0.3156656627557093,0.01575,0.011250000000000001,0.225,0.0
w_a1.15_b1.05_g1.65,crane,10,0.3205896827534399,0.015166666666666669,0.010833333333333335,0.21666666666666667,0.0
w_a1.15_b1.05_g1.65,crane,11,0.3229615940639505,0.018083333333333333,0.012916666666666667,0.25833333333333336,0.0
w_a1.15_b1.05_g1.65,crane,12,0.3183833173494227,0.01691666666666667,0.012083333333333335,0.24166666666666667,0.0
w_a1.15_b1.05_g1.65,crane,13,0.3210698019822183,0.01691666666666667,0.012083333333333335,0.24166666666666667,0.0
w_a1.15_b1.05_g1.65,crane,14,0.3141727760675831,0.01983333333333333,0.014166666666666666,0.2833333333333333,0.0
w_a1.15_b1.05_g1.65,crane,15,0.31931104353770257,0.015166666666666667,0.010833333333333334,0.21666666666666667,0.0
w_a1.15_b1.05_g1.65,crane,16,0.3262403560979997,0.01691666666666667,0.012083333333333335,0.24166666666666667,0.0
w_a1.15_b1.05_g1.65,crane,17,0.32279589449642915,0.01691666666666667,0.012083333333333335,0.24166666666666667,0.0
w_a1.15_b1.05_g1.65,crane,18,0.31910162233323786,0.016333333333333335,0.011666666666666667,0.23333333333333334,0.0
w_a1.15_b1.05_g1.65,crane,19,0.3237954125377953,0.018083333333333333,0.012916666666666667,0.25833333333333336,0.0
w_a1.15_b1.05_g1.65,crane,20,0.3293588068382948,0.01575,0.011250000000000001,0.225,0.0
w_a1.15_b1.05_g1.65,crane,21,0.32296201831745996,0.014583333333333335,0.010416666666666666,0.20833333333333334,0.0
w_a1.15_b1.05_g1.65,crane,22,0.3176736803108671,0.019833333333333335,0.014166666666666668,0.2833333333333333,0.0
w_a1.15_b1.05_g1.65,crane,23,0.3233984568962432,0.017500000000000005,0.0125,0.25,0.0
w_a1.15_b1.05_g1.65,crane,24,0.3199997942128327,0.018083333333333333,0.012916666666666667,0.25833333333333336,0.0
w_a1.15_b1.05_g1.65,crane,25,0.3175697431362169,0.019250000000000003,0.013750000000000002,0.275,0.0
w_a1.15_b1.05_g1.65,crane,26,0.3174604011180412,0.018083333333333337,0.012916666666666667,0.25833333333333336,0.0
w_a1.15_b1.05_g1.65,crane,27,0.3158563565411125,0.0175,0.0125,0.25,0.0
w_a1.15_b1.05_g1.65,crane,28,0.31963335635168083,0.01691666666666667,0.012083333333333335,0.24166666666666667,0.0
w_a1.15_b1.05_g1.65,crane,29,0.3196800348226162,0.017500000000000005,0.0125,0.25,0.0
w_a1.15_b1.05_g1.65,crane,30,0.3218968660849167,0.017500000000000005,0.012500000000000002,0.25,0.0
w_a1.15_b1.05_g1.65,crane,31,0.32254033821329753,0.018083333333333337,0.012916666666666667,0.25833333333333336,0.0
w_a1.15_b1.05_g1.65,crane,32,0.3174584873143575,0.018083333333333337,0.012916666666666668,0.25833333333333336,0.0
w_a1.15_b1.05_g1.65,crane,33,0.3218692614693622,0.018083333333333333,0.012916666666666668,0.25833333333333336,0.0
w_a1.15_b1.05_g1.65,crane,34,0.32246342767547925,0.016333333333333335,0.011666666666666667,0.23333333333333334,0.0
w_a1.15_b1.05_g1.65,crane,35,0.31990561908480164,0.01691666666666667,0.012083333333333335,0.24166666666666667,0.0
w_a1.15_b1.05_g1.65,crane,36,0.3175911807798508,0.01691666666666667,0.012083333333333335,0.24166666666666667,0.0
w_a1.15_b1.05_g1.65,crane,37,0.31299706698481633,0.02041666666666667,0.014583333333333334,0.2916666666666667,0.0
w_a1.15_b1.05_g1.65,crane,38,0.3283571227314168,0.016333333333333335,0.011666666666666665,0.23333333333333334,0.0
w_a1.15_b1.05_g1.65,crane,39,0.3063660405869077,0.021000000000000005,0.015000000000000001,0.3,0.0
w_a1.15_b1.05_g1.65,substation,0,0.32942357409303824,0.01575,0.011250000000000001,0.225,0.0
w_a1.15_b1.05_g1.65,substation,1,0.3248925266738386,0.014000000000000002,0.010000000000000002,0.2,0.0
w_a1.15_b1.05_g1.65,substation,2,0.321635318270348,0.01691666666666667,0.012083333333333335,0.24166666666666667,0.0
w_a1.15_b1.05_g1.65,substation,3,0.32044377324879714,0.019833333333333335,0.014166666666666668,0.2833333333333333,0.0
w_a1.15_b1.05_g1.65,substation,4,0.32369662211132455,0.014583333333333334,0.010416666666666666,0.20833333333333334,0.0
w_a1.15_b1.05_g1.65,substation,5,0.3228603564471301,0.018666666666666668,0.013333333333333334,0.26666666666666666,0.0
w_a1.15_b1.05_g1.65,substation,6,0.3237508538166731,0.015166666666666669,0.010833333333333334,0.21666666666666667,0.0
w_a1.15_b1.05_g1.65,substation,7,0.3213835722350321,0.01691666666666667,0.012083333333333333,0.24166666666666667,0.0
w_a1.15_b1.05_g1.65,substation,8,0.32414639708250154,0.017500000000000005,0.0125,0.25,0.0
w_a1.15_b1.05_g1.65,substation,9,0.3258323105253183,0.018083333333333333,0.012916666666666667,0.25833333333333336,0.0
w_a1.15_b1.05_g1.65,substation,10,0.3198505473289701,0.016333333333333335,0.011666666666666665,0.23333333333333334,0.0
w_a1.15_b1.05_g1.65,substation,11,0.3202301163287765,0.019250000000000003,0.01375,0.275,0.0
w_a1.15_b1.05_g1.65,substation,12,0.32613995647904165,0.018083333333333333,0.012916666666666667,0.25833333333333336,0.0
w_a1.15_b1.05_g1.65,substation,13,0.3290994145698285,0.017500000000000005,0.0125,0.25,0.0
w_a1.15_b1.05_g1.65,substation,14,0.32196895526872604,0.01575,0.011250000000000001,0.225,0.0
w_a1.15_b1.05_g1.65,substation,15,0.32205614616556477,0.016333333333333335,0.011666666666666667,0.23333333333333334,0.0
w_a1.15_b1.05_g1.65,substation,16,0.31951178776081685,0.018083333333333333,0.012916666666666667,0.25833333333333336,0.0
w_a1.15_b1.05_g1.65,substation,17,0.3239769669941995,0.018083333333333337,0.012916666666666668,0.25833333333333336,0.0
w_a1.15_b1.05_g1.65,substation,18,0.3227024547181891,0.02041666666666667,0.014583333333333334,0.2916666666666667,0.0
w_a1.15_b1.05_g1.65,substation,19,0.3248415190959257,0.018083333333333337,0.012916666666666668,0.25833333333333336,0.0
w_a1.15_b1.05_g1.65,substation,20,0.3241011495960046,0.017500000000000005,0.012500000000000002,0.25,0.0
w_a1.15_b1.05_g1.65,substation,21,0.32342279365092996,0.019250000000000003,0.01375,0.275,0.0
w_a1.15_b1.05_g1.65,substation,22,0.3240602880261099,0.01575,0.011250000000000001,0.225,0.0
w_a1.15_b1.05_g1.65,substation,23,0.3234122214282758,0.017500000000000005,0.012500000000000002,0.25,0.0
w_a1.15_b1.05_g1.65,substation,24,0.31875518071286846,0.019250000000000003,0.01375,0.275,0.0
w_a1.15_b1.05_g1.65,substation,25,0.320663228254336,0.01691666666666667,0.012083333333333335,0.24166666666666667,0.0
w_a1.15_b1.05_g1.65,substation,26,0.3248649287217483,0.01691666666666667,0.012083333333333335,0.24166666666666667,0.0
w_a1.15_b1.05_g1.65,substation,27,0.33035289739098217,0.01691666666666667,0.012083333333333335,0.24166666666666667,0.0
w_a1.15_b1.05_g1.65,substation,28,0.31555428263700097,0.019833333333333335,0.014166666666666668,0.2833333333333333,0.0
w_a1.15_b1.05_g1.65,substation,29,0.3195787212654313,0.017500000000000005,0.012500000000000002,0.25,0.0
w_a1.15_b1.05_g1.65,substation,30,0.32802328585673374,0.017500000000000005,0.012500000000000002,0.25,0.0
w_a1.15_b1.05_g1.65,substation,31,0.3298741024399285,0.015166666666666669,0.010833333333333335,0.21666666666666667,0.0
w_a1.15_b1.05_g1.65,substation,32,0.327404357077991,0.018083333333333333,0.012916666666666667,0.25833333333333336,0.0
w_a1.15_b1.05_g1.65,substation,33,0.324243054872705,0.017500000000000005,0.012500000000000002,0.25,0.0
w_a1.15_b1.05_g1.65,substation,34,0.3220472821578433,0.018083333333333337,0.012916666666666667,0.25833333333333336,0.0
w_a1.15_b1.05_g1.65,substation,35,0.32187501051269585,0.0175,0.0125,0.25,0.0
w_a1.15_b1.05_g1.65,substation,36,0.3264799913236058,0.019250000000000003,0.013750000000000002,0.275,0.0
w_a1.15_b1.05_g1.65,substation,37,0.3207856086717355,0.018666666666666668,0.013333333333333334,0.26666666666666666,0.0
w_a1.15_b1.05_g1.65,substation,38,0.3211889777259089,0.016333333333333335,0.011666666666666667,0.23333333333333334,0.0
w_a1.15_b1.05_g1.65,substation,39,0.3231513851692931,0.016333333333333335,0.011666666666666665,0.23333333333333334,0.0
w_a1.15_b1.05_g1.65,mining,0,0.31506048258678354,0.018083333333333337,0.012916666666666667,0.25833333333333336,0.0
w_a1.15_b1.05_g1.65,mining,1,0.31610820206896134,0.017500000000000005,0.0125,0.25,0.0
w_a1.15_b1.05_g1.65,mining,2,0.32116268161888223,0.01691666666666667,0.012083333333333335,0.24166666666666667,0.0
w_a1.15_b1.05_g1.65,mining,3,0.3150639518460852,0.01691666666666667,0.012083333333333335,0.24166666666666667,0.0
w_a1.15_b1.05_g1.65,mining,4,0.3206312836399319,0.015166666666666669,0.010833333333333334,0.21666666666666667,0.0
w_a1.15_b1.05_g1.65,mining,5,0.3214652675286596,0.017500000000000005,0.0125,0.25,0.0
w_a1.15_b1.05_g1.65,mining,6,0.3152277000827724,0.016333333333333335,0.011666666666666667,0.23333333333333334,0.0
w_a1.15_b1.05_g1.65,mining,7,0.31718870280295497,0.018666666666666668,0.013333333333333334,0.26666666666666666,0.0
w_a1.15_b1.05_g1.65,mining,8,0.3138703836122502,0.019250000000000003,0.01375,0.275,0.0
w_a1.15_b1.05_g1.65,mining,9,0.31404976506376914,0.018083333333333333,0.012916666666666667,0.25833333333333336,0.0
w_a1.15_b1.05_g1.65,mining,10,0.3171489135986042,0.01575,0.011250000000000001,0.225,0.0
w_a1.15_b1.05_g1.65,mining,11,0.3164758700773687,0.019833333333333335,0.014166666666666668,0.2833333333333333,0.0
w_a1.15_b1.05_g1.65,mining,12,0.3168772394183404,0.019833333333333335,0.014166666666666668,0.2833333333333333,0.0
w_a1.15_b1.05_g1.65,mining,13,0.32005662856328265,0.0175,0.0125,0.25,0.0
w_a1.15_b1.05_g1.65,mining,14,0.3190170192950849,0.016333333333333335,0.011666666666666665,0.23333333333333334,0.0
w_a1.15_b1.05_g1.65,mining,15,0.3160678795356882,0.018083333333333333,0.012916666666666667,0.25833333333333336,0.0
w_a1.15_b1.05_g1.65,mining,16,0.32458423152008026,0.015166666666666669,0.010833333333333335,0.21666666666666667,0.0
w_a1.15_b1.05_g1.65,mining,17,0.31856030263917173,0.017500000000000005,0.0125,0.25,0.0
w_a1.15_b1.05_g1.65,mining,18,0.31690549137713214,0.016333333333333335,0.011666666666666667,0.23333333333333334,0.0
w_a1.15_b1.05_g1.65,mining,19,0.31776175493165904,0.018083333333333333,0.012916666666666667,0.25833333333333336,0.0
w_a1.15_b1.05_g1.65,mining,20,0.3193715397777802,0.01691666666666667,0.012083333333333335,0.24166666666666667,0.0
w_a1.15_b1.05_g1.65,mining,21,0.3230903146089601,0.019250000000000003,0.01375,0.275,0.0
w_a1.15_b1.05_g1.65,mining,22,0.3205272676219424,0.01575,0.011250000000000001,0.225,0.0
w_a1.15_b1.05_g1.65,mining,23,0.31647697681328246,0.0175,0.0125,0.25,0.0
w_a1.15_b1.05_g1.65,mining,24,0.3203791962688358,0.01575,0.011250000000000001,0.225,0.0
w_a1.15_b1.05_g1.65,mining,25,0.3190567654932443,0.018083333333333333,0.012916666666666667,0.25833333333333336,0.0
w_a1.15_b1.05_g1.65,mining,26,0.30953528466504066,0.01575,0.011250000000000001,0.225,0.0
w_a1.15_b1.05_g1.65,mining,27,0.3148492146900804,0.01616666666666667,0.011500000000000002,0.23333333333333334,0.0
w_a1.15_b1.05_g1.65,mining,28,0.3159157610499908,0.016333333333333335,0.011666666666666665,0.23333333333333334,0.0
w_a1.15_b1.05_g1.65,mining,29,0.3129480257883041,0.021000000000000005,0.015000000000000003,0.3,0.0
w_a1.15_b1.05_g1.65,mining,30,0.3221104271318009,0.018666666666666668,0.013333333333333334,0.26666666666666666,0.0
w_a1.15_b1.05_g1.65,mining,31,0.3083215666176855,0.01983333333333333,0.014166666666666668,0.2833333333333333,0.0
w_a1.15_b1.05_g1.65,mining,32,0.3164622645275941,0.018083333333333337,0.012916666666666667,0.25833333333333336,0.0
w_a1.15_b1.05_g1.65,mining,33,0.311911903616909,0.019250000000000003,0.013750000000000002,0.275,0.0
w_a1.15_b1.05_g1.65,mining,34,0.30979428776057333,0.019250000000000003,0.013750000000000002,0.275,0.0
w_a1.15_b1.05_g1.65,mining,35,0.3141777797866341,0.01691666666666667,0.012083333333333335,0.24166666666666667,0.0
w_a1.15_b1.05_g1.65,mining,36,0.3191331136586132,0.01691666666666667,0.012083333333333333,0.24166666666666667,0.0
w_a1.15_b1.05_g1.65,mining,37,0.3129579585273387,0.018083333333333337,0.012916666666666668,0.25833333333333336,0.0
w_a1.15_b1.05_g1.65,mining,38,0.31179816516027414,0.019833333333333335,0.014166666666666668,0.2833333333333333,0.0
w_a1.15_b1.05_g1.65,mining,39,0.31337843460675135,0.015166666666666667,0.010833333333333334,0.21666666666666667,0.0
w_a1.15_b1.05_g1.65,oil_gas,0,0.31000637298146316,0.01691666666666667,0.012083333333333335,0.24166666666666667,0.0
w_a1.15_b1.05_g1.65,oil_gas,1,0.3089462738070266,0.018083333333333337,0.012916666666666667,0.25833333333333336,0.0
w_a1.15_b1.05_g1.65,oil_gas,2,0.30652029829906874,0.022166666666666668,0.015833333333333335,0.31666666666666665,0.0
w_a1.15_b1.05_g1.65,oil_gas,3,0.3138137256683323,0.0175,0.0125,0.25,0.0
w_a1.15_b1.05_g1.65,oil_gas,4,0.31515518629537664,0.018083333333333337,0.012916666666666668,0.25833333333333336,0.0
w_a1.15_b1.05_g1.65,oil_gas,5,0.31276641056655025,0.018083333333333333,0.012916666666666667,0.25833333333333336,0.0
w_a1.15_b1.05_g1.65,oil_gas,6,0.3138900917158592,0.01691666666666667,0.012083333333333335,0.24166666666666667,0.0
w_a1.15_b1.05_g1.65,oil_gas,7,0.3203778633701238,0.017500000000000005,0.012500000000000002,0.25,0.0
w_a1.15_b1.05_g1.65,oil_gas,8,0.31413380865369855,0.01575,0.011250000000000001,0.225,0.0
w_a1.15_b1.05_g1.65,oil_gas,9,0.3150946763358727,0.019250000000000003,0.01375,0.275,0.0
w_a1.15_b1.05_g1.65,oil_gas,10,0.31303589503008794,0.021000000000000005,0.015000000000000001,0.3,0.0
w_a1.15_b1.05_g1.65,oil_gas,11,0.3182893513423212,0.016333333333333335,0.011666666666666667,0.23333333333333334,0.0
w_a1.15_b1.05_g1.65,oil_gas,12,0.314409957143352,0.016333333333333335,0.011666666666666667,0.23333333333333334,0.0
w_a1.15_b1.05_g1.65,oil_gas,13,0.3156966179065616,0.018083333333333337,0.012916666666666667,0.25833333333333336,0.0
w_a1.15_b1.05_g1.65,oil_gas,14,0.3178036968580963,0.016333333333333335,0.011666666666666667,0.23333333333333334,0.0
w_a1.15_b1.05_g1.65,oil_gas,15,0.3211157136041185,0.018666666666666668,0.013333333333333334,0.26666666666666666,0.0
w_a1.15_b1.05_g1.65,oil_gas,16,0.3154655020079929,0.02041666666666667,0.014583333333333334,0.2916666666666667,0.0
w_a1.15_b1.05_g1.65,oil_gas,17,0.3157469445024276,0.019250000000000003,0.013750000000000002,0.275,0.0
w_a1.15_b1.05_g1.65,oil_gas,18,0.31733433981744547,0.018083333333333337,0.012916666666666668,0.25833333333333336,0.0
w_a1.15_b1.05_g1.65,oil_gas,19,0.3118073583956427,0.019833333333333335,0.014166666666666666,0.2833333333333333,0.0
w_a1.15_b1.05_g1.65,oil_gas,20,0.31000120045722157,0.018666666666666668,0.013333333333333334,0.26666666666666666,0.0
w_a1.15_b1.05_g1.65,oil_gas,21,0.32104229672882767,0.018083333333333337,0.012916666666666667,0.25833333333333336,0.0
w_a1.15_b1.05_g1.65,oil_gas,22,0.313739594281783,0.019833333333333335,0.014166666666666668,0.2833333333333333,0.0
w_a1.15_b1.05_g1.65,oil_gas,23,0.31178634340811323,0.021000000000000005,0.015000000000000001,0.3,0.0
w_a1.15_b1.05_g1.65,oil_gas,24,0.3142368798259365,0.019250000000000003,0.013750000000000002,0.275,0.0
w_a1.15_b1.05_g1.65,oil_gas,25,0.3096143975661792,0.022166666666666668,0.01583333333333333,0.31666666666666665,0.0
w_a1.15_b1.05_g1.65,oil_gas,26,0.31409834274862686,0.019250000000000003,0.013750000000000002,0.275,0.0
w_a1.15_b1.05_g1.65,oil_gas,27,0.31991006528508714,0.018083333333333337,0.012916666666666668,0.25833333333333336,0.0
w_a1.15_b1.05_g1.65,oil_gas,28,0.3102914393720077,0.01925,0.013750000000000002,0.275,0.0
w_a1.15_b1.05_g1.65,oil_gas,29,0.3157271541288658,0.0175,0.0125,0.25,0.0
w_a1.15_b1.05_g1.65,oil_gas,30,0.3217421694993075,0.01691666666666667,0.012083333333333335,0.24166666666666667,0.0
w_a1.15_b1.05_g1.65,oil_gas,31,0.3166035863906678,0.01691666666666667,0.012083333333333335,0.24166666666666667,0.0
w_a1.15_b1.05_g1.65,oil_gas,32,0.3127027769764419,0.018083333333333337,0.012916666666666668,0.25833333333333336,0.0
w_a1.15_b1.05_g1.65,oil_gas,33,0.3171308437169316,0.021000000000000005,0.015000000000000001,0.3,0.0
w_a1.15_b1.05_g1.65,oil_gas,34,0.311155056827263,0.01691666666666667,0.012083333333333335,0.24166666666666667,0.0
w_a1.15_b1.05_g1.65,oil_gas,35,0.32250300937826826,0.016333333333333335,0.011666666666666665,0.23333333333333334,0.0
w_a1.15_b1.05_g1.65,oil_gas,36,0.31421513897026104,0.01575,0.011250000000000001,0.225,0.0
w_a1.15_b1.05_g1.65,oil_gas,37,0.31522499199311454,0.015166666666666669,0.010833333333333335,0.21666666666666667,0.0
w_a1.15_b1.05_g1.65,oil_gas,38,0.31807665750750264,0.018083333333333337,0.012916666666666667,0.25833333333333336,0.0
w_a1.15_b1.05_g1.65,oil_gas,39,0.3159931511307442,0.018083333333333333,0.012916666666666667,0.25833333333333336,0.0
w_a1.15_b1.05_g1.65,factory,0,0.3279910537334387,0.014583333333333334,0.010416666666666666,0.20833333333333334,0.0
w_a1.15_b1.05_g1.65,factory,1,0.33339846948850915,0.015166666666666669,0.010833333333333335,0.21666666666666667,0.0
w_a1.15_b1.05_g1.65,factory,2,0.3261690001630255,0.01691666666666667,0.012083333333333335,0.24166666666666667,0.0
w_a1.15_b1.05_g1.65,factory,3,0.3381654637891697,0.017500000000000005,0.0125,0.25,0.0
w_a1.15_b1.05_g1.65,factory,4,0.3310344542365237,0.015166666666666669,0.010833333333333335,0.21666666666666667,0.0
w_a1.15_b1.05_g1.65,factory,5,0.3304462857491276,0.0175,0.0125,0.25,0.0
w_a1.15_b1.05_g1.65,factory,6,0.3324409608587139,0.019250000000000003,0.01375,0.275,0.0
w_a1.15_b1.05_g1.65,factory,7,0.33664515975999976,0.015166666666666667,0.010833333333333334,0.21666666666666667,0.0
w_a1.15_b1.05_g1.65,factory,8,0.33257325614789257,0.016333333333333335,0.011666666666666665,0.23333333333333334,0.0
w_a1.15_b1.05_g1.65,factory,9,0.33383107622488434,0.016333333333333335,0.011666666666666667,0.23333333333333334,0.0
w_a1.15_b1.05_g1.65,factory,10,0.3354022862084463,0.016333333333333335,0.011666666666666665,0.23333333333333334,0.0
w_a1.15_b1.05_g1.65,factory,11,0.3292244365646771,0.02041666666666667,0.014583333333333334,0.2916666666666667,0.0
w_a1.15_b1.05_g1.65,factory,12,0.33675582661604603,0.016333333333333335,0.011666666666666665,0.23333333333333334,0.0
w_a1.15_b1.05_g1.65,factory,13,0.3344947696491623,0.01691666666666667,0.012083333333333335,0.24166666666666667,0.0
w_a1.15_b1.05_g1.65,factory,14,0.3260757290602444,0.018083333333333337,0.012916666666666668,0.25833333333333336,0.0
w_a1.15_b1.05_g1.65,factory,15,0.3364263414924253,0.01575,0.011250000000000001,0.225,0.0
w_a1.15_b1.05_g1.65,factory,16,0.33596574160992804,0.017500000000000005,0.0125,0.25,0.0
w_a1.15_b1.05_g1.65,factory,17,0.33086220342816297,0.01575,0.011250000000000001,0.225,0.0
w_a1.15_b1.05_g1.65,factory,18,0.33860503129090985,0.01575,0.011250000000000001,0.225,0.0
w_a1.15_b1.05_g1.65,factory,19,0.3330348618430354,0.016333333333333335,0.011666666666666667,0.23333333333333334,0.0
w_a1.15_b1.05_g1.65,factory,20,0.33811985220587987,0.015750000000000004,0.011250000000000001,0.225,0.0
w_a1.15_b1.05_g1.65,factory,21,0.33258737315228737,0.01575,0.011250000000000001,0.225,0.0
w_a1.15_b1.05_g1.65,factory,22,0.3301841106726594,0.019833333333333335,0.014166666666666668,0.2833333333333333,0.0
w_a1.15_b1.05_g1.65,factory,23,0.3316725676094805,0.018083333333333333,0.012916666666666667,0.25833333333333336,0.0
w_a1.15_b1.05_g1.65,factory,24,0.3317958224392497,0.016333333333333335,0.011666666666666667,0.23333333333333334,0.0
w_a1.15_b1.05_g1.65,factory,25,0.3305576903127855,0.016333333333333335,0.011666666666666665,0.23333333333333334,0.0
w_a1.15_b1.05_g1.65,factory,26,0.33429454683240534,0.018083333333333333,0.012916666666666667,0.25833333333333336,0.0
w_a1.15_b1.05_g1.65,factory,27,0.3293658700739987,0.02041666666666667,0.014583333333333334,0.2916666666666667,0.0
w_a1.15_b1.05_g1.65,factory,28,0.338040036124645,0.0175,0.0125,0.25,0.0
w_a1.15_b1.05_g1.65,factory,29,0.32811603683945745,0.019250000000000003,0.01375,0.275,0.0
w_a1.15_b1.05_g1.65,factory,30,0.3304926793420969,0.01691666666666667,0.012083333333333333,0.24166666666666667,0.0
w_a1.15_b1.05_g1.65,factory,31,0.33655972399012046,0.016333333333333335,0.011666666666666667,0.23333333333333334,0.0
w_a1.15_b1.05_g1.65,factory,32,0.3284311102352488,0.0175,0.0125,0.25,0.0
w_a1.15_b1.05_g1.65,factory,33,0.3368272847745672,0.014000000000000002,0.010000000000000002,0.2,0.0
w_a1.15_b1.05_g1.65,factory,34,0.3260943336913371,0.01691666666666667,0.012083333333333335,0.24166666666666667,0.0
w_a1.15_b1.05_g1.65,factory,35,0.33432834646933784,0.017500000000000005,0.0125,0.25,0.0
w_a1.15_b1.05_g1.65,factory,36,0.3297048652707882,0.01575,0.011250000000000001,0.225,0.0
w_a1.15_b1.05_g1.65,factory,37,0.33110098540968547,0.013416666666666669,0.009583333333333334,0.19166666666666668,0.0
w_a1.15_b1.05_g1.65,factory,38,0.33932949450405625,0.012833333333333334,0.009166666666666667,0.18333333333333332,0.0
w_a1.15_b1.05_g1.65,factory,39,0.3315784578655044,0.017500000000000005,0.0125,0.25,0.0
w_a1.55_b0.35_g0.55,forklift,0,0.306926788592511,0.04133333333333333,0.04133333333333333,0.25833333333333336,0.0
w_a1.55_b0.35_g0.55,forklift,1,0.3102641005436842,0.036000000000000004,0.036000000000000004,0.225,0.0
w_a1.55_b0.35_g0.55,forklift,2,0.3113965527925932,0.03866666666666666,0.03866666666666666,0.24166666666666667,0.0
w_a1.55_b0.35_g0.55,forklift,3,0.31207126701959165,0.036000000000000004,0.036000000000000004,0.225,0.0
w_a1.55_b0.35_g0.55,forklift,4,0.307127800326093,0.04133333333333333,0.04133333333333333,0.25833333333333336,0.0
w_a1.55_b0.35_g0.55,forklift,5,0.3023489493227918,0.04,0.04,0.25,0.0
w_a1.55_b0.35_g0.55,forklift,6,0.31388425095079886,0.037333333333333336,0.037333333333333336,0.23333333333333334,0.0
w_a1.55_b0.35_g0.55,forklift,7,0.3010743775476943,0.04266666666666667,0.04266666666666667,0.26666666666666666,0.0
w_a1.55_b0.35_g0.55,forklift,8,0.3051251698439523,0.044000000000000004,0.044000000000000004,0.275,0.0
w_a1.55_b0.35_g0.55,forklift,9,0.30655582295274536,0.04133333333333334,0.04133333333333334,0.25833333333333336,0.0
w_a1.55_b0.35_g0.55,forklift,10,0.3047260511995053,0.037333333333333336,0.037333333333333336,0.23333333333333334,0.0
w_a1.55_b0.35_g0.55,forklift,11,0.3049074167881323,0.03333333333333333,0.03333333333333333,0.20833333333333334,0.0
w_a1.55_b0.35_g0.55,forklift,12,0.3076225582544312,0.04133333333333334,0.04133333333333334,0.25833333333333336,0.0
w_a1.55_b0.35_g0.55,forklift,13,0.3087467807785131,0.04000000000000001,0.04000000000000001,0.25,0.0
w_a1.55_b0.35_g0.55,forklift,14,0.306520268515659,0.04133333333333334,0.04133333333333334,0.25833333333333336,0.0
w_a1.55_b0.35_g0.55,forklift,15,0.30938047073757496,0.03333333333333333,0.03333333333333333,0.20833333333333334,0.0
w_a1.55_b0.35_g0.55,forklift,16,0.3085039292278932,0.044000000000000004,0.044000000000000004,0.275,0.0
w_a1.55_b0.35_g0.55,forklift,17,0.30142241100847605,0.04533333333333333,0.04533333333333333,0.2833333333333333,0.0
w_a1.55_b0.35_g0.55,forklift,18,0.3023683662595664,0.04133333333333333,0.04133333333333333,0.25833333333333336,0.0
w_a1.55_b0.35_g0.55,forklift,19,0.30045731840256323,0.0475,0.04816666666666667,0.3,0.0
w_a1.55_b0.35_g0.55,forklift,20,0.30733998960297376,0.042666666666666665,0.042666666666666665,0.26666666666666666,0.0
w_a1.55_b0.35_g0.55,forklift,21,0.31103713911726366,0.04133333333333333,0.04133333333333333,0.25833333333333336,0.0
w_a1.55_b0.35_g0.55,forklift,22,0.31198194337072754,0.037333333333333336,0.037333333333333336,0.23333333333333334,0.0
w_a1.55_b0.35_g0.55,forklift,23,0.3083514582786048,0.04133333333333333,0.04133333333333333,0.25833333333333336,0.0
w_a1.55_b0.35_g0.55,forklift,24,0.30450144714902244,0.04133333333333334,0.04133333333333334,0.25833333333333336,0.0
w_a1.55_b0.35_g0.55,forklift,25,0.3058127640696658,0.04133333333333334,0.04133333333333334,0.25833333333333336,0.0
w_a1.55_b0.35_g0.55,forklift,26,0.3110824226982881,0.032,0.032,0.2,0.0
w_a1.55_b0.35_g0.55,forklift,27,0.3108144482212167,0.029333333333333336,0.029333333333333336,0.18333333333333332,0.0
w_a1.55_b0.35_g0.55,forklift,28,0.30902416110056663,0.037333333333333336,0.037333333333333336,0.23333333333333334,0.0
w_a1.55_b0.35_g0.55,forklift,29,0.3131978594822798,0.036000000000000004,0.036000000000000004,0.225,0.0
w_a1.55_b0.35_g0.55,forklift,30,0.3102022873322309,0.0395,0.04016666666666667,0.25,0.0
w_a1.55_b0.35_g0.55,forklift,31,0.3130527440680435,0.04133333333333333,0.04133333333333333,0.25833333333333336,0.0
w_a1.55_b0.35_g0.55,forklift,32,0.31218783491539787,0.04000000000000001,0.04000000000000001,0.25,0.0
w_a1.55_b0.35_g0.55,forklift,33,0.30664508860004047,0.04133333333333333,0.04133333333333333,0.25833333333333336,0.0
w_a1.55_b0.35_g0.55,forklift,34,0.3047831062426695,0.04133333333333334,0.04133333333333334,0.25833333333333336,0.0
w_a1.55_b0.35_g0.55,forklift,35,0.30971450661739935,0.042666666666666665,0.042666666666666665,0.26666666666666666,0.0
w_a1.55_b0.35_g0.55,forklift,36,0.3078717774037115,0.042666666666666665,0.042666666666666665,0.26666666666666666,0.0
w_a1.55_b0.35_g0.55,forklift,37,0.30130847958928686,0.043500000000000004,0.04416666666666667,0.275,0.0
w_a1.55_b0.35_g0.55,forklift,38,0.2986222998261923,0.04533333333333333,0.04533333333333333,0.2833333333333333,0.0
w_a1.55_b0.35_g0.55,forklift,39,0.3014455964671798,0.042666666666666665,0.042666666666666665,0.26666666666666666,0.0
w_a1.55_b0.35_g0.55,crane,0,0.3073587606886278,0.032,0.032,0.2,0.0
w_a1.55_b0.35_g0.55,crane,1,0.2949716074953868,0.04133333333333333,0.04133333333333333,0.25833333333333336,0.0
w_a1.55_b0.35_g0.55,crane,2,0.2985934395201942,0.042666666666666665,0.042666666666666665,0.26666666666666666,0.0
w_a1.55_b0.35_g0.55,crane,3,0.3070993724679666,0.032,0.032,0.2,0.0
w_a1.55_b0.35_g0.55,crane,4,0.30729830446539064,0.037333333333333336,0.037333333333333336,0.23333333333333334,0.0
w_a1.55_b0.35_g0.55,crane,5,0.29999312140369877,0.036000000000000004,0.036000000000000004,0.225,0.0
w_a1.55_b0.35_g0.55,crane,6,0.29757959753315644,0.04266666666666667,0.04266666666666667,0.26666666666666666,0.0
w_a1.55_b0.35_g0.55,crane,7,0.30664700610285667,0.03333333333333333,0.03333333333333333,0.20833333333333334,0.0
w_a1.55_b0.35_g0.55,crane,8,0.30304006871445,0.04266666666666666,0.04266666666666666,0.26666666666666666,0.0
w_a1.55_b0.35_g0.55,crane,9,0.29879066275570926,0.036000000000000004,0.036000000000000004,0.225,0.0
w_a1.55_b0.35_g0.55,crane,10,0.3043396827534399,0.034666666666666665,0.034666666666666665,0.21666666666666667,0.0
w_a1.55_b0.35_g0.55,crane,11,0.30379492739728386,0.04083333333333334,0.0415,0.25833333333333336,0.0
w_a1.55_b0.35_g0.55,crane,12,0.30025831734942265,0.03866666666666667,0.03866666666666667,0.24166666666666667,0.0
w_a1.55_b0.35_g0.55,crane,13,0.30294480198221835,0.03866666666666667,0.03866666666666667,0.24166666666666667,0.0
w_a1.55_b0.35_g0.55,crane,14,0.2931311094009164,0.04483333333333334,0.045500000000000006,0.2833333333333333,0.0
w_a1.55_b0.35_g0.55,crane,15,0.3030610435377026,0.034666666666666665,0.034666666666666665,0.21666666666666667,0.0
w_a1.55_b0.35_g0.55,crane,16,0.30811535609799967,0.03866666666666667,0.03866666666666667,0.24166666666666667,0.0
w_a1.55_b0.35_g0.55,crane,17,0.3050546083244793,0.03766666666666667,0.039,0.24166666666666667,0.0
w_a1.55_b0.35_g0.55,crane,18,0.3016016223332379,0.037333333333333336,0.037333333333333336,0.23333333333333334,0.0
w_a1.55_b0.35_g0.55,crane,19,0.30442041253779534,0.04133333333333334,0.04133333333333334,0.25833333333333336,0.0
w_a1.55_b0.35_g0.55,crane,20,0.31248380683829485,0.036000000000000004,0.036000000000000004,0.225,0.0
w_a1.55_b0.35_g0.55,crane,21,0.30733701831745996,0.03333333333333333,0.03333333333333333,0.20833333333333334,0.0
w_a1.55_b0.35_g0.55,crane,22,0.29642368031086713,0.04533333333333333,0.04533333333333333,0.2833333333333333,0.0
w_a1.55_b0.35_g0.55,crane,23,0.3046484568962431,0.04,0.04,0.25,0.0
w_a1.55_b0.35_g0.55,crane,24,0.3006247942128327,0.04133333333333334,0.04133333333333334,0.25833333333333336,0.0
w_a1.55_b0.35_g0.55,crane,25,0.2969447431362168,0.044000000000000004,0.044000000000000004,0.275,0.0
w_a1.55_b0.35_g0.55,crane,26,0.29829373445137447,0.04083333333333334,0.0415,0.25833333333333336,0.0
w_a1.55_b0.35_g0.55,crane,27,0.2971063565411125,0.04000000000000001,0.04000000000000001,0.25,0.0
w_a1.55_b0.35_g0.55,crane,28,0.30150835635168083,0.03866666666666667,0.03866666666666667,0.24166666666666667,0.0
w_a1.55_b0.35_g0.55,crane,29,0.30093003482261615,0.04000000000000001,0.04000000000000001,0.25,0.0
w_a1.55_b0.35_g0.55,crane,30,0.30335519941825007,0.0395,0.04016666666666667,0.25,0.0
w_a1.55_b0.35_g0.55,crane,31,0.3031653382132976,0.04133333333333333,0.04133333333333333,0.25833333333333336,0.0
w_a1.55_b0.35_g0.55,crane,32,0.2980834873143576,0.04133333333333333,0.04133333333333333,0.25833333333333336,0.0
w_a1.55_b0.35_g0.55,crane,33,0.30249426146936215,0.04133333333333333,0.04133333333333333,0.25833333333333336,0.0
w_a1.55_b0.35_g0.55,crane,34,0.3049634276754793,0.037333333333333336,0.037333333333333336,0.23333333333333334,0.0
w_a1.55_b0.35_g0.55,crane,35,0.3017806190848015,0.03866666666666667,0.03866666666666667,0.24166666666666667,0.0
w_a1.55_b0.35_g0.55,crane,36,0.2996745141131842,0.03816666666666667,0.03883333333333334,0.24166666666666667,0.0
w_a1.55_b0.35_g0.55,crane,37,0.2911220669848164,0.04666666666666666,0.04666666666666666,0.2916666666666667,0.0
w_a1.55_b0.35_g0.55,crane,38,0.31085712273141675,0.037333333333333336,0.037333333333333336,0.23333333333333334,0.0
w_a1.55_b0.35_g0.55,crane,39,0.2838660405869077,0.048,0.048,0.3,0.0
w_a1.55_b0.35_g0.55,substation,0,0.3125485740930383,0.036000000000000004,0.036000000000000004,0.225,0.0
w_a1.55_b0.35_g0.55,substation,1,0.3098925266738386,0.032,0.032,0.2,0.0
w_a1.55_b0.35_g0.55,substation,2,0.303510318270348,0.03866666666666667,0.03866666666666667,0.24166666666666667,0.0
w_a1.55_b0.35_g0.55,substation,3,0.29919377324879703,0.04533333333333333,0.04533333333333333,0.2833333333333333,0.0
w_a1.55_b0.35_g0.55,substation,4,0.30807162211132455,0.03333333333333333,0.03333333333333333,0.20833333333333334,0.0
w_a1.55_b0.35_g0.55,substation,5,0.30286035644713016,0.042666666666666665,0.042666666666666665,0.26666666666666666,0.0
w_a1.55_b0.35_g0.55,substation,6,0.30750085381667314,0.034666666666666665,0.034666666666666665,0.21666666666666667,0.0
w_a1.55_b0.35_g0.55,substation,7,0.3032585722350321,0.03866666666666667,0.03866666666666667,0.24166666666666667,0.0
w_a1.55_b0.35_g0.55,substation,8,0.30539639708250144,0.04,0.04,0.25,0.0
w_a1.55_b0.35_g0.55,substation,9,0.30645731052531827,0.04133333333333334,0.04133333333333334,0.25833333333333336,0.0
w_a1.55_b0.35_g0.55,substation,10,0.30235054732897015,0.037333333333333336,0.037333333333333336,0.23333333333333334,0.0
w_a1.55_b0.35_g0.55,substation,11,0.29960511632877657,0.044000000000000004,0.044000000000000004,0.275,0.0
w_a1.55_b0.35_g0.55,substation,12,0.3067649564790417,0.04133333333333334,0.04133333333333334,0.25833333333333336,0.0
w_a1.55_b0.35_g0.55,substation,13,0.3103494145698285,0.04,0.04,0.25,0.0
w_a1.55_b0.35_g0.55,substation,14,0.305093955268726,0.036000000000000004,0.036000000000000004,0.225,0.0
w_a1.55_b0.35_g0.55,substation,15,0.3045561461655648,0.037333333333333336,0.037333333333333336,0.23333333333333334,0.0
w_a1.55_b0.35_g0.55,substation,16,0.30013678776081687,0.04133333333333333,0.04133333333333333,0.25833333333333336,0.0
w_a1.55_b0.35_g0.55,substation,17,0.30460196699419945,0.04133333333333334,0.04133333333333334,0.25833333333333336,0.0
w_a1.55_b0.35_g0.55,substation,18,0.30082745471818917,0.04666666666666666,0.04666666666666666,0.2916666666666667,0.0
w_a1.55_b0.35_g0.55,substation,19,0.3054665190959257,0.04133333333333333,0.04133333333333333,0.25833333333333336,0.0
w_a1.55_b0.35_g0.55,substation,20,0.3053511495960046,0.04,0.04,0.25,0.0
w_a1.55_b0.35_g0.55,substation,21,0.30300612698426327,0.043500000000000004,0.044166666666666674,0.275,0.0
w_a1.55_b0.35_g0.55,substation,22,0.30739362135944337,0.0355,0.036166666666666666,0.225,0.0
w_a1.55_b0.35_g0.55,substation,23,0.3046622214282758,0.04,0.04,0.25,0.0
w_a1.55_b0.35_g0.55,substation,24,0.2981301807128685,0.044000000000000004,0.044000000000000004,0.275,0.0
w_a1.55_b0.35_g0.55,substation,25,0.302538228254336,0.03866666666666667,0.03866666666666667,0.24166666666666667,0.0
w_a1.55_b0.35_g0.55,substation,26,0.3067399287217483,0.03866666666666667,0.03866666666666667,0.24166666666666667,0.0
w_a1.55_b0.35_g0.55,substation,27,0.31222789739098217,0.03866666666666666,0.03866666666666666,0.24166666666666667,0.0
w_a1.55_b0.35_g0.55,substation,28,0.29430428263700104,0.04533333333333333,0.04533333333333333,0.2833333333333333,0.0
w_a1.55_b0.35_g0.55,substation,29,0.3008287212654313,0.04,0.04,0.25,0.0
w_a1.55_b0.35_g0.55,substation,30,0.30927328585673375,0.04,0.04,0.25,0.0
w_a1.55_b0.35_g0.55,substation,31,0.3136241024399285,0.034666666666666665,0.034666666666666665,0.21666666666666667,0.0
w_a1.55_b0.35_g0.55,substation,32,0.30802935707799095,0.04133333333333334,0.04133333333333334,0.25833333333333336,0.0
w_a1.55_b0.35_g0.55,substation,33,0.305493054872705,0.04,0.04,0.25,0.0
w_a1.55_b0.35_g0.55,substation,34,0.30267228215784325,0.04133333333333333,0.04133333333333333,0.25833333333333336,0.0
w_a1.55_b0.35_g0.55,substation,35,0.3031250105126959,0.04000000000000001,0.04000000000000001,0.25,0.0
w_a1.55_b0.35_g0.55,substation,36,0.3058549913236058,0.044,0.044,0.275,0.0
w_a1.55_b0.35_g0.55,substation,37,0.30078560867173554,0.04266666666666667,0.04266666666666667,0.26666666666666666,0.0
w_a1.55_b0.35_g0.55,substation,38,0.3036889777259089,0.037333333333333336,0.037333333333333336,0.23333333333333334,0.0
w_a1.55_b0.35_g0.55,substation,39,0.3056513851692931,0.037333333333333336,0.037333333333333336,0.23333333333333334,0.0
w_a1.55_b0.35_g0.55,mining,0,0.2956854825867835,0.04133333333333333,0.04133333333333333,0.25833333333333336,0.0
w_a1.55_b0.35_g0.55,mining,1,0.2973582020689613,0.04,0.04,0.25,0.0
w_a1.55_b0.35_g0.55,mining,2,0.3030376816188822,0.03866666666666667,0.03866666666666667,0.24166666666666667,0.0
w_a1.55_b0.35_g0.55,mining,3,0.29693895184608526,0.03866666666666667,0.03866666666666667,0.24166666666666667,0.0
w_a1.55_b0.35_g0.55,mining,4,0.3043812836399319,0.034666666666666665,0.034666666666666665,0.21666666666666667,0.0
w_a1.55_b0.35_g0.55,mining,5,0.3029236008619929,0.0395,0.04016666666666667,0.25,0.0
w_a1.55_b0.35_g0.55,mining,6,0.2977277000827724,0.037333333333333336,0.037333333333333336,0.23333333333333334,0.0
w_a1.55_b0.35_g0.55,mining,7,0.29739703613628826,0.04216666666666667,0.04283333333333334,0.26666666666666666,0.0
w_a1.55_b0.35_g0.55,mining,8,0.2932453836122502,0.044,0.044,0.275,0.0
w_a1.55_b0.35_g0.55,mining,9,0.29467476506376916,0.04133333333333333,0.04133333333333333,0.25833333333333336,0.0
w_a1.55_b0.35_g0.55,mining,10,0.30027391359860417,0.036000000000000004,0.036000000000000004,0.225,0.0
w_a1.55_b0.35_g0.55,mining,11,0.2952258700773687,0.04533333333333333,0.04533333333333333,0.2833333333333333,0.0
w_a1.55_b0.35_g0.55,mining,12,0.29562723941834046,0.04533333333333333,0.04533333333333333,0.2833333333333333,0.0
w_a1.55_b0.35_g0.55,mining,13,0.30130662856328266,0.04000000000000001,0.04000000000000001,0.25,0.0
w_a1.55_b0.35_g0.55,mining,14,0.3015170192950849,0.037333333333333336,0.037333333333333336,0.23333333333333334,0.0
w_a1.55_b0.35_g0.55,mining,15,0.2966928795356882,0.04133333333333334,0.04133333333333334,0.25833333333333336,0.0
w_a1.55_b0.35_g0.55,mining,16,0.30833423152008027,0.034666666666666665,0.034666666666666665,0.21666666666666667,0.0
w_a1.55_b0.35_g0.55,mining,17,0.2998103026391717,0.04000000000000001,0.04000000000000001,0.25,0.0
w_a1.55_b0.35_g0.55,mining,18,0.2994054913771321,0.037333333333333336,0.037333333333333336,0.23333333333333334,0.0
w_a1.55_b0.35_g0.55,mining,19,0.2983867549316591,0.04133333333333334,0.04133333333333334,0.25833333333333336,0.0
w_a1.55_b0.35_g0.55,mining,20,0.3012465397777802,0.03866666666666667,0.03866666666666667,0.24166666666666667,0.0
w_a1.55_b0.35_g0.55,mining,21,0.3024653146089601,0.044000000000000004,0.044000000000000004,0.275,0.0
w_a1.55_b0.35_g0.55,mining,22,0.30365226762194236,0.036000000000000004,0.036000000000000004,0.225,0.0
w_a1.55_b0.35_g0.55,mining,23,0.2977269768132825,0.04000000000000001,0.04000000000000001,0.25,0.0
w_a1.55_b0.35_g0.55,mining,24,0.30350419626883585,0.036000000000000004,0.036000000000000004,0.225,0.0
w_a1.55_b0.35_g0.55,mining,25,0.29968176549324427,0.04133333333333334,0.04133333333333334,0.25833333333333336,0.0
w_a1.55_b0.35_g0.55,mining,26,0.292868617998374,0.0355,0.036166666666666666,0.225,0.0
w_a1.55_b0.35_g0.55,mining,27,0.29726588135674703,0.036833333333333336,0.0375,0.23333333333333334,0.0
w_a1.55_b0.35_g0.55,mining,28,0.2984157610499908,0.037333333333333336,0.037333333333333336,0.23333333333333334,0.0
w_a1.55_b0.35_g0.55,mining,29,0.29065635912163745,0.04750000000000001,0.04816666666666668,0.3,0.0
w_a1.55_b0.35_g0.55,mining,30,0.3021104271318009,0.042666666666666665,0.042666666666666665,0.26666666666666666,0.0
w_a1.55_b0.35_g0.55,mining,31,0.2870715666176855,0.04533333333333334,0.04533333333333334,0.2833333333333333,0.0
w_a1.55_b0.35_g0.55,mining,32,0.29708726452759404,0.04133333333333334,0.04133333333333334,0.25833333333333336,0.0
w_a1.55_b0.35_g0.55,mining,33,0.2914952369502423,0.043500000000000004,0.044166666666666674,0.275,0.0
w_a1.55_b0.35_g0.55,mining,34,0.28916928776057327,0.044,0.044,0.275,0.0
w_a1.55_b0.35_g0.55,mining,35,0.2960527797866341,0.03866666666666666,0.03866666666666666,0.24166666666666667,0.0
w_a1.55_b0.35_g0.55,mining,36,0.3010081136586132,0.03866666666666667,0.03866666666666667,0.24166666666666667,0.0
w_a1.55_b0.35_g0.55,mining,37,0.29358295852733873,0.04133333333333333,0.04133333333333333,0.25833333333333336,0.0
w_a1.55_b0.35_g0.55,mining,38,0.29054816516027415,0.04533333333333333,0.04533333333333333,0.2833333333333333,0.0
w_a1.55_b0.35_g0.55,mining,39,0.2971284346067513,0.034666666666666665,0.034666666666666665,0.21666666666666667,0.0
w_a1.55_b0.35_g0.55,oil_gas,0,0.2918813729814632,0.03866666666666666,0.03866666666666666,0.24166666666666667,0.0
w_a1.55_b0.35_g0.55,oil_gas,1,0.28957127380702663,0.04133333333333333,0.04133333333333333,0.25833333333333336,0.0
w_a1.55_b0.35_g0.55,oil_gas,2,0.2827702982990688,0.050666666666666665,0.050666666666666665,0.31666666666666665,0.0
w_a1.55_b0.35_g0.55,oil_gas,3,0.2950637256683324,0.04000000000000001,0.04000000000000001,0.25,0.0
w_a1.55_b0.35_g0.55,oil_gas,4,0.29578018629537667,0.04133333333333333,0.04133333333333333,0.25833333333333336,0.0
w_a1.55_b0.35_g0.55,oil_gas,5,0.2933914105665502,0.04133333333333334,0.04133333333333334,0.25833333333333336,0.0
w_a1.55_b0.35_g0.55,oil_gas,6,0.29576509171585913,0.03866666666666667,0.03866666666666667,0.24166666666666667,0.0
w_a1.55_b0.35_g0.55,oil_gas,7,0.30162786337012376,0.04,0.04,0.25,0.0
w_a1.55_b0.35_g0.55,oil_gas,8,0.2972588086536985,0.036000000000000004,0.036000000000000004,0.225,0.0
w_a1.55_b0.35_g0.55,oil_gas,9,0.29446967633587273,0.044000000000000004,0.044000000000000004,0.275,0.0
w_a1.55_b0.35_g0.55,oil_gas,10,0.2905358950300879,0.048,0.048,0.3,0.0
w_a1.55_b0.35_g0.55,oil_gas,11,0.30078935134232127,0.037333333333333336,0.037333333333333336,0.23333333333333334,0.0
w_a1.55_b0.35_g0.55,oil_gas,12,0.2969099571433521,0.037333333333333336,0.037333333333333336,0.23333333333333334,0.0
w_a1.55_b0.35_g0.55,oil_gas,13,0.2963216179065616,0.04133333333333333,0.04133333333333333,0.25833333333333336,0.0
w_a1.55_b0.35_g0.55,oil_gas,14,0.3003036968580963,0.037333333333333336,0.037333333333333336,0.23333333333333334,0.0
w_a1.55_b0.35_g0.55,oil_gas,15,0.30111571360411854,0.042666666666666665,0.042666666666666665,0.26666666666666666,0.0
w_a1.55_b0.35_g0.55,oil_gas,16,0.2935905020079929,0.04666666666666666,0.04666666666666666,0.2916666666666667,0.0
w_a1.55_b0.35_g0.55,oil_gas,17,0.29512194450242757,0.044,0.044,0.275,0.0
w_a1.55_b0.35_g0.55,oil_gas,18,0.2979593398174455,0.04133333333333333,0.04133333333333333,0.25833333333333336,0.0
w_a1.55_b0.35_g0.55,oil_gas,19,0.29055735839564273,0.04533333333333333,0.04533333333333333,0.2833333333333333,0.0
w_a1.55_b0.35_g0.55,oil_gas,20,0.290209533790555,0.04216666666666667,0.04283333333333334,0.26666666666666666,0.0
w_a1.55_b0.35_g0.55,oil_gas,21,0.3016672967288277,0.04133333333333333,0.04133333333333333,0.25833333333333336,0.0
w_a1.55_b0.35_g0.55,oil_gas,22,0.29248959428178295,0.04533333333333333,0.04533333333333333,0.2833333333333333,0.0
w_a1.55_b0.35_g0.55,oil_gas,23,0.28928634340811327,0.048,0.048,0.3,0.0
w_a1.55_b0.35_g0.55,oil_gas,24,0.2936118798259365,0.044,0.044,0.275,0.0
w_a1.55_b0.35_g0.55,oil_gas,25,0.2860727308995126,0.05016666666666667,0.050833333333333335,0.31666666666666665,0.0
w_a1.55_b0.35_g0.55,oil_gas,26,0.2934733427486268,0.044,0.044,0.275,0.0
w_a1.55_b0.35_g0.55,oil_gas,27,0.30053506528508717,0.04133333333333333,0.04133333333333333,0.25833333333333336,0.0
w_a1.55_b0.35_g0.55,oil_gas,28,0.28966643937200776,0.044000000000000004,0.044000000000000004,0.275,0.0
w_a1.55_b0.35_g0.55,oil_gas,29,0.29697715412886583,0.04000000000000001,0.04000000000000001,0.25,0.0
w_a1.55_b0.35_g0.55,oil_gas,30,0.30361716949930756,0.03866666666666667,0.03866666666666667,0.24166666666666667,0.0
w_a1.55_b0.35_g0.55,oil_gas,31,0.29847858639066777,0.03866666666666667,0.03866666666666667,0.24166666666666667,0.0
w_a1.55_b0.35_g0.55,oil_gas,32,0.2933277769764419,0.04133333333333333,0.04133333333333333,0.25833333333333336,0.0
w_a1.55_b0.35_g0.55,oil_gas,33,0.2946308437169316,0.048,0.048,0.3,0.0
w_a1.55_b0.35_g0.55,oil_gas,34,0.29303005682726296,0.03866666666666667,0.03866666666666667,0.24166666666666667,0.0
w_a1.55_b0.35_g0.55,oil_gas,35,0.30500300937826824,0.037333333333333336,0.037333333333333336,0.23333333333333334,0.0
w_a1.55_b0.35_g0.55,oil_gas,36,0.297340138970261,0.036000000000000004,0.036000000000000004,0.225,0.0
w_a1.55_b0.35_g0.55,oil_gas,37,0.2989749919931146,0.034666666666666665,0.034666666666666665,0.21666666666666667,0.0
w_a1.55_b0.35_g0.55,oil_gas,38,0.29890999084083597,0.04083333333333334,0.0415,0.25833333333333336,0.0
w_a1.55_b0.35_g0.55,oil_gas,39,0.2966181511307442,0.04133333333333334,0.04133333333333334,0.25833333333333336,0.0
w_a1.55_b0.35_g0.55,factory,0,0.3123660537334387,0.03333333333333333,0.03333333333333333,0.20833333333333334,0.0
w_a1.55_b0.35_g0.55,factory,1,0.3171484694885091,0.034666666666666665,0.034666666666666665,0.21666666666666667,0.0
w_a1.55_b0.35_g0.55,factory,2,0.3080440001630256,0.03866666666666667,0.03866666666666667,0.24166666666666667,0.0
w_a1.55_b0.35_g0.55,factory,3,0.3194154637891697,0.04000000000000001,0.04000000000000001,0.25,0.0
w_a1.55_b0.35_g0.55,factory,4,0.3147844542365237,0.034666666666666665,0.034666666666666665,0.21666666666666667,0.0
w_a1.55_b0.35_g0.55,factory,5,0.3116962857491276,0.04000000000000001,0.04000000000000001,0.25,0.0
w_a1.55_b0.35_g0.55,factory,6,0.31181596085871394,0.044000000000000004,0.044000000000000004,0.275,0.0
w_a1.55_b0.35_g0.55,factory,7,0.3203951597599997,0.034666666666666665,0.034666666666666665,0.21666666666666667,0.0
w_a1.55_b0.35_g0.55,factory,8,0.3150732561478925,0.037333333333333336,0.037333333333333336,0.23333333333333334,0.0
w_a1.55_b0.35_g0.55,factory,9,0.3163310762248843,0.037333333333333336,0.037333333333333336,0.23333333333333334,0.0
w_a1.55_b0.35_g0.55,factory,10,0.31790228620844635,0.037333333333333336,0.037333333333333336,0.23333333333333334,0.0
w_a1.55_b0.35_g0.55,factory,11,0.3073494365646771,0.04666666666666666,0.04666666666666666,0.2916666666666667,0.0
w_a1.55_b0.35_g0.55,factory,12,0.31925582661604607,0.037333333333333336,0.037333333333333336,0.23333333333333334,0.0
w_a1.55_b0.35_g0.55,factory,13,0.31636976964916225,0.03866666666666667,0.03866666666666667,0.24166666666666667,0.0
w_a1.55_b0.35_g0.55,factory,14,0.30670072906024437,0.04133333333333333,0.04133333333333333,0.25833333333333336,0.0
w_a1.55_b0.35_g0.55,factory,15,0.3195513414924253,0.036000000000000004,0.036000000000000004,0.225,0.0
w_a1.55_b0.35_g0.55,factory,16,0.31721574160992805,0.04,0.04,0.25,0.0
w_a1.55_b0.35_g0.55,factory,17,0.31398720342816294,0.036000000000000004,0.036000000000000004,0.225,0.0
w_a1.55_b0.35_g0.55,factory,18,0.32173003129090993,0.036000000000000004,0.036000000000000004,0.225,0.0
w_a1.55_b0.35_g0.55,factory,19,0.31553486184303536,0.037333333333333336,0.037333333333333336,0.23333333333333334,0.0
w_a1.55_b0.35_g0.55,factory,20,0.32124485220587995,0.036000000000000004,0.036000000000000004,0.225,0.0
w_a1.55_b0.35_g0.55,factory,21,0.3157123731522874,0.036000000000000004,0.036000000000000004,0.225,0.0
w_a1.55_b0.35_g0.55,factory,22,0.3089341106726593,0.04533333333333334,0.04533333333333334,0.2833333333333333,0.0
w_a1.55_b0.35_g0.55,factory,23,0.31229756760948046,0.04133333333333333,0.04133333333333333,0.25833333333333336,0.0
w_a1.55_b0.35_g0.55,factory,24,0.3142958224392497,0.037333333333333336,0.037333333333333336,0.23333333333333334,0.0
w_a1.55_b0.35_g0.55,factory,25,0.31305769031278546,0.037333333333333336,0.037333333333333336,0.23333333333333334,0.0
w_a1.55_b0.35_g0.55,factory,26,0.31491954683240536,0.04133333333333334,0.04133333333333334,0.25833333333333336,0.0
w_a1.55_b0.35_g0.55,factory,27,0.3074908700739987,0.04666666666666666,0.04666666666666666,0.2916666666666667,0.0
w_a1.55_b0.35_g0.55,factory,28,0.319290036124645,0.04000000000000001,0.04000000000000001,0.25,0.0
w_a1.55_b0.35_g0.55,factory,29,0.3074910368394575,0.044,0.044,0.275,0.0
w_a1.55_b0.35_g0.55,factory,30,0.31236767934209697,0.03866666666666667,0.03866666666666667,0.24166666666666667,0.0
w_a1.55_b0.35_g0.55,factory,31,0.3190597239901204,0.037333333333333336,0.037333333333333336,0.23333333333333334,0.0
w_a1.55_b0.35_g0.55,factory,32,0.30968111023524875,0.04000000000000001,0.04000000000000001,0.25,0.0
w_a1.55_b0.35_g0.55,factory,33,0.32182728477456723,0.032,0.032,0.2,0.0
w_a1.55_b0.35_g0.55,factory,34,0.3079693336913371,0.03866666666666666,0.03866666666666666,0.24166666666666667,0.0
w_a1.55_b0.35_g0.55,factory,35,0.31557834646933786,0.04000000000000001,0.04000000000000001,0.25,0.0
w_a1.55_b0.35_g0.55,factory,36,0.3128298652707882,0.036000000000000004,0.036000000000000004,0.225,0.0
w_a1.55_b0.35_g0.55,factory,37,0.3167259854096855,0.03066666666666667,0.03066666666666667,0.19166666666666668,0.0
w_a1.55_b0.35_g0.55,factory,38,0.3255794945040563,0.029333333333333333,0.029333333333333333,0.18333333333333332,0.0
w_a1.55_b0.35_g0.55,factory,39,0.31282845786550434,0.04000000000000001,0.04000000000000001,0.25,0.0
w_a1.55_b0.35_g1.1,forklift,0,0.306926788592511,0.04133333333333333,0.04133333333333333,0.25833333333333336,0.0
w_a1.55_b0.35_g1.1,forklift,1,0.3102641005436842,0.036000000000000004,0.036000000000000004,0.225,0.0
w_a1.55_b0.35_g1.1,forklift,2,0.3113965527925932,0.03866666666666666,0.03866666666666666,0.24166666666666667,0.0
w_a1.55_b0.35_g1.1,forklift,3,0.31207126701959165,0.036000000000000004,0.036000000000000004,0.225,0.0
w_a1.55_b0.35_g1.1,forklift,4,0.307127800326093,0.04133333333333333,0.04133333333333333,0.25833333333333336,0.0
w_a1.55_b0.35_g1.1,forklift,5,0.3023489493227918,0.04,0.04,0.25,0.0
w_a1.55_b0.35_g1.1,forklift,6,0.31388425095079886,0.037333333333333336,0.037333333333333336,0.23333333333333334,0.0
w_a1.55_b0.35_g1.1,forklift,7,0.3010743775476943,0.04266666666666667,0.04266666666666667,0.26666666666666666,0.0
w_a1.55_b0.35_g1.1,forklift,8,0.3051251698439523,0.044000000000000004,0.044000000000000004,0.275,0.0
w_a1.55_b0.35_g1.1,forklift,9,0.30655582295274536,0.04133333333333334,0.04133333333333334,0.25833333333333336,0.0
w_a1.55_b0.35_g1.1,forklift,10,0.3047260511995053,0.037333333333333336,0.037333333333333336,0.23333333333333334,0.0
w_a1.55_b0.35_g1.1,forklift,11,0.3049074167881323,0.03333333333333333,0.03333333333333333,0.20833333333333334,0.0
w_a1.55_b0.35_g1.1,forklift,12,0.3076225582544312,0.04133333333333334,0.04133333333333334,0.25833333333333336,0.0
w_a1.55_b0.35_g1.1,forklift,13,0.3087467807785131,0.04000000000000001,0.04000000000000001,0.25,0.0
w_a1.55_b0.35_g1.1,forklift,14,0.306520268515659,0.04133333333333334,0.04133333333333334,0.25833333333333336,0.0
w_a1.55_b0.35_g1.1,forklift,15,0.30938047073757496,0.03333333333333333,0.03333333333333333,0.20833333333333334,0.0
w_a1.55_b0.35_g1.1,forklift,16,0.3085039292278932,0.044000000000000004,0.044000000000000004,0.275,0.0
w_a1.55_b0.35_g1.1,forklift,17,0.30142241100847605,0.04533333333333333,0.04533333333333333,0.2833333333333333,0.0
w_a1.55_b0.35_g1.1,forklift,18,0.3023683662595664,0.04133333333333333,0.04133333333333333,0.25833333333333336,0.0
w_a1.55_b0.35_g1.1,forklift,19,0.3002579114564551,0.048,0.048,0.3,0.0
w_a1.55_b0.35_g1.1,forklift,20,0.30733998960297376,0.042666666666666665,0.042666666666666665,0.26666666666666666,0.0
w_a1.55_b0.35_g1.1,forklift,21,0.31103713911726366,0.04133333333333333,0.04133333333333333,0.25833333333333336,0.0
w_a1.55_b0.35_g1.1,forklift,22,0.31198194337072754,0.037333333333333336,0.037333333333333336,0.23333333333333334,0.0
w_a1.55_b0.35_g1.1,forklift,23,0.3083514582786048,0.04133333333333333,0.04133333333333333,0.25833333333333336,0.0
w_a1.55_b0.35_g1.1,forklift,24,0.30450144714902244,0.04133333333333334,0.04133333333333334,0.25833333333333336,0.0
w_a1.55_b0.35_g1.1,forklift,25,0.3058127640696658,0.04133333333333334,0.04133333333333334,0.25833333333333336,0.0
w_a1.55_b0.35_g1.1,forklift,26,0.3110824226982881,0.032,0.032,0.2,0.0
w_a1.55_b0.35_g1.1,forklift,27,0.3108144482212167,0.029333333333333336,0.029333333333333336,0.18333333333333332,0.0
w_a1.55_b0.35_g1.1,forklift,28,0.30902416110056663,0.037333333333333336,0.037333333333333336,0.23333333333333334,0.0
w_a1.55_b0.35_g1.1,forklift,29,0.3131978594822798,0.036000000000000004,0.036000000000000004,0.225,0.0
w_a1.55_b0.35_g1.1,forklift,30,0.3100032790796473,0.04,0.04,0.25,0.0
w_a1.55_b0.35_g1.1,forklift,31,0.3130527440680435,0.04133333333333333,0.04133333333333333,0.25833333333333336,0.0
w_a1.55_b0.35_g1.1,forklift,32,0.31218783491539787,0.04000000000000001,0.04000000000000001,0.25,0.0
w_a1.55_b0.35_g1.1,forklift,33,0.30664508860004047,0.04133333333333333,0.04133333333333333,0.25833333333333336,0.0
w_a1.55_b0.35_g1.1,forklift,34,0.3047831062426695,0.04133333333333334,0.04133333333333334,0.25833333333333336,0.0
w_a1.55_b0.35_g1.1,forklift,35,0.30971450661739935,0.042666666666666665,0.042666666666666665,0.26666666666666666,0.0
w_a1.55_b0.35_g1.1,forklift,36,0.3078717774037115,0.042666666666666665,0.042666666666666665,0.26666666666666666,0.0
w_a1.55_b0.35_g1.1,forklift,37,0.30130847958928686,0.043500000000000004,0.04416666666666667,0.275,0.0
w_a1.55_b0.35_g1.1,forklift,38,0.2986222998261923,0.04533333333333333,0.04533333333333333,0.2833333333333333,0.0
w_a1.55_b0.35_g1.1,forklift,39,0.3014455964671798,0.042666666666666665,0.042666666666666665,0.26666666666666666,0.0
w_a1.55_b0.35_g1.1,crane,0,0.3073587606886278,0.032,0.032,0.2,0.0
w_a1.55_b0.35_g1.1,crane,1,0.2949716074953868,0.04133333333333333,0.04133333333333333,0.25833333333333336,0.0
w_a1.55_b0.35_g1.1,crane,2,0.2985934395201942,0.042666666666666665,0.042666666666666665,0.26666666666666666,0.0
w_a1.55_b0.35_g1.1,crane,3,0.3070993724679666,0.032,0.032,0.2,0.0
w_a1.55_b0.35_g1.1,crane,4,0.30729830446539064,0.037333333333333336,0.037333333333333336,0.23333333333333334,0.0
w_a1.55_b0.35_g1.1,crane,5,0.29999312140369877,0.036000000000000004,0.036000000000000004,0.225,0.0
w_a1.55_b0.35_g1.1,crane,6,0.29757959753315644,0.04266666666666667,0.04266666666666667,0.26666666666666666,0.0
w_a1.55_b0.35_g1.1,crane,7,0.30664700610285667,0.03333333333333333,0.03333333333333333,0.20833333333333334,0.0
w_a1.55_b0.35_g1.1,crane,8,0.30304006871445,0.04266666666666666,0.04266666666666666,0.26666666666666666,0.0
w_a1.55_b0.35_g1.1,crane,9,0.29879066275570926,0.036000000000000004,0.036000000000000004,0.225,0.0
w_a1.55_b0.35_g1.1,crane,10,0.3043396827534399,0.034666666666666665,0.034666666666666665,0.21666666666666667,0.0
w_a1.55_b0.35_g1.1,crane,11,0.3035955742206026,0.04133333333333334,0.04133333333333334,0.25833333333333336,0.0
w_a1.55_b0.35_g1.1,crane,12,0.30025831734942265,0.03866666666666667,0.03866666666666667,0.24166666666666667,0.0
w_a1.55_b0.35_g1.1,crane,13,0.30294480198221835,0.03866666666666667,0.03866666666666667,0.24166666666666667,0.0
w_a1.55_b0.35_g1.1,crane,14,0.2931311094009164,0.04483333333333334,0.045500000000000006,0.2833333333333333,0.0
w_a1.55_b0.35_g1.1,crane,15,0.3030610435377026,0.034666666666666665,0.034666666666666665,0.21666666666666667,0.0
w_a1.55_b0.35_g1.1,crane,16,0.30811535609799967,0.03866666666666667,0.03866666666666667,0.24166666666666667,0.0
w_a1.55_b0.35_g1.1,crane,17,0.30485812796546463,0.03816666666666667,0.03883333333333334,0.24166666666666667,0.0
w_a1.55_b0.35_g1.1,crane,18,0.3016016223332379,0.037333333333333336,0.037333333333333336,0.23333333333333334,0.0
w_a1.55_b0.35_g1.1,crane,19,0.30442041253779534,0.04133333333333334,0.04133333333333334,0.25833333333333336,0.0
w_a1.55_b0.35_g1.1,crane,20,0.31248380683829485,0.036000000000000004,0.036000000000000004,0.225,0.0
w_a1.55_b0.35_g1.1,crane,21,0.30733701831745996,0.03333333333333333,0.03333333333333333,0.20833333333333334,0.0
w_a1.55_b0.35_g1.1,crane,22,0.29642368031086713,0.04533333333333333,0.04533333333333333,0.2833333333333333,0.0
w_a1.55_b0.35_g1.1,crane,23,0.3046484568962431,0.04,0.04,0.25,0.0
w_a1.55_b0.35_g1.1,crane,24,0.3006247942128327,0.04133333333333334,0.04133333333333334,0.25833333333333336,0.0
w_a1.55_b0.35_g1.1,crane,25,0.2969447431362168,0.044000000000000004,0.044000000000000004,0.275,0.0
w_a1.55_b0.35_g1.1,crane,26,0.2981078272441149,0.04133333333333333,0.04133333333333333,0.25833333333333336,0.0
w_a1.55_b0.35_g1.1,crane,27,0.2971063565411125,0.04000000000000001,0.04000000000000001,0.25,0.0
w_a1.55_b0.35_g1.1,crane,28,0.30150835635168083,0.03866666666666667,0.03866666666666667,0.24166666666666667,0.0
w_a1.55_b0.35_g1.1,crane,29,0.30093003482261615,0.04000000000000001,0.04000000000000001,0.25,0.0
w_a1.55_b0.35_g1.1,crane,30,0.30335519941825007,0.0395,0.04016666666666667,0.25,0.0
w_a1.55_b0.35_g1.1,crane,31,0.3031653382132976,0.04133333333333333,0.04133333333333333,0.25833333333333336,0.0
w_a1.55_b0.35_g1.1,crane,32,0.2980834873143576,0.04133333333333333,0.04133333333333333,0.25833333333333336,0.0
w_a1.55_b0.35_g1.1,crane,33,0.30249426146936215,0.04133333333333333,0.04133333333333333,0.25833333333333336,0.0
w_a1.55_b0.35_g1.1,crane,34,0.3049634276754793,0.037333333333333336,0.037333333333333336,0.23333333333333334,0.0
w_a1.55_b0.35_g1.1,crane,35,0.3017806190848015,0.03866666666666667,0.03866666666666667,0.24166666666666667,0.0
w_a1.55_b0.35_g1.1,crane,36,0.2996745141131842,0.03816666666666667,0.03883333333333334,0.24166666666666667,0.0
w_a1.55_b0.35_g1.1,crane,37,0.2911220669848164,0.04666666666666666,0.04666666666666666,0.2916666666666667,0.0
w_a1.55_b0.35_g1.1,crane,38,0.31085712273141675,0.037333333333333336,0.037333333333333336,0.23333333333333334,0.0
w_a1.55_b0.35_g1.1,crane,39,0.2838660405869077,0.048,0.048,0.3,0.0
w_a1.55_b0.35_g1.1,substation,0,0.3125485740930383,0.036000000000000004,0.036000000000000004,0.225,0.0
w_a1.55_b0.35_g1.1,substation,1,0.3098925266738386,0.032,0.032,0.2,0.0
w_a1.55_b0.35_g1.1,substation,2,0.303510318270348,0.03866666666666667,0.03866666666666667,0.24166666666666667,0.0
w_a1.55_b0.35_g1.1,substation,3,0.29919377324879703,0.04533333333333333,0.04533333333333333,0.2833333333333333,0.0
w_a1.55_b0.35_g1.1,substation,4,0.30807162211132455,0.03333333333333333,0.03333333333333333,0.20833333333333334,0.0
w_a1.55_b0.35_g1.1,substation,5,0.30286035644713016,0.042666666666666665,0.042666666666666665,0.26666666666666666,0.0
w_a1.55_b0.35_g1.1,substation,6,0.30750085381667314,0.034666666666666665,0.034666666666666665,0.21666666666666667,0.0
w_a1.55_b0.35_g1.1,substation,7,0.3032585722350321,0.03866666666666667,0.03866666666666667,0.24166666666666667,0.0
w_a1.55_b0.35_g1.1,substation,8,0.30539639708250144,0.04,0.04,0.25,0.0
w_a1.55_b0.35_g1.1,substation,9,0.30645731052531827,0.04133333333333334,0.04133333333333334,0.25833333333333336,0.0
w_a1.55_b0.35_g1.1,substation,10,0.30235054732897015,0.037333333333333336,0.037333333333333336,0.23333333333333334,0.0
w_a1.55_b0.35_g1.1,substation,11,0.29960511632877657,0.044000000000000004,0.044000000000000004,0.275,0.0
w_a1.55_b0.35_g1.1,substation,12,0.3067649564790417,0.04133333333333334,0.04133333333333334,0.25833333333333336,0.0
w_a1.55_b0.35_g1.1,substation,13,0.3103494145698285,0.04,0.04,0.25,0.0
w_a1.55_b0.35_g1.1,substation,14,0.305093955268726,0.036000000000000004,0.036000000000000004,0.225,0.0
w_a1.55_b0.35_g1.1,substation,15,0.3045561461655648,0.037333333333333336,0.037333333333333336,0.23333333333333334,0.0
w_a1.55_b0.35_g1.1,substation,16,0.30013678776081687,0.04133333333333333,0.04133333333333333,0.25833333333333336,0.0
w_a1.55_b0.35_g1.1,substation,17,0.30460196699419945,0.04133333333333334,0.04133333333333334,0.25833333333333336,0.0
w_a1.55_b0.35_g1.1,substation,18,0.30082745471818917,0.04666666666666666,0.04666666666666666,0.2916666666666667,0.0
w_a1.55_b0.35_g1.1,substation,19,0.3054665190959257,0.04133333333333333,0.04133333333333333,0.25833333333333336,0.0
w_a1.55_b0.35_g1.1,substation,20,0.3053511495960046,0.04,0.04,0.25,0.0
w_a1.55_b0.35_g1.1,substation,21,0.30282632048680885,0.044000000000000004,0.044000000000000004,0.275,0.0
w_a1.55_b0.35_g1.1,substation,22,0.30739362135944337,0.0355,0.036166666666666666,0.225,0.0
w_a1.55_b0.35_g1.1,substation,23,0.3046622214282758,0.04,0.04,0.25,0.0
w_a1.55_b0.35_g1.1,substation,24,0.2981301807128685,0.044000000000000004,0.044000000000000004,0.275,0.0
w_a1.55_b0.35_g1.1,substation,25,0.302538228254336,0.03866666666666667,0.03866666666666667,0.24166666666666667,0.0
w_a1.55_b0.35_g1.1,substation,26,0.3067399287217483,0.03866666666666667,0.03866666666666667,0.24166666666666667,0.0
w_a1.55_b0.35_g1.1,substation,27,0.31222789739098217,0.03866666666666666,0.03866666666666666,0.24166666666666667,0.0
w_a1.55_b0.35_g1.1,substation,28,0.29430428263700104,0.04533333333333333,0.04533333333333333,0.2833333333333333,0.0
w_a1.55_b0.35_g1.1,substation,29,0.3008287212654313,0.04,0.04,0.25,0.0
w_a1.55_b0.35_g1.1,substation,30,0.30927328585673375,0.04,0.04,0.25,0.0
w_a1.55_b0.35_g1.1,substation,31,0.3136241024399285,0.034666666666666665,0.034666666666666665,0.21666666666666667,0.0
w_a1.55_b0.35_g1.1,substation,32,0.30802935707799095,0.04133333333333334,0.04133333333333334,0.25833333333333336,0.0
w_a1.55_b0.35_g1.1,substation,33,0.305493054872705,0.04,0.04,0.25,0.0
w_a1.55_b0.35_g1.1,substation,34,0.30267228215784325,0.04133333333333333,0.04133333333333333,0.25833333333333336,0.0
w_a1.55_b0.35_g1.1,substation,35,0.3031250105126959,0.04000000000000001,0.04000000000000001,0.25,0.0
w_a1.55_b0.35_g1.1,substation,36,0.3058549913236058,0.044,0.044,0.275,0.0
w_a1.55_b0.35_g1.1,substation,37,0.30078560867173554,0.04266666666666667,0.04266666666666667,0.26666666666666666,0.0
w_a1.55_b0.35_g1.1,substation,38,0.3036889777259089,0.037333333333333336,0.037333333333333336,0.23333333333333334,0.0
w_a1.55_b0.35_g1.1,substation,39,0.3056513851692931,0.037333333333333336,0.037333333333333336,0.23333333333333334,0.0
w_a1.55_b0.35_g1.1,mining,0,0.2956854825867835,0.04133333333333333,0.04133333333333333,0.25833333333333336,0.0
w_a1.55_b0.35_g1.1,mining,1,0.2973582020689613,0.04,0.04,0.25,0.0
w_a1.55_b0.35_g1.1,mining,2,0.3030376816188822,0.03866666666666667,0.03866666666666667,0.24166666666666667,0.0
w_a1.55_b0.35_g1.1,mining,3,0.29693895184608526,0.03866666666666667,0.03866666666666667,0.24166666666666667,0.0
w_a1.55_b0.35_g1.1,mining,4,0.3043812836399319,0.034666666666666665,0.034666666666666665,0.21666666666666667,0.0
w_a1.55_b0.35_g1.1,mining,5,0.30273863425314324,0.04,0.04,0.25,0.0
w_a1.55_b0.35_g1.1,mining,6,0.2977277000827724,0.037333333333333336,0.037333333333333336,0.23333333333333334,0.0
w_a1.55_b0.35_g1.1,mining,7,0.2972107706848324,0.042666666666666665,0.042666666666666665,0.26666666666666666,0.0
w_a1.55_b0.35_g1.1,mining,8,0.2932453836122502,0.044,0.044,0.275,0.0
w_a1.55_b0.35_g1.1,mining,9,0.29467476506376916,0.04133333333333333,0.04133333333333333,0.25833333333333336,0.0
w_a1.55_b0.35_g1.1,mining,10,0.30027391359860417,0.036000000000000004,0.036000000000000004,0.225,0.0
w_a1.55_b0.35_g1.1,mining,11,0.2952258700773687,0.04533333333333333,0.04533333333333333,0.2833333333333333,0.0
w_a1.55_b0.35_g1.1,mining,12,0.29562723941834046,0.04533333333333333,0.04533333333333333,0.2833333333333333,0.0
w_a1.55_b0.35_g1.1,mining,13,0.30130662856328266,0.04000000000000001,0.04000000000000001,0.25,0.0
w_a1.55_b0.35_g1.1,mining,14,0.3015170192950849,0.037333333333333336,0.037333333333333336,0.23333333333333334,0.0
w_a1.55_b0.35_g1.1,mining,15,0.2966928795356882,0.04133333333333334,0.04133333333333334,0.25833333333333336,0.0
w_a1.55_b0.35_g1.1,mining,16,0.30833423152008027,0.034666666666666665,0.034666666666666665,0.21666666666666667,0.0
w_a1.55_b0.35_g1.1,mining,17,0.2998103026391717,0.04000000000000001,0.04000000000000001,0.25,0.0
w_a1.55_b0.35_g1.1,mining,18,0.2994054913771321,0.037333333333333336,0.037333333333333336,0.23333333333333334,0.0
w_a1.55_b0.35_g1.1,mining,19,0.2983867549316591,0.04133333333333334,0.04133333333333334,0.25833333333333336,0.0
w_a1.55_b0.35_g1.1,mining,20,0.3012465397777802,0.03866666666666667,0.03866666666666667,0.24166666666666667,0.0
w_a1.55_b0.35_g1.1,mining,21,0.3024653146089601,0.044000000000000004,0.044000000000000004,0.275,0.0
w_a1.55_b0.35_g1.1,mining,22,0.30365226762194236,0.036000000000000004,0.036000000000000004,0.225,0.0
w_a1.55_b0.35_g1.1,mining,23,0.2977269768132825,0.04000000000000001,0.04000000000000001,0.25,0.0
w_a1.55_b0.35_g1.1,mining,24,0.30350419626883585,0.036000000000000004,0.036000000000000004,0.225,0.0
w_a1.55_b0.35_g1.1,mining,25,0.29968176549324427,0.04133333333333334,0.04133333333333334,0.25833333333333336,0.0
w_a1.55_b0.35_g1.1,mining,26,0.292868617998374,0.0355,0.036166666666666666,0.225,0.0
w_a1.55_b0.35_g1.1,mining,27,0.29726588135674703,0.036833333333333336,0.0375,0.23333333333333334,0.0
w_a1.55_b0.35_g1.1,mining,28,0.2984157610499908,0.037333333333333336,0.037333333333333336,0.23333333333333334,0.0
w_a1.55_b0.35_g1.1,mining,29,0.29046771619862316,0.048,0.048,0.3,0.0
w_a1.55_b0.35_g1.1,mining,30,0.3021104271318009,0.042666666666666665,0.042666666666666665,0.26666666666666666,0.0
w_a1.55_b0.35_g1.1,mining,31,0.2870715666176855,0.04533333333333334,0.04533333333333334,0.2833333333333333,0.0
w_a1.55_b0.35_g1.1,mining,32,0.29708726452759404,0.04133333333333334,0.04133333333333334,0.25833333333333336,0.0
w_a1.55_b0.35_g1.1,mining,33,0.2913274432325823,0.044000000000000004,0.044000000000000004,0.275,0.0
w_a1.55_b0.35_g1.1,mining,34,0.28916928776057327,0.044,0.044,0.275,0.0
w_a1.55_b0.35_g1.1,mining,35,0.2960527797866341,0.03866666666666666,0.03866666666666666,0.24166666666666667,0.0
w_a1.55_b0.35_g1.1,mining,36,0.3010081136586132,0.03866666666666667,0.03866666666666667,0.24166666666666667,0.0
w_a1.55_b0.35_g1.1,mining,37,0.29358295852733873,0.04133333333333333,0.04133333333333333,0.25833333333333336,0.0
w_a1.55_b0.35_g1.1,mining,38,0.29054816516027415,0.04533333333333333,0.04533333333333333,0.2833333333333333,0.0
w_a1.55_b0.35_g1.1,mining,39,0.2971284346067513,0.034666666666666665,0.034666666666666665,0.21666666666666667,0.0
w_a1.55_b0.35_g1.1,oil_gas,0,0.2918813729814632,0.03866666666666666,0.03866666666666666,0.24166666666666667,0.0
w_a1.55_b0.35_g1.1,oil_gas,1,0.28957127380702663,0.04133333333333333,0.04133333333333333,0.25833333333333336,0.0
w_a1.55_b0.35_g1.1,oil_gas,2,0.2827702982990688,0.050666666666666665,0.050666666666666665,0.31666666666666665,0.0
w_a1.55_b0.35_g1.1,oil_gas,3,0.2950637256683324,0.04000000000000001,0.04000000000000001,0.25,0.0
w_a1.55_b0.35_g1.1,oil_gas,4,0.29578018629537667,0.04133333333333333,0.04133333333333333,0.25833333333333336,0.0
w_a1.55_b0.35_g1.1,oil_gas,5,0.2933914105665502,0.04133333333333334,0.04133333333333334,0.25833333333333336,0.0
w_a1.55_b0.35_g1.1,oil_gas,6,0.29576509171585913,0.03866666666666667,0.03866666666666667,0.24166666666666667,0.0
w_a1.55_b0.35_g1.1,oil_gas,7,0.30162786337012376,0.04,0.04,0.25,0.0
w_a1.55_b0.35_g1.1,oil_gas,8,0.2972588086536985,0.036000000000000004,0.036000000000000004,0.225,0.0
w_a1.55_b0.35_g1.1,oil_gas,9,0.29446967633587273,0.044000000000000004,0.044000000000000004,0.275,0.0
w_a1.55_b0.35_g1.1,oil_gas,10,0.2905358950300879,0.048,0.048,0.3,0.0
w_a1.55_b0.35_g1.1,oil_gas,11,0.30078935134232127,0.037333333333333336,0.037333333333333336,0.23333333333333334,0.0
w_a1.55_b0.35_g1.1,oil_gas,12,0.2969099571433521,0.037333333333333336,0.037333333333333336,0.23333333333333334,0.0
w_a1.55_b0.35_g1.1,oil_gas,13,0.2963216179065616,0.04133333333333333,0.04133333333333333,0.25833333333333336,0.0
w_a1.55_b0.35_g1.1,oil_gas,14,0.3003036968580963,0.037333333333333336,0.037333333333333336,0.23333333333333334,0.0
w_a1.55_b0.35_g1.1,oil_gas,15,0.30111571360411854,0.042666666666666665,0.042666666666666665,0.26666666666666666,0.0
w_a1.55_b0.35_g1.1,oil_gas,16,0.2935905020079929,0.04666666666666666,0.04666666666666666,0.2916666666666667,0.0
w_a1.55_b0.35_g1.1,oil_gas,17,0.29512194450242757,0.044,0.044,0.275,0.0
w_a1.55_b0.35_g1.1,oil_gas,18,0.2979593398174455,0.04133333333333333,0.04133333333333333,0.25833333333333336,0.0
w_a1.55_b0.35_g1.1,oil_gas,19,0.29055735839564273,0.04533333333333333,0.04533333333333333,0.2833333333333333,0.0
w_a1.55_b0.35_g1.1,oil_gas,20,0.290209533790555,0.04216666666666667,0.04283333333333334,0.26666666666666666,0.0
w_a1.55_b0.35_g1.1,oil_gas,21,0.3016672967288277,0.04133333333333333,0.04133333333333333,0.25833333333333336,0.0
w_a1.55_b0.35_g1.1,oil_gas,22,0.29248959428178295,0.04533333333333333,0.04533333333333333,0.2833333333333333,0.0
w_a1.55_b0.35_g1.1,oil_gas,23,0.28928634340811327,0.048,0.048,0.3,0.0
w_a1.55_b0.35_g1.1,oil_gas,24,0.2936118798259365,0.044,0.044,0.275,0.0
w_a1.55_b0.35_g1.1,oil_gas,25,0.2858969130756537,0.050666666666666665,0.050666666666666665,0.31666666666666665,0.0
w_a1.55_b0.35_g1.1,oil_gas,26,0.2934733427486268,0.044,0.044,0.275,0.0
w_a1.55_b0.35_g1.1,oil_gas,27,0.30053506528508717,0.04133333333333333,0.04133333333333333,0.25833333333333336,0.0
w_a1.55_b0.35_g1.1,oil_gas,28,0.28966643937200776,0.044000000000000004,0.044000000000000004,0.275,0.0
w_a1.55_b0.35_g1.1,oil_gas,29,0.29697715412886583,0.04000000000000001,0.04000000000000001,0.25,0.0
w_a1.55_b0.35_g1.1,oil_gas,30,0.30361716949930756,0.03866666666666667,0.03866666666666667,0.24166666666666667,0.0
w_a1.55_b0.35_g1.1,oil_gas,31,0.29847858639066777,0.03866666666666667,0.03866666666666667,0.24166666666666667,0.0
w_a1.55_b0.35_g1.1,oil_gas,32,0.2933277769764419,0.04133333333333333,0.04133333333333333,0.25833333333333336,0.0
w_a1.55_b0.35_g1.1,oil_gas,33,0.2946308437169316,0.048,0.048,0.3,0.0
w_a1.55_b0.35_g1.1,oil_gas,34,0.29303005682726296,0.03866666666666667,0.03866666666666667,0.24166666666666667,0.0
w_a1.55_b0.35_g1.1,oil_gas,35,0.30500300937826824,0.037333333333333336,0.037333333333333336,0.23333333333333334,0.0
w_a1.55_b0.35_g1.1,oil_gas,36,0.297340138970261,0.036000000000000004,0.036000000000000004,0.225,0.0
w_a1.55_b0.35_g1.1,oil_gas,37,0.2989749919931146,0.034666666666666665,0.034666666666666665,0.21666666666666667,0.0
w_a1.55_b0.35_g1.1,oil_gas,38,0.29890999084083597,0.04083333333333334,0.0415,0.25833333333333336,0.0
w_a1.55_b0.35_g1.1,oil_gas,39,0.2966181511307442,0.04133333333333334,0.04133333333333334,0.25833333333333336,0.0
w_a1.55_b0.35_g1.1,factory,0,0.3123660537334387,0.03333333333333333,0.03333333333333333,0.20833333333333334,0.0
w_a1.55_b0.35_g1.1,factory,1,0.3171484694885091,0.034666666666666665,0.034666666666666665,0.21666666666666667,0.0
w_a1.55_b0.35_g1.1,factory,2,0.3080440001630256,0.03866666666666667,0.03866666666666667,0.24166666666666667,0.0
w_a1.55_b0.35_g1.1,factory,3,0.3194154637891697,0.04000000000000001,0.04000000000000001,0.25,0.0
w_a1.55_b0.35_g1.1,factory,4,0.3147844542365237,0.034666666666666665,0.034666666666666665,0.21666666666666667,0.0
w_a1.55_b0.35_g1.1,factory,5,0.3116962857491276,0.04000000000000001,0.04000000000000001,0.25,0.0
w_a1.55_b0.35_g1.1,factory,6,0.31181596085871394,0.044000000000000004,0.044000000000000004,0.275,0.0
w_a1.55_b0.35_g1.1,factory,7,0.3203951597599997,0.034666666666666665,0.034666666666666665,0.21666666666666667,0.0
w_a1.55_b0.35_g1.1,factory,8,0.3150732561478925,0.037333333333333336,0.037333333333333336,0.23333333333333334,0.0
w_a1.55_b0.35_g1.1,factory,9,0.3163310762248843,0.037333333333333336,0.037333333333333336,0.23333333333333334,0.0
w_a1.55_b0.35_g1.1,factory,10,0.31790228620844635,0.037333333333333336,0.037333333333333336,0.23333333333333334,0.0
w_a1.55_b0.35_g1.1,factory,11,0.3073494365646771,0.04666666666666666,0.04666666666666666,0.2916666666666667,0.0
w_a1.55_b0.35_g1.1,factory,12,0.31925582661604607,0.037333333333333336,0.037333333333333336,0.23333333333333334,0.0
w_a1.55_b0.35_g1.1,factory,13,0.31636976964916225,0.03866666666666667,0.03866666666666667,0.24166666666666667,0.0
w_a1.55_b0.35_g1.1,factory,14,0.30670072906024437,0.04133333333333333,0.04133333333333333,0.25833333333333336,0.0
w_a1.55_b0.35_g1.1,factory,15,0.3195513414924253,0.036000000000000004,0.036000000000000004,0.225,0.0
w_a1.55_b0.35_g1.1,factory,16,0.31721574160992805,0.04,0.04,0.25,0.0
w_a1.55_b0.35_g1.1,factory,17,0.31398720342816294,0.036000000000000004,0.036000000000000004,0.225,0.0
w_a1.55_b0.35_g1.1,factory,18,0.32173003129090993,0.036000000000000004,0.036000000000000004,0.225,0.0
w_a1.55_b0.35_g1.1,factory,19,0.31553486184303536,0.037333333333333336,0.037333333333333336,0.23333333333333334,0.0
w_a1.55_b0.35_g1.1,factory,20,0.32124485220587995,0.036000000000000004,0.036000000000000004,0.225,0.0
w_a1.55_b0.35_g1.1,factory,21,0.3157123731522874,0.036000000000000004,0.036000000000000004,0.225,0.0
w_a1.55_b0.35_g1.1,factory,22,0.3089341106726593,0.04533333333333334,0.04533333333333334,0.2833333333333333,0.0
w_a1.55_b0.35_g1.1,factory,23,0.31229756760948046,0.04133333333333333,0.04133333333333333,0.25833333333333336,0.0
w_a1.55_b0.35_g1.1,factory,24,0.3142958224392497,0.037333333333333336,0.037333333333333336,0.23333333333333334,0.0
w_a1.55_b0.35_g1.1,factory,25,0.31305769031278546,0.037333333333333336,0.037333333333333336,0.23333333333333334,0.0
w_a1.55_b0.35_g1.1,factory,26,0.31491954683240536,0.04133333333333334,0.04133333333333334,0.25833333333333336,0.0
w_a1.55_b0.35_g1.1,factory,27,0.3074908700739987,0.04666666666666666,0.04666666666666666,0.2916666666666667,0.0
w_a1.55_b0.35_g1.1,factory,28,0.319290036124645,0.04000000000000001,0.04000000000000001,0.25,0.0
w_a1.55_b0.35_g1.1,factory,29,0.3074910368394575,0.044,0.044,0.275,0.0
w_a1.55_b0.35_g1.1,factory,30,0.31236767934209697,0.03866666666666667,0.03866666666666667,0.24166666666666667,0.0
w_a1.55_b0.35_g1.1,factory,31,0.3190597239901204,0.037333333333333336,0.037333333333333336,0.23333333333333334,0.0
w_a1.55_b0.35_g1.1,factory,32,0.30968111023524875,0.04000000000000001,0.04000000000000001,0.25,0.0
w_a1.55_b0.35_g1.1,factory,33,0.32182728477456723,0.032,0.032,0.2,0.0
w_a1.55_b0.35_g1.1,factory,34,0.3079693336913371,0.03866666666666666,0.03866666666666666,0.24166666666666667,0.0
w_a1.55_b0.35_g1.1,factory,35,0.31557834646933786,0.04000000000000001,0.04000000000000001,0.25,0.0
w_a1.55_b0.35_g1.1,factory,36,0.3128298652707882,0.036000000000000004,0.036000000000000004,0.225,0.0
w_a1.55_b0.35_g1.1,factory,37,0.3167259854096855,0.03066666666666667,0.03066666666666667,0.19166666666666668,0.0
w_a1.55_b0.35_g1.1,factory,38,0.3255794945040563,0.029333333333333333,0.029333333333333333,0.18333333333333332,0.0
w_a1.55_b0.35_g1.1,factory,39,0.31282845786550434,0.04000000000000001,0.04000000000000001,0.25,0.0
w_a1.55_b0.35_g1.65,forklift,0,0.326301788592511,0.018083333333333337,0.012916666666666668,0.25833333333333336,0.0
w_a1.55_b0.35_g1.65,forklift,1,0.32713910054368417,0.01575,0.011250000000000001,0.225,0.0
w_a1.55_b0.35_g1.65,forklift,2,0.32952155279259315,0.01691666666666667,0.012083333333333335,0.24166666666666667,0.0
w_a1.55_b0.35_g1.65,forklift,3,0.3289462670195916,0.015750000000000004,0.011250000000000001,0.225,0.0
w_a1.55_b0.35_g1.65,forklift,4,0.326502800326093,0.018083333333333337,0.012916666666666668,0.25833333333333336,0.0
w_a1.55_b0.35_g1.65,forklift,5,0.3210989493227918,0.017500000000000005,0.012500000000000002,0.25,0.0
w_a1.55_b0.35_g1.65,forklift,6,0.3313842509507989,0.016333333333333335,0.011666666666666667,0.23333333333333334,0.0
w_a1.55_b0.35_g1.65,forklift,7,0.32107437754769436,0.018666666666666668,0.013333333333333334,0.26666666666666666,0.0
w_a1.55_b0.35_g1.65,forklift,8,0.3257501698439524,0.01925,0.013750000000000002,0.275,0.0
w_a1.55_b0.35_g1.65,forklift,9,0.32593082295274534,0.018083333333333337,0.012916666666666668,0.25833333333333336,0.0
w_a1.55_b0.35_g1.65,forklift,10,0.3222260511995053,0.016333333333333335,0.011666666666666667,0.23333333333333334,0.0
w_a1.55_b0.35_g1.65,forklift,11,0.3205324167881324,0.014583333333333335,0.010416666666666668,0.20833333333333334,0.0
w_a1.55_b0.35_g1.65,forklift,12,0.32699755825443116,0.018083333333333333,0.012916666666666668,0.25833333333333336,0.0
w_a1.55_b0.35_g1.65,forklift,13,0.327496780778513,0.0175,0.0125,0.25,0.0
w_a1.55_b0.35_g1.65,forklift,14,0.325895268515659,0.018083333333333333,0.012916666666666668,0.25833333333333336,0.0
w_a1.55_b0.35_g1.65,forklift,15,0.32500547073757496,0.014583333333333334,0.010416666666666666,0.20833333333333334,0.0
w_a1.55_b0.35_g1.65,forklift,16,0.3291289292278933,0.01925,0.01375,0.275,0.0
w_a1.55_b0.35_g1.65,forklift,17,0.3226724110084761,0.019833333333333335,0.014166666666666668,0.2833333333333333,0.0
w_a1.55_b0.35_g1.65,forklift,18,0.32174336625956645,0.018083333333333337,0.012916666666666668,0.25833333333333336,0.0
w_a1.55_b0.35_g1.65,forklift,19,0.3227489850692299,0.021000000000000005,0.015000000000000001,0.3,0.0
w_a1.55_b0.35_g1.65,forklift,20,0.32733998960297384,0.018666666666666668,0.013333333333333334,0.26666666666666666,0.0
w_a1.55_b0.35_g1.65,forklift,21,0.33041213911726364,0.018083333333333337,0.012916666666666667,0.25833333333333336,0.0
w_a1.55_b0.35_g1.65,forklift,22,0.3294819433707275,0.016333333333333335,0.011666666666666667,0.23333333333333334,0.0
w_a1.55_b0.35_g1.65,forklift,23,0.3277264582786048,0.018083333333333337,0.012916666666666668,0.25833333333333336,0.0
w_a1.55_b0.35_g1.65,forklift,24,0.3238764471490224,0.018083333333333333,0.012916666666666667,0.25833333333333336,0.0
w_a1.55_b0.35_g1.65,forklift,25,0.32518776406966576,0.018083333333333333,0.012916666666666667,0.25833333333333336,0.0
w_a1.55_b0.35_g1.65,forklift,26,0.32608242269828813,0.014000000000000002,0.010000000000000002,0.2,0.0
w_a1.55_b0.35_g1.65,forklift,27,0.3245644482212168,0.012833333333333334,0.009166666666666667,0.18333333333333332,0.0
w_a1.55_b0.35_g1.65,forklift,28,0.3265241611005666,0.016333333333333335,0.011666666666666667,0.23333333333333334,0.0
w_a1.55_b0.35_g1.65,forklift,29,0.33007285948227977,0.01575,0.011250000000000001,0.225,0.0
w_a1.55_b0.35_g1.65,forklift,30,0.3287439539988975,0.017500000000000005,0.012500000000000002,0.25,0.0
w_a1.55_b0.35_g1.65,forklift,31,0.33242774406804354,0.018083333333333337,0.012916666666666667,0.25833333333333336,0.0
w_a1.55_b0.35_g1.65,forklift,32,0.3309378349153978,0.0175,0.0125,0.25,0.0
w_a1.55_b0.35_g1.65,forklift,33,0.32602008860004034,0.018083333333333337,0.012916666666666667,0.25833333333333336,0.0
w_a1.55_b0.35_g1.65,forklift,34,0.3241581062426695,0.018083333333333337,0.012916666666666668,0.25833333333333336,0.0
w_a1.55_b0.35_g1.65,forklift,35,0.3297145066173994,0.018666666666666668,0.013333333333333334,0.26666666666666666,0.0
w_a1.55_b0.35_g1.65,forklift,36,0.32787177740371154,0.018666666666666668,0.013333333333333334,0.26666666666666666,0.0
w_a1.55_b0.35_g1.65,forklift,37,0.3217251462559535,0.019250000000000003,0.01375,0.275,0.0
w_a1.55_b0.35_g1.65,forklift,38,0.3198722998261923,0.019833333333333335,0.014166666666666668,0.2833333333333333,0.0
w_a1.55_b0.35_g1.65,forklift,39,0.3214455964671797,0.018666666666666668,0.013333333333333334,0.26666666666666666,0.0
w_a1.55_b0.35_g1.65,crane,0,0.32235876068862784,0.014000000000000002,0.010000000000000002,0.2,0.0
w_a1.55_b0.35_g1.65,crane,1,0.31434660749538684,0.018083333333333337,0.012916666666666668,0.25833333333333336,0.0
w_a1.55_b0.35_g1.65,crane,2,0.31859343952019425,0.018666666666666668,0.013333333333333334,0.26666666666666666,0.0
w_a1.55_b0.35_g1.65,crane,3,0.32209937246796655,0.014000000000000002,0.010000000000000002,0.2,0.0
w_a1.55_b0.35_g1.65,crane,4,0.32479830446539054,0.016333333333333335,0.011666666666666667,0.23333333333333334,0.0
w_a1.55_b0.35_g1.65,crane,5,0.3168681214036988,0.01575,0.011250000000000001,0.225,0.0
w_a1.55_b0.35_g1.65,crane,6,0.3175795975331564,0.018666666666666668,0.013333333333333334,0.26666666666666666,0.0
w_a1.55_b0.35_g1.65,crane,7,0.32227200610285667,0.014583333333333335,0.010416666666666666,0.20833333333333334,0.0
w_a1.55_b0.35_g1.65,crane,8,0.32304006871445,0.018666666666666668,0.013333333333333334,0.26666666666666666,0.0
w_a1.55_b0.35_g1.65,crane,9,0.3156656627557093,0.01575,0.011250000000000001,0.225,0.0
w_a1.55_b0.35_g1.65,crane,10,0.3205896827534399,0.015166666666666669,0.010833333333333335,0.21666666666666667,0.0
w_a1.55_b0.35_g1.65,crane,11,0.3229615940639505,0.018083333333333333,0.012916666666666667,0.25833333333333336,0.0
w_a1.55_b0.35_g1.65,crane,12,0.3183833173494227,0.01691666666666667,0.012083333333333335,0.24166666666666667,0.0
w_a1.55_b0.35_g1.65,crane,13,0.3210698019822183,0.01691666666666667,0.012083333333333335,0.24166666666666667,0.0
w_a1.55_b0.35_g1.65,crane,14,0.3141727760675831,0.01983333333333333,0.014166666666666666,0.2833333333333333,0.0
w_a1.55_b0.35_g1.65,crane,15,0.31931104353770257,0.015166666666666667,0.010833333333333334,0.21666666666666667,0.0
w_a1.55_b0.35_g1.65,crane,16,0.3262403560979997,0.01691666666666667,0.012083333333333335,0.24166666666666667,0.0
w_a1.55_b0.35_g1.65,crane,17,0.32279589449642915,0.01691666666666667,0.012083333333333335,0.24166666666666667,0.0
w_a1.55_b0.35_g1.65,crane,18,0.31910162233323786,0.016333333333333335,0.011666666666666667,0.23333333333333334,0.0
w_a1.55_b0.35_g1.65,crane,19,0.3237954125377953,0.018083333333333333,0.012916666666666667,0.25833333333333336,0.0
w_a1.55_b0.35_g1.65,crane,20,0.3293588068382948,0.01575,0.011250000000000001,0.225,0.0
w_a1.55_b0.35_g1.65,crane,21,0.32296201831745996,0.014583333333333335,0.010416666666666666,0.20833333333333334,0.0
w_a1.55_b0.35_g1.65,crane,22,0.3176736803108671,0.019833333333333335,0.014166666666666668,0.2833333333333333,0.0
w_a1.55_b0.35_g1.65,crane,23,0.3233984568962432,0.017500000000000005,0.0125,0.25,0.0
w_a1.55_b0.35_g1.65,crane,24,0.3199997942128327,0.018083333333333333,0.012916666666666667,0.25833333333333336,0.0
w_a1.55_b0.35_g1.65,crane,25,0.3175697431362169,0.019250000000000003,0.013750000000000002,0.275,0.0
w_a1.55_b0.35_g1.65,crane,26,0.3174604011180412,0.018083333333333337,0.012916666666666667,0.25833333333333336,0.0
w_a1.55_b0.35_g1.65,crane,27,0.3158563565411125,0.0175,0.0125,0.25,0.0
w_a1.55_b0.35_g1.65,crane,28,0.31963335635168083,0.01691666666666667,0.012083333333333335,0.24166666666666667,0.0
w_a1.55_b0.35_g1.65,crane,29,0.3196800348226162,0.017500000000000005,0.0125,0.25,0.0
w_a1.55_b0.35_g1.65,crane,30,0.3218968660849167,0.017500000000000005,0.012500000000000002,0.25,0.0
w_a1.55_b0.35_g1.65,crane,31,0.32254033821329753,0.018083333333333337,0.012916666666666667,0.25833333333333336,0.0
w_a1.55_b0.35_g1.65,crane,32,0.3174584873143575,0.018083333333333337,0.012916666666666668,0.25833333333333336,0.0
w_a1.55_b0.35_g1.65,crane,33,0.3218692614693622,0.018083333333333333,0.012916666666666668,0.25833333333333336,0.0
w_a1.55_b0.35_g1.65,crane,34,0.32246342767547925,0.016333333333333335,0.011666666666666667,0.23333333333333334,0.0
w_a1.55_b0.35_g1.65,crane,35,0.31990561908480164,0.01691666666666667,0.012083333333333335,0.24166666666666667,0.0
w_a1.55_b0.35_g1.65,crane,36,0.3175911807798508,0.01691666666666667,0.012083333333333335,0.24166666666666667,0.0
w_a1.55_b0.35_g1.65,crane,37,0.31299706698481633,0.02041666666666667,0.014583333333333334,0.2916666666666667,0.0
w_a1.55_b0.35_g1.65,crane,38,0.3283571227314168,0.016333333333333335,0.011666666666666665,0.23333333333333334,0.0
w_a1.55_b0.35_g1.65,crane,39,0.3063660405869077,0.021000000000000005,0.015000000000000001,0.3,0.0
w_a1.55_b0.35_g1.65,substation,0,0.32942357409303824,0.01575,0.011250000000000001,0.225,0.0
w_a1.55_b0.35_g1.65,substation,1,0.3248925266738386,0.014000000000000002,0.010000000000000002,0.2,0.0
w_a1.55_b0.35_g1.65,substation,2,0.321635318270348,0.01691666666666667,0.012083333333333335,0.24166666666666667,0.0
w_a1.55_b0.35_g1.65,substation,3,0.32044377324879714,0.019833333333333335,0.014166666666666668,0.2833333333333333,0.0
w_a1.55_b0.35_g1.65,substation,4,0.32369662211132455,0.014583333333333334,0.010416666666666666,0.20833333333333334,0.0
w_a1.55_b0.35_g1.65,substation,5,0.3228603564471301,0.018666666666666668,0.013333333333333334,0.26666666666666666,0.0
w_a1.55_b0.35_g1.65,substation,6,0.3237508538166731,0.015166666666666669,0.010833333333333334,0.21666666666666667,0.0
w_a1.55_b0.35_g1.65,substation,7,0.3213835722350321,0.01691666666666667,0.012083333333333333,0.24166666666666667,0.0
w_a1.55_b0.35_g1.65,substation,8,0.32414639708250154,0.017500000000000005,0.0125,0.25,0.0
w_a1.55_b0.35_g1.65,substation,9,0.3258323105253183,0.018083333333333333,0.012916666666666667,0.25833333333333336,0.0
w_a1.55_b0.35_g1.65,substation,10,0.3198505473289701,0.016333333333333335,0.011666666666666665,0.23333333333333334,0.0
w_a1.55_b0.35_g1.65,substation,11,0.3202301163287765,0.019250000000000003,0.01375,0.275,0.0
w_a1.55_b0.35_g1.65,substation,12,0.32613995647904165,0.018083333333333333,0.012916666666666667,0.25833333333333336,0.0
w_a1.55_b0.35_g1.65,substation,13,0.3290994145698285,0.017500000000000005,0.0125,0.25,0.0
w_a1.55_b0.35_g1.65,substation,14,0.32196895526872604,0.01575,0.011250000000000001,0.225,0.0
w_a1.55_b0.35_g1.65,substation,15,0.32205614616556477,0.016333333333333335,0.011666666666666667,0.23333333333333334,0.0
w_a1.55_b0.35_g1.65,substation,16,0.31951178776081685,0.018083333333333333,0.012916666666666667,0.25833333333333336,0.0
w_a1.55_b0.35_g1.65,substation,17,0.3239769669941995,0.018083333333333337,0.012916666666666668,0.25833333333333336,0.0
w_a1.55_b0.35_g1.65,substation,18,0.3227024547181891,0.02041666666666667,0.014583333333333334,0.2916666666666667,0.0
w_a1.55_b0.35_g1.65,substation,19,0.3248415190959257,0.018083333333333337,0.012916666666666668,0.25833333333333336,0.0
w_a1.55_b0.35_g1.65,substation,20,0.3241011495960046,0.017500000000000005,0.012500000000000002,0.25,0.0
w_a1.55_b0.35_g1.65,substation,21,0.32342279365092996,0.019250000000000003,0.01375,0.275,0.0
w_a1.55_b0.35_g1.65,substation,22,0.3240602880261099,0.01575,0.011250000000000001,0.225,0.0
w_a1.55_b0.35_g1.65,substation,23,0.3234122214282758,0.017500000000000005,0.012500000000000002,0.25,0.0
w_a1.55_b0.35_g1.65,substation,24,0.31875518071286846,0.019250000000000003,0.01375,0.275,0.0
w_a1.55_b0.35_g1.65,substation,25,0.320663228254336,0.01691666666666667,0.012083333333333335,0.24166666666666667,0.0
w_a1.55_b0.35_g1.65,substation,26,0.3248649287217483,0.01691666666666667,0.012083333333333335,0.24166666666666667,0.0
w_a1.55_b0.35_g1.65,substation,27,0.33035289739098217,0.01691666666666667,0.012083333333333335,0.24166666666666667,0.0
w_a1.55_b0.35_g1.65,substation,28,0.31555428263700097,0.019833333333333335,0.014166666666666668,0.2833333333333333,0.0
w_a1.55_b0.35_g1.65,substation,29,0.3195787212654313,0.017500000000000005,0.012500000000000002,0.25,0.0
w_a1.55_b0.35_g1.65,substation,30,0.32802328585673374,0.017500000000000005,0.012500000000000002,0.25,0.0
w_a1.55_b0.35_g1.65,substation,31,0.3298741024399285,0.015166666666666669,0.010833333333333335,0.21666666666666667,0.0
w_a1.55_b0.35_g1.65,substation,32,0.327404357077991,0.018083333333333333,0.012916666666666667,0.25833333333333336,0.0
w_a1.55_b0.35_g1.65,substation,33,0.324243054872705,0.017500000000000005,0.012500000000000002,0.25,0.0
w_a1.55_b0.35_g1.65,substation,34,0.3220472821578433,0.018083333333333337,0.012916666666666667,0.25833333333333336,0.0
w_a1.55_b0.35_g1.65,substation,35,0.32187501051269585,0.0175,0.0125,0.25,0.0
w_a1.55_b0.35_g1.65,substation,36,0.3264799913236058,0.019250000000000003,0.013750000000000002,0.275,0.0
w_a1.55_b0.35_g1.65,substation,37,0.3207856086717355,0.018666666666666668,0.013333333333333334,0.26666666666666666,0.0
w_a1.55_b0.35_g1.65,substation,38,0.3211889777259089,0.016333333333333335,0.011666666666666667,0.23333333333333334,0.0
w_a1.55_b0.35_g1.65,substation,39,0.3231513851692931,0.016333333333333335,0.011666666666666665,0.23333333333333334,0.0
w_a1.55_b0.35_g1.65,mining,0,0.31506048258678354,0.018083333333333337,0.012916666666666667,0.25833333333333336,0.0
w_a1.55_b0.35_g1.65,mining,1,0.31610820206896134,0.017500000000000005,0.0125,0.25,0.0
w_a1.55_b0.35_g1.65,mining,2,0.32116268161888223,0.01691666666666667,0.012083333333333335,0.24166666666666667,0.0
w_a1.55_b0.35_g1.65,mining,3,0.3150639518460852,0.01691666666666667,0.012083333333333335,0.24166666666666667,0.0
w_a1.55_b0.35_g1.65,mining,4,0.3206312836399319,0.015166666666666669,0.010833333333333334,0.21666666666666667,0.0
w_a1.55_b0.35_g1.65,mining,5,0.3214652675286596,0.017500000000000005,0.0125,0.25,0.0
w_a1.55_b0.35_g1.65,mining,6,0.3152277000827724,0.016333333333333335,0.011666666666666667,0.23333333333333334,0.0
w_a1.55_b0.35_g1.65,mining,7,0.31718870280295497,0.018666666666666668,0.013333333333333334,0.26666666666666666,0.0
w_a1.55_b0.35_g1.65,mining,8,0.3138703836122502,0.019250000000000003,0.01375,0.275,0.0
w_a1.55_b0.35_g1.65,mining,9,0.31404976506376914,0.018083333333333333,0.012916666666666667,0.25833333333333336,0.0
w_a1.55_b0.35_g1.65,mining,10,0.3171489135986042,0.01575,0.011250000000000001,0.225,0.0
w_a1.55_b0.35_g1.65,mining,11,0.3164758700773687,0.019833333333333335,0.014166666666666668,0.2833333333333333,0.0
w_a1.55_b0.35_g1.65,mining,12,0.3168772394183404,0.019833333333333335,0.014166666666666668,0.2833333333333333,0.0
w_a1.55_b0.35_g1.65,mining,13,0.32005662856328265,0.0175,0.0125,0.25,0.0
w_a1.55_b0.35_g1.65,mining,14,0.3190170192950849,0.016333333333333335,0.011666666666666665,0.23333333333333334,0.0
w_a1.55_b0.35_g1.65,mining,15,0.3160678795356882,0.018083333333333333,0.012916666666666667,0.25833333333333336,0.0
w_a1.55_b0.35_g1.65,mining,16,0.32458423152008026,0.015166666666666669,0.010833333333333335,0.21666666666666667,0.0
w_a1.55_b0.35_g1.65,mining,17,0.31856030263917173,0.017500000000000005,0.0125,0.25,0.0
w_a1.55_b0.35_g1.65,mining,18,0.31690549137713214,0.016333333333333335,0.011666666666666667,0.23333333333333334,0.0
w_a1.55_b0.35_g1.65,mining,19,0.31776175493165904,0.018083333333333333,0.012916666666666667,0.25833333333333336,0.0
w_a1.55_b0.35_g1.65,mining,20,0.3193715397777802,0.01691666666666667,0.012083333333333335,0.24166666666666667,0.0
w_a1.55_b0.35_g1.65,mining,21,0.3230903146089601,0.019250000000000003,0.01375,0.275,0.0
w_a1.55_b0.35_g1.65,mining,22,0.3205272676219424,0.01575,0.011250000000000001,0.225,0.0
w_a1.55_b0.35_g1.65,mining,23,0.31647697681328246,0.0175,0.0125,0.25,0.0
w_a1.55_b0.35_g1.65,mining,24,0.3203791962688358,0.01575,0.011250000000000001,0.225,0.0
w_a1.55_b0.35_g1.65,mining,25,0.3190567654932443,0.018083333333333333,0.012916666666666667,0.25833333333333336,0.0
w_a1.55_b0.35_g1.65,mining,26,0.30953528466504066,0.01575,0.011250000000000001,0.225,0.0
w_a1.55_b0.35_g1.65,mining,27,0.3146653410801381,0.016333333333333335,0.011666666666666667,0.23333333333333334,0.0
w_a1.55_b0.35_g1.65,mining,28,0.3159157610499908,0.016333333333333335,0.011666666666666665,0.23333333333333334,0.0
w_a1.55_b0.35_g1.65,mining,29,0.3129480257883041,0.021000000000000005,0.015000000000000003,0.3,0.0
w_a1.55_b0.35_g1.65,mining,30,0.3221104271318009,0.018666666666666668,0.013333333333333334,0.26666666666666666,0.0
w_a1.55_b0.35_g1.65,mining,31,0.3083215666176855,0.01983333333333333,0.014166666666666668,0.2833333333333333,0.0
w_a1.55_b0.35_g1.65,mining,32,0.3164622645275941,0.018083333333333337,0.012916666666666667,0.25833333333333336,0.0
w_a1.55_b0.35_g1.65,mining,33,0.311911903616909,0.019250000000000003,0.013750000000000002,0.275,0.0
w_a1.55_b0.35_g1.65,mining,34,0.30979428776057333,0.019250000000000003,0.013750000000000002,0.275,0.0
w_a1.55_b0.35_g1.65,mining,35,0.3141777797866341,0.01691666666666667,0.012083333333333335,0.24166666666666667,0.0
w_a1.55_b0.35_g1.65,mining,36,0.3191331136586132,0.01691666666666667,0.012083333333333333,0.24166666666666667,0.0
w_a1.55_b0.35_g1.65,mining,37,0.3129579585273387,0.018083333333333337,0.012916666666666668,0.25833333333333336,0.0
w_a1.55_b0.35_g1.65,mining,38,0.31179816516027414,0.019833333333333335,0.014166666666666668,0.2833333333333333,0.0
w_a1.55_b0.35_g1.65,mining,39,0.31337843460675135,0.015166666666666667,0.010833333333333334,0.21666666666666667,0.0
w_a1.55_b0.35_g1.65,oil_gas,0,0.31000637298146316,0.01691666666666667,0.012083333333333335,0.24166666666666667,0.0
w_a1.55_b0.35_g1.65,oil_gas,1,0.3089462738070266,0.018083333333333337,0.012916666666666667,0.25833333333333336,0.0
w_a1.55_b0.35_g1.65,oil_gas,2,0.30652029829906874,0.022166666666666668,0.015833333333333335,0.31666666666666665,0.0
w_a1.55_b0.35_g1.65,oil_gas,3,0.3138137256683323,0.0175,0.0125,0.25,0.0
w_a1.55_b0.35_g1.65,oil_gas,4,0.31515518629537664,0.018083333333333337,0.012916666666666668,0.25833333333333336,0.0
w_a1.55_b0.35_g1.65,oil_gas,5,0.31276641056655025,0.018083333333333333,0.012916666666666667,0.25833333333333336,0.0
w_a1.55_b0.35_g1.65,oil_gas,6,0.3138900917158592,0.01691666666666667,0.012083333333333335,0.24166666666666667,0.0
w_a1.55_b0.35_g1.65,oil_gas,7,0.3203778633701238,0.017500000000000005,0.012500000000000002,0.25,0.0
w_a1.55_b0.35_g1.65,oil_gas,8,0.31413380865369855,0.01575,0.011250000000000001,0.225,0.0
w_a1.55_b0.35_g1.65,oil_gas,9,0.3150946763358727,0.019250000000000003,0.01375,0.275,0.0
w_a1.55_b0.35_g1.65,oil_gas,10,0.31303589503008794,0.021000000000000005,0.015000000000000001,0.3,0.0
w_a1.55_b0.35_g1.65,oil_gas,11,0.3182893513423212,0.016333333333333335,0.011666666666666667,0.23333333333333334,0.0
w_a1.55_b0.35_g1.65,oil_gas,12,0.314409957143352,0.016333333333333335,0.011666666666666667,0.23333333333333334,0.0
w_a1.55_b0.35_g1.65,oil_gas,13,0.3156966179065616,0.018083333333333337,0.012916666666666667,0.25833333333333336,0.0
w_a1.55_b0.35_g1.65,oil_gas,14,0.3178036968580963,0.016333333333333335,0.011666666666666667,0.23333333333333334,0.0
w_a1.55_b0.35_g1.65,oil_gas,15,0.3211157136041185,0.018666666666666668,0.013333333333333334,0.26666666666666666,0.0
w_a1.55_b0.35_g1.65,oil_gas,16,0.3154655020079929,0.02041666666666667,0.014583333333333334,0.2916666666666667,0.0
w_a1.55_b0.35_g1.65,oil_gas,17,0.3157469445024276,0.019250000000000003,0.013750000000000002,0.275,0.0
w_a1.55_b0.35_g1.65,oil_gas,18,0.31733433981744547,0.018083333333333337,0.012916666666666668,0.25833333333333336,0.0
w_a1.55_b0.35_g1.65,oil_gas,19,0.3118073583956427,0.019833333333333335,0.014166666666666666,0.2833333333333333,0.0
w_a1.55_b0.35_g1.65,oil_gas,20,0.31000120045722157,0.018666666666666668,0.013333333333333334,0.26666666666666666,0.0
w_a1.55_b0.35_g1.65,oil_gas,21,0.32104229672882767,0.018083333333333337,0.012916666666666667,0.25833333333333336,0.0
w_a1.55_b0.35_g1.65,oil_gas,22,0.313739594281783,0.019833333333333335,0.014166666666666668,0.2833333333333333,0.0
w_a1.55_b0.35_g1.65,oil_gas,23,0.31178634340811323,0.021000000000000005,0.015000000000000001,0.3,0.0
w_a1.55_b0.35_g1.65,oil_gas,24,0.3142368798259365,0.019250000000000003,0.013750000000000002,0.275,0.0
w_a1.55_b0.35_g1.65,oil_gas,25,0.3096143975661792,0.022166666666666668,0.01583333333333333,0.31666666666666665,0.0
w_a1.55_b0.35_g1.65,oil_gas,26,0.31409834274862686,0.019250000000000003,0.013750000000000002,0.275,0.0
w_a1.55_b0.35_g1.65,oil_gas,27,0.31991006528508714,0.018083333333333337,0.012916666666666668,0.25833333333333336,0.0
w_a1.55_b0.35_g1.65,oil_gas,28,0.3102914393720077,0.01925,0.013750000000000002,0.275,0.0
w_a1.55_b0.35_g1.65,oil_gas,29,0.3157271541288658,0.0175,0.0125,0.25,0.0
w_a1.55_b0.35_g1.65,oil_gas,30,0.3217421694993075,0.01691666666666667,0.012083333333333335,0.24166666666666667,0.0
w_a1.55_b0.35_g1.65,oil_gas,31,0.3166035863906678,0.01691666666666667,0.012083333333333335,0.24166666666666667,0.0
w_a1.55_b0.35_g1.65,oil_gas,32,0.3127027769764419,0.018083333333333337,0.012916666666666668,0.25833333333333336,0.0
w_a1.55_b0.35_g1.65,oil_gas,33,0.3171308437169316,0.021000000000000005,0.015000000000000001,0.3,0.0
w_a1.55_b0.35_g1.65,oil_gas,34,0.311155056827263,0.01691666666666667,0.012083333333333335,0.24166666666666667,0.0
w_a1.55_b0.35_g1.65,oil_gas,35,0.32250300937826826,0.016333333333333335,0.011666666666666665,0.23333333333333334,0.0
w_a1.55_b0.35_g1.65,oil_gas,36,0.31421513897026104,0.01575,0.011250000000000001,0.225,0.0
w_a1.55_b0.35_g1.65,oil_gas,37,0.31522499199311454,0.015166666666666669,0.010833333333333335,0.21666666666666667,0.0
w_a1.55_b0.35_g1.65,oil_gas,38,0.31807665750750264,0.018083333333333337,0.012916666666666667,0.25833333333333336,0.0
w_a1.55_b0.35_g1.65,oil_gas,39,0.3159931511307442,0.018083333333333333,0.012916666666666667,0.25833333333333336,0.0
w_a1.55_b0.35_g1.65,factory,0,0.3279910537334387,0.014583333333333334,0.010416666666666666,0.20833333333333334,0.0
w_a1.55_b0.35_g1.65,factory,1,0.33339846948850915,0.015166666666666669,0.010833333333333335,0.21666666666666667,0.0
w_a1.55_b0.35_g1.65,factory,2,0.3261690001630255,0.01691666666666667,0.012083333333333335,0.24166666666666667,0.0
w_a1.55_b0.35_g1.65,factory,3,0.3381654637891697,0.017500000000000005,0.0125,0.25,0.0
w_a1.55_b0.35_g1.65,factory,4,0.3310344542365237,0.015166666666666669,0.010833333333333335,0.21666666666666667,0.0
w_a1.55_b0.35_g1.65,factory,5,0.3304462857491276,0.0175,0.0125,0.25,0.0
w_a1.55_b0.35_g1.65,factory,6,0.3324409608587139,0.019250000000000003,0.01375,0.275,0.0
w_a1.55_b0.35_g1.65,factory,7,0.33664515975999976,0.015166666666666667,0.010833333333333334,0.21666666666666667,0.0
w_a1.55_b0.35_g1.65,factory,8,0.33257325614789257,0.016333333333333335,0.011666666666666665,0.23333333333333334,0.0
w_a1.55_b0.35_g1.65,factory,9,0.33383107622488434,0.016333333333333335,0.011666666666666667,0.23333333333333334,0.0
w_a1.55_b0.35_g1.65,factory,10,0.3354022862084463,0.016333333333333335,0.011666666666666665,0.23333333333333334,0.0
w_a1.55_b0.35_g1.65,factory,11,0.3292244365646771,0.02041666666666667,0.014583333333333334,0.2916666666666667,0.0
w_a1.55_b0.35_g1.65,factory,12,0.33675582661604603,0.016333333333333335,0.011666666666666665,0.23333333333333334,0.0
w_a1.55_b0.35_g1.65,factory,13,0.3344947696491623,0.01691666666666667,0.012083333333333335,0.24166666666666667,0.0
w_a1.55_b0.35_g1.65,factory,14,0.3260757290602444,0.018083333333333337,0.012916666666666668,0.25833333333333336,0.0
w_a1.55_b0.35_g1.65,factory,15,0.3364263414924253,0.01575,0.011250000000000001,0.225,0.0
w_a1.55_b0.35_g1.65,factory,16,0.33596574160992804,0.017500000000000005,0.0125,0.25,0.0
w_a1.55_b0.35_g1.65,factory,17,0.33086220342816297,0.01575,0.011250000000000001,0.225,0.0
w_a1.55_b0.35_g1.65,factory,18,0.33860503129090985,0.01575,0.011250000000000001,0.225,0.0
w_a1.55_b0.35_g1.65,factory,19,0.3330348618430354,0.016333333333333335,0.011666666666666667,0.23333333333333334,0.0
w_a1.55_b0.35_g1.65,factory,20,0.33811985220587987,0.015750000000000004,0.011250000000000001,0.225,0.0
w_a1.55_b0.35_g1.65,factory,21,0.33258737315228737,0.01575,0.011250000000000001,0.225,0.0
w_a1.55_b0.35_g1.65,factory,22,0.3301841106726594,0.019833333333333335,0.014166666666666668,0.2833333333333333,0.0
w_a1.55_b0.35_g1.65,factory,23,0.3316725676094805,0.018083333333333333,0.012916666666666667,0.25833333333333336,0.0
w_a1.55_b0.35_g1.65,factory,24,0.3317958224392497,0.016333333333333335,0.011666666666666667,0.23333333333333334,0.0
w_a1.55_b0.35_g1.65,factory,25,0.3305576903127855,0.016333333333333335,0.011666666666666665,0.23333333333333334,0.0
w_a1.55_b0.35_g1.65,factory,26,0.33429454683240534,0.018083333333333333,0.012916666666666667,0.25833333333333336,0.0
w_a1.55_b0.35_g1.65,factory,27,0.3293658700739987,0.02041666666666667,0.014583333333333334,0.2916666666666667,0.0
w_a1.55_b0.35_g1.65,factory,28,0.338040036124645,0.0175,0.0125,0.25,0.0
w_a1.55_b0.35_g1.65,factory,29,0.32811603683945745,0.019250000000000003,0.01375,0.275,0.0
w_a1.55_b0.35_g1.65,factory,30,0.3304926793420969,0.01691666666666667,0.012083333333333333,0.24166666666666667,0.0
w_a1.55_b0.35_g1.65,factory,31,0.33655972399012046,0.016333333333333335,0.011666666666666667,0.23333333333333334,0.0
w_a1.55_b0.35_g1.65,factory,32,0.3284311102352488,0.0175,0.0125,0.25,0.0
w_a1.55_b0.35_g1.65,factory,33,0.3368272847745672,0.014000000000000002,0.010000000000000002,0.2,0.0
w_a1.55_b0.35_g1.65,factory,34,0.3260943336913371,0.01691666666666667,0.012083333333333335,0.24166666666666667,0.0
w_a1.55_b0.35_g1.65,factory,35,0.33432834646933784,0.017500000000000005,0.0125,0.25,0.0
w_a1.55_b0.35_g1.65,factory,36,0.3297048652707882,0.01575,0.011250000000000001,0.225,0.0
w_a1.55_b0.35_g1.65,factory,37,0.33110098540968547,0.013416666666666669,0.009583333333333334,0.19166666666666668,0.0
w_a1.55_b0.35_g1.65,factory,38,0.33932949450405625,0.012833333333333334,0.009166666666666667,0.18333333333333332,0.0
w_a1.55_b0.35_g1.65,factory,39,0.3315784578655044,0.017500000000000005,0.0125,0.25,0.0
w_a1.55_b0.7_g0.55,forklift,0,0.3133851219258442,0.025833333333333337,0.0465,0.25833333333333336,0.0
w_a1.55_b0.7_g0.55,forklift,1,0.3158891005436842,0.022500000000000003,0.040499999999999994,0.225,0.0
w_a1.55_b0.7_g0.55,forklift,2,0.3174382194592598,0.02416666666666667,0.0435,0.24166666666666667,0.0
w_a1.55_b0.7_g0.55,forklift,3,0.31769626701959164,0.022500000000000003,0.040499999999999994,0.225,0.0
w_a1.55_b0.7_g0.55,forklift,4,0.3135861336594263,0.025833333333333337,0.0465,0.25833333333333336,0.0
w_a1.55_b0.7_g0.55,forklift,5,0.3085989493227918,0.025000000000000005,0.045,0.25,0.0
w_a1.55_b0.7_g0.55,forklift,6,0.31971758428413216,0.023333333333333334,0.042,0.23333333333333334,0.0
w_a1.55_b0.7_g0.55,forklift,7,0.30774104421436105,0.02666666666666667,0.048,0.26666666666666666,0.0
w_a1.55_b0.7_g0.55,forklift,8,0.31200016984395235,0.027500000000000004,0.049499999999999995,0.275,0.0
w_a1.55_b0.7_g0.55,forklift,9,0.3130141562860787,0.025833333333333337,0.0465,0.25833333333333336,0.0
w_a1.55_b0.7_g0.55,forklift,10,0.31055938453283866,0.023333333333333334,0.042,0.23333333333333334,0.0
w_a1.55_b0.7_g0.55,forklift,11,0.31011575012146575,0.020833333333333336,0.0375,0.20833333333333334,0.0
w_a1.55_b0.7_g0.55,forklift,12,0.3140808915877645,0.025833333333333337,0.0465,0.25833333333333336,0.0
w_a1.55_b0.7_g0.55,forklift,13,0.314996780778513,0.025,0.045000000000000005,0.25,0.0
w_a1.55_b0.7_g0.55,forklift,14,0.31297860184899223,0.025833333333333337,0.0465,0.25833333333333336,0.0
w_a1.55_b0.7_g0.55,forklift,15,0.3145888040709083,0.020833333333333332,0.0375,0.20833333333333334,0.0
w_a1.55_b0.7_g0.55,forklift,16,0.3153789292278932,0.0275,0.049499999999999995,0.275,0.0
w_a1.55_b0.7_g0.55,forklift,17,0.30850574434180944,0.028333333333333335,0.051,0.2833333333333333,0.0
w_a1.55_b0.7_g0.55,forklift,18,0.3088266995928998,0.025833333333333337,0.0465,0.25833333333333336,0.0
w_a1.55_b0.7_g0.55,forklift,19,0.3077489850692299,0.030000000000000002,0.054,0.3,0.0
w_a1.55_b0.7_g0.55,forklift,20,0.3140066562696404,0.02666666666666667,0.048,0.26666666666666666,0.0
w_a1.55_b0.7_g0.55,forklift,21,0.317495472450597,0.025833333333333333,0.0465,0.25833333333333336,0.0
w_a1.55_b0.7_g0.55,forklift,22,0.3178152767040609,0.023333333333333334,0.042,0.23333333333333334,0.0
w_a1.55_b0.7_g0.55,forklift,23,0.3148097916119382,0.025833333333333337,0.0465,0.25833333333333336,0.0
w_a1.55_b0.7_g0.55,forklift,24,0.3109597804823557,0.025833333333333333,0.0465,0.25833333333333336,0.0
w_a1.55_b0.7_g0.55,forklift,25,0.31227109740299913,0.025833333333333333,0.0465,0.25833333333333336,0.0
w_a1.55_b0.7_g0.55,forklift,26,0.31608242269828807,0.020000000000000004,0.036000000000000004,0.2,0.0
w_a1.55_b0.7_g0.55,forklift,27,0.31539778155455,0.018333333333333333,0.033,0.18333333333333332,0.0
w_a1.55_b0.7_g0.55,forklift,28,0.3148574944338999,0.023333333333333334,0.042,0.23333333333333334,0.0
w_a1.55_b0.7_g0.55,forklift,29,0.3188228594822798,0.022500000000000003,0.040499999999999994,0.225,0.0
w_a1.55_b0.7_g0.55,forklift,30,0.3162439539988975,0.025000000000000005,0.045,0.25,0.0
w_a1.55_b0.7_g0.55,forklift,31,0.31951107740137685,0.025833333333333333,0.0465,0.25833333333333336,0.0
w_a1.55_b0.7_g0.55,forklift,32,0.3184378349153978,0.025,0.045000000000000005,0.25,0.0
w_a1.55_b0.7_g0.55,forklift,33,0.3131034219333737,0.025833333333333333,0.0465,0.25833333333333336,0.0
w_a1.55_b0.7_g0.55,forklift,34,0.3112414395760028,0.025833333333333337,0.0465,0.25833333333333336,0.0
w_a1.55_b0.7_g0.55,forklift,35,0.31638117328406595,0.02666666666666667,0.048,0.26666666666666666,0.0
w_a1.55_b0.7_g0.55,forklift,36,0.3145384440703782,0.02666666666666667,0.048,0.26666666666666666,0.0
w_a1.55_b0.7_g0.55,forklift,37,0.30797514625595357,0.0275,0.049499999999999995,0.275,0.0
w_a1.55_b0.7_g0.55,forklift,38,0.3057056331595256,0.028333333333333335,0.051,0.2833333333333333,0.0
w_a1.55_b0.7_g0.55,forklift,39,0.30811226313384643,0.02666666666666667,0.048,0.26666666666666666,0.0
w_a1.55_b0.7_g0.55,crane,0,0.3123587606886279,0.020000000000000004,0.036,0.2,0.0
w_a1.55_b0.7_g0.55,crane,1,0.30142994082872016,0.025833333333333337,0.0465,0.25833333333333336,0.0
w_a1.55_b0.7_g0.55,crane,2,0.3052601061868609,0.02666666666666667,0.048,0.26666666666666666,0.0
w_a1.55_b0.7_g0.55,crane,3,0.31209937246796654,0.020000000000000004,0.036000000000000004,0.2,0.0
w_a1.55_b0.7_g0.55,crane,4,0.31313163779872394,0.023333333333333334,0.042,0.23333333333333334,0.0
w_a1.55_b0.7_g0.55,crane,5,0.30561812140369876,0.022500000000000003,0.0405,0.225,0.0
w_a1.55_b0.7_g0.55,crane,6,0.3042462641998231,0.02666666666666667,0.048,0.26666666666666666,0.0
w_a1.55_b0.7_g0.55,crane,7,0.31185533943619,0.020833333333333332,0.0375,0.20833333333333334,0.0
w_a1.55_b0.7_g0.55,crane,8,0.30970673538111665,0.02666666666666667,0.048,0.26666666666666666,0.0
w_a1.55_b0.7_g0.55,crane,9,0.30441566275570925,0.022500000000000003,0.040499999999999994,0.225,0.0
w_a1.55_b0.7_g0.55,crane,10,0.3097563494201066,0.02166666666666667,0.039,0.21666666666666667,0.0
w_a1.55_b0.7_g0.55,crane,11,0.3100449273972838,0.025833333333333333,0.0465,0.25833333333333336,0.0
w_a1.55_b0.7_g0.55,crane,12,0.3062999840160893,0.02416666666666667,0.043500000000000004,0.24166666666666667,0.0
w_a1.55_b0.7_g0.55,crane,13,0.30898646864888496,0.02416666666666667,0.043500000000000004,0.24166666666666667,0.0
w_a1.55_b0.7_g0.55,crane,14,0.30000610940091643,0.028333333333333332,0.051000000000000004,0.2833333333333333,0.0
w_a1.55_b0.7_g0.55,crane,15,0.30847771020436926,0.021666666666666667,0.039,0.21666666666666667,0.0
w_a1.55_b0.7_g0.55,crane,16,0.31415702276466634,0.02416666666666667,0.0435,0.24166666666666667,0.0
w_a1.55_b0.7_g0.55,crane,17,0.3106796083244793,0.02416666666666667,0.0435,0.24166666666666667,0.0
w_a1.55_b0.7_g0.55,crane,18,0.3074349556665712,0.023333333333333334,0.042,0.23333333333333334,0.0
w_a1.55_b0.7_g0.55,crane,19,0.3108787458711287,0.025833333333333333,0.0465,0.25833333333333336,0.0
w_a1.55_b0.7_g0.55,crane,20,0.3181088068382948,0.022500000000000003,0.040499999999999994,0.225,0.0
w_a1.55_b0.7_g0.55,crane,21,0.3125453516507933,0.020833333333333332,0.0375,0.20833333333333334,0.0
w_a1.55_b0.7_g0.55,crane,22,0.3035070136442004,0.028333333333333335,0.051,0.2833333333333333,0.0
w_a1.55_b0.7_g0.55,crane,23,0.3108984568962431,0.025,0.045,0.25,0.0
w_a1.55_b0.7_g0.55,crane,24,0.30708312754616607,0.025833333333333333,0.0465,0.25833333333333336,0.0
w_a1.55_b0.7_g0.55,crane,25,0.3038197431362169,0.027500000000000004,0.049499999999999995,0.275,0.0
w_a1.55_b0.7_g0.55,crane,26,0.30454373445137445,0.025833333333333333,0.04649999999999999,0.25833333333333336,0.0
w_a1.55_b0.7_g0.55,crane,27,0.3033563565411124,0.025,0.045000000000000005,0.25,0.0
w_a1.55_b0.7_g0.55,crane,28,0.30755002301834744,0.02416666666666667,0.0435,0.24166666666666667,0.0
w_a1.55_b0.7_g0.55,crane,29,0.3071800348226162,0.025,0.045000000000000005,0.25,0.0
w_a1.55_b0.7_g0.55,crane,30,0.3093968660849168,0.025000000000000005,0.045,0.25,0.0
w_a1.55_b0.7_g0.55,crane,31,0.3096236715466309,0.025833333333333333,0.0465,0.25833333333333336,0.0
w_a1.55_b0.7_g0.55,crane,32,0.30454182064769086,0.025833333333333337,0.0465,0.25833333333333336,0.0
w_a1.55_b0.7_g0.55,crane,33,0.30895259480269555,0.025833333333333337,0.0465,0.25833333333333336,0.0
w_a1.55_b0.7_g0.55,crane,34,0.31079676100881254,0.023333333333333334,0.042,0.23333333333333334,0.0
w_a1.55_b0.7_g0.55,crane,35,0.30782228575146825,0.02416666666666667,0.043500000000000004,0.24166666666666667,0.0
w_a1.55_b0.7_g0.55,crane,36,0.30550784744651754,0.02416666666666667,0.0435,0.24166666666666667,0.0
w_a1.55_b0.7_g0.55,crane,37,0.298413733651483,0.029166666666666667,0.0525,0.2916666666666667,0.0
w_a1.55_b0.7_g0.55,crane,38,0.3166904560647501,0.02333333333333333,0.042,0.23333333333333334,0.0
w_a1.55_b0.7_g0.55,crane,39,0.29136604058690774,0.030000000000000002,0.054,0.3,0.0
w_a1.55_b0.7_g0.55,substation,0,0.3181735740930383,0.022500000000000003,0.0405,0.225,0.0
w_a1.55_b0.7_g0.55,substation,1,0.31489252667383855,0.020000000000000004,0.036000000000000004,0.2,0.0
w_a1.55_b0.7_g0.55,substation,2,0.3095519849370147,0.02416666666666667,0.043500000000000004,0.24166666666666667,0.0
w_a1.55_b0.7_g0.55,substation,3,0.30627710658213037,0.028333333333333335,0.051,0.2833333333333333,0.0
w_a1.55_b0.7_g0.55,substation,4,0.3132799554446579,0.020833333333333332,0.0375,0.20833333333333334,0.0
w_a1.55_b0.7_g0.55,substation,5,0.3095270231137968,0.02666666666666667,0.048,0.26666666666666666,0.0
w_a1.55_b0.7_g0.55,substation,6,0.31291752048333976,0.021666666666666667,0.039,0.21666666666666667,0.0
w_a1.55_b0.7_g0.55,substation,7,0.3093002389016988,0.024166666666666666,0.0435,0.24166666666666667,0.0
w_a1.55_b0.7_g0.55,substation,8,0.3116463970825015,0.025,0.045,0.25,0.0
w_a1.55_b0.7_g0.55,substation,9,0.3129156438586516,0.025833333333333333,0.0465,0.25833333333333336,0.0
w_a1.55_b0.7_g0.55,substation,10,0.3081838806623034,0.02333333333333333,0.042,0.23333333333333334,0.0
w_a1.55_b0.7_g0.55,substation,11,0.3064801163287765,0.0275,0.049499999999999995,0.275,0.0
w_a1.55_b0.7_g0.55,substation,12,0.31322328981237496,0.025833333333333333,0.0465,0.25833333333333336,0.0
w_a1.55_b0.7_g0.55,substation,13,0.3165994145698285,0.025,0.045000000000000005,0.25,0.0
w_a1.55_b0.7_g0.55,substation,14,0.31071895526872606,0.022500000000000003,0.0405,0.225,0.0
w_a1.55_b0.7_g0.55,substation,15,0.3103894794988981,0.023333333333333334,0.042,0.23333333333333334,0.0
w_a1.55_b0.7_g0.55,substation,16,0.3065951210941502,0.025833333333333333,0.0465,0.25833333333333336,0.0
w_a1.55_b0.7_g0.55,substation,17,0.31106030032753285,0.025833333333333337,0.0465,0.25833333333333336,0.0
w_a1.55_b0.7_g0.55,substation,18,0.30811912138485575,0.029166666666666667,0.0525,0.2916666666666667,0.0
w_a1.55_b0.7_g0.55,substation,19,0.311924852429259,0.025833333333333337,0.0465,0.25833333333333336,0.0
w_a1.55_b0.7_g0.55,substation,20,0.3116011495960046,0.025000000000000005,0.045,0.25,0.0
w_a1.55_b0.7_g0.55,substation,21,0.30967279365093003,0.0275,0.049499999999999995,0.275,0.0
w_a1.55_b0.7_g0.55,substation,22,0.31281028802611,0.022500000000000003,0.0405,0.225,0.0
w_a1.55_b0.7_g0.55,substation,23,0.31091222142827574,0.025000000000000005,0.045,0.25,0.0
w_a1.55_b0.7_g0.55,substation,24,0.3050051807128685,0.0275,0.049499999999999995,0.275,0.0
w_a1.55_b0.7_g0.55,substation,25,0.3085798949210027,0.02416666666666667,0.0435,0.24166666666666667,0.0
w_a1.55_b0.7_g0.55,substation,26,0.312781595388415,0.02416666666666667,0.0435,0.24166666666666667,0.0
w_a1.55_b0.7_g0.55,substation,27,0.31826956405764883,0.02416666666666667,0.0435,0.24166666666666667,0.0
w_a1.55_b0.7_g0.55,substation,28,0.30138761597033437,0.028333333333333335,0.051,0.2833333333333333,0.0
w_a1.55_b0.7_g0.55,substation,29,0.3070787212654313,0.025000000000000005,0.045,0.25,0.0
w_a1.55_b0.7_g0.55,substation,30,0.31552328585673367,0.025000000000000005,0.045,0.25,0.0
w_a1.55_b0.7_g0.55,substation,31,0.3190407691065952,0.02166666666666667,0.039,0.21666666666666667,0.0
w_a1.55_b0.7_g0.55,substation,32,0.3144876904113243,0.025833333333333333,0.0465,0.25833333333333336,0.0
w_a1.55_b0.7_g0.55,substation,33,0.31174305487270504,0.025000000000000005,0.045,0.25,0.0
w_a1.55_b0.7_g0.55,substation,34,0.30913061549117665,0.025833333333333333,0.0465,0.25833333333333336,0.0
w_a1.55_b0.7_g0.55,substation,35,0.30937501051269584,0.025,0.045000000000000005,0.25,0.0
w_a1.55_b0.7_g0.55,substation,36,0.3127299913236058,0.027500000000000004,0.049499999999999995,0.275,0.0
w_a1.55_b0.7_g0.55,substation,37,0.3074522753384022,0.02666666666666667,0.048,0.26666666666666666,0.0
w_a1.55_b0.7_g0.55,substation,38,0.30952231105924227,0.023333333333333334,0.042,0.23333333333333334,0.0
w_a1.55_b0.7_g0.55,substation,39,0.31148471850262643,0.02333333333333333,0.042,0.23333333333333334,0.0
w_a1.55_b0.7_g0.55,mining,0,0.3021438159201169,0.025833333333333333,0.04649999999999999,0.25833333333333336,0.0
w_a1.55_b0.7_g0.55,mining,1,0.3036082020689613,0.025,0.045,0.25,0.0
w_a1.55_b0.7_g0.55,mining,2,0.30907934828554884,0.02416666666666667,0.0435,0.24166666666666667,0.0
w_a1.55_b0.7_g0.55,mining,3,0.3029806185127519,0.02416666666666667,0.043500000000000004,0.24166666666666667,0.0
w_a1.55_b0.7_g0.55,mining,4,0.3097979503065985,0.021666666666666667,0.039,0.21666666666666667,0.0
w_a1.55_b0.7_g0.55,mining,5,0.3089652675286596,0.025,0.045,0.25,0.0
w_a1.55_b0.7_g0.55,mining,6,0.30356103341610574,0.023333333333333334,0.042,0.23333333333333334,0.0
w_a1.55_b0.7_g0.55,mining,7,0.30385536946962166,0.02666666666666667,0.048,0.26666666666666666,0.0
w_a1.55_b0.7_g0.55,mining,8,0.3001203836122502,0.0275,0.049499999999999995,0.275,0.0
w_a1.55_b0.7_g0.55,mining,9,0.30113309839710245,0.025833333333333333,0.0465,0.25833333333333336,0.0
w_a1.55_b0.7_g0.55,mining,10,0.3058989135986041,0.022500000000000003,0.040499999999999994,0.225,0.0
w_a1.55_b0.7_g0.55,mining,11,0.30230920341070205,0.028333333333333335,0.051,0.2833333333333333,0.0
w_a1.55_b0.7_g0.55,mining,12,0.30271057275167373,0.028333333333333335,0.051,0.2833333333333333,0.0
w_a1.55_b0.7_g0.55,mining,13,0.30755662856328264,0.025,0.045000000000000005,0.25,0.0
w_a1.55_b0.7_g0.55,mining,14,0.30735035262841826,0.02333333333333333,0.041999999999999996,0.23333333333333334,0.0
w_a1.55_b0.7_g0.55,mining,15,0.3031512128690215,0.025833333333333333,0.0465,0.25833333333333336,0.0
w_a1.55_b0.7_g0.55,mining,16,0.31375089818674695,0.02166666666666667,0.039,0.21666666666666667,0.0
w_a1.55_b0.7_g0.55,mining,17,0.30606030263917167,0.025,0.045,0.25,0.0
w_a1.55_b0.7_g0.55,mining,18,0.30523882471046543,0.023333333333333334,0.042,0.23333333333333334,0.0
w_a1.55_b0.7_g0.55,mining,19,0.30484508826499235,0.025833333333333333,0.0465,0.25833333333333336,0.0
w_a1.55_b0.7_g0.55,mining,20,0.3072882064444469,0.02416666666666667,0.043500000000000004,0.24166666666666667,0.0
w_a1.55_b0.7_g0.55,mining,21,0.3093403146089601,0.0275,0.049499999999999995,0.275,0.0
w_a1.55_b0.7_g0.55,mining,22,0.30927726762194235,0.022500000000000003,0.040499999999999994,0.225,0.0
w_a1.55_b0.7_g0.55,mining,23,0.30397697681328245,0.025,0.045000000000000005,0.25,0.0
w_a1.55_b0.7_g0.55,mining,24,0.3091291962688358,0.022500000000000003,0.0405,0.225,0.0
w_a1.55_b0.7_g0.55,mining,25,0.3061400988265776,0.025833333333333333,0.0465,0.25833333333333336,0.0
w_a1.55_b0.7_g0.55,mining,26,0.29828528466504073,0.022500000000000003,0.0405,0.225,0.0
w_a1.55_b0.7_g0.55,mining,27,0.302890881356747,0.023333333333333334,0.042,0.23333333333333334,0.0
w_a1.55_b0.7_g0.55,mining,28,0.3042490943833241,0.02333333333333333,0.042,0.23333333333333334,0.0
w_a1.55_b0.7_g0.55,mining,29,0.2979480257883041,0.030000000000000006,0.054,0.3,0.0
w_a1.55_b0.7_g0.55,mining,30,0.3087770937984676,0.02666666666666667,0.048,0.26666666666666666,0.0
w_a1.55_b0.7_g0.55,mining,31,0.2941548999510189,0.028333333333333335,0.051,0.2833333333333333,0.0
w_a1.55_b0.7_g0.55,mining,32,0.30354559786092744,0.025833333333333333,0.04649999999999999,0.25833333333333336,0.0
w_a1.55_b0.7_g0.55,mining,33,0.298161903616909,0.027500000000000004,0.049499999999999995,0.275,0.0
w_a1.55_b0.7_g0.55,mining,34,0.2960442877605733,0.027500000000000004,0.049499999999999995,0.275,0.0
w_a1.55_b0.7_g0.55,mining,35,0.3020944464533007,0.02416666666666667,0.0435,0.24166666666666667,0.0
w_a1.55_b0.7_g0.55,mining,36,0.3070497803252799,0.024166666666666666,0.0435,0.24166666666666667,0.0
w_a1.55_b0.7_g0.55,mining,37,0.3000412918606721,0.025833333333333337,0.0465,0.25833333333333336,0.0
w_a1.55_b0.7_g0.55,mining,38,0.2976314984936074,0.028333333333333335,0.051,0.2833333333333333,0.0
w_a1.55_b0.7_g0.55,mining,39,0.302545101273418,0.021666666666666667,0.039,0.21666666666666667,0.0
w_a1.55_b0.7_g0.55,oil_gas,0,0.2979230396481299,0.02416666666666667,0.0435,0.24166666666666667,0.0
w_a1.55_b0.7_g0.55,oil_gas,1,0.29602960714036,0.025833333333333333,0.0465,0.25833333333333336,0.0
w_a1.55_b0.7_g0.55,oil_gas,2,0.29068696496573543,0.03166666666666667,0.057,0.31666666666666665,0.0
w_a1.55_b0.7_g0.55,oil_gas,3,0.30131372566833237,0.025,0.045000000000000005,0.25,0.0
w_a1.55_b0.7_g0.55,oil_gas,4,0.30223851962870996,0.025833333333333337,0.0465,0.25833333333333336,0.0
w_a1.55_b0.7_g0.55,oil_gas,5,0.29984974389988356,0.025833333333333333,0.0465,0.25833333333333336,0.0
w_a1.55_b0.7_g0.55,oil_gas,6,0.3018067583825258,0.02416666666666667,0.0435,0.24166666666666667,0.0
w_a1.55_b0.7_g0.55,oil_gas,7,0.30787786337012374,0.025000000000000005,0.045,0.25,0.0
w_a1.55_b0.7_g0.55,oil_gas,8,0.30288380865369846,0.022500000000000003,0.040499999999999994,0.225,0.0
w_a1.55_b0.7_g0.55,oil_gas,9,0.3013446763358727,0.0275,0.049499999999999995,0.275,0.0
w_a1.55_b0.7_g0.55,oil_gas,10,0.298035895030088,0.030000000000000002,0.054,0.3,0.0
w_a1.55_b0.7_g0.55,oil_gas,11,0.30662268467565457,0.023333333333333334,0.041999999999999996,0.23333333333333334,0.0
w_a1.55_b0.7_g0.55,oil_gas,12,0.3027432904766853,0.023333333333333334,0.042,0.23333333333333334,0.0
w_a1.55_b0.7_g0.55,oil_gas,13,0.302779951239895,0.025833333333333333,0.0465,0.25833333333333336,0.0
w_a1.55_b0.7_g0.55,oil_gas,14,0.3061370301914297,0.023333333333333334,0.042,0.23333333333333334,0.0
w_a1.55_b0.7_g0.55,oil_gas,15,0.3077823802707852,0.02666666666666667,0.048,0.26666666666666666,0.0
w_a1.55_b0.7_g0.55,oil_gas,16,0.30088216867465956,0.029166666666666667,0.0525,0.2916666666666667,0.0
w_a1.55_b0.7_g0.55,oil_gas,17,0.3019969445024276,0.027500000000000004,0.049499999999999995,0.275,0.0
w_a1.55_b0.7_g0.55,oil_gas,18,0.30441767315077883,0.025833333333333337,0.0465,0.25833333333333336,0.0
w_a1.55_b0.7_g0.55,oil_gas,19,0.297640691728976,0.028333333333333332,0.051000000000000004,0.2833333333333333,0.0
w_a1.55_b0.7_g0.55,oil_gas,20,0.29666786712388826,0.02666666666666667,0.048,0.26666666666666666,0.0
w_a1.55_b0.7_g0.55,oil_gas,21,0.30812563006216104,0.025833333333333333,0.0465,0.25833333333333336,0.0
w_a1.55_b0.7_g0.55,oil_gas,22,0.29957292761511634,0.028333333333333335,0.051,0.2833333333333333,0.0
w_a1.55_b0.7_g0.55,oil_gas,23,0.2967863434081133,0.030000000000000002,0.054,0.3,0.0
w_a1.55_b0.7_g0.55,oil_gas,24,0.3004868798259365,0.027500000000000004,0.049499999999999995,0.275,0.0
w_a1.55_b0.7_g0.55,oil_gas,25,0.2937810642328458,0.03166666666666666,0.057,0.31666666666666665,0.0
w_a1.55_b0.7_g0.55,oil_gas,26,0.3003483427486268,0.027500000000000004,0.049499999999999995,0.275,0.0
w_a1.55_b0.7_g0.55,oil_gas,27,0.30699339861842045,0.025833333333333337,0.0465,0.25833333333333336,0.0
w_a1.55_b0.7_g0.55,oil_gas,28,0.2965414393720077,0.027500000000000004,0.049499999999999995,0.275,0.0
w_a1.55_b0.7_g0.55,oil_gas,29,0.30322715412886575,0.025,0.045000000000000005,0.25,0.0
w_a1.55_b0.7_g0.55,oil_gas,30,0.30965883616597417,0.02416666666666667,0.043500000000000004,0.24166666666666667,0.0
w_a1.55_b0.7_g0.55,oil_gas,31,0.3045202530573344,0.02416666666666667,0.0435,0.24166666666666667,0.0
w_a1.55_b0.7_g0.55,oil_gas,32,0.29978611030977526,0.025833333333333337,0.0465,0.25833333333333336,0.0
w_a1.55_b0.7_g0.55,oil_gas,33,0.3021308437169316,0.030000000000000002,0.054,0.3,0.0
w_a1.55_b0.7_g0.55,oil_gas,34,0.29907172349392963,0.02416666666666667,0.0435,0.24166666666666667,0.0
w_a1.55_b0.7_g0.55,oil_gas,35,0.3108363427116016,0.02333333333333333,0.041999999999999996,0.23333333333333334,0.0
w_a1.55_b0.7_g0.55,oil_gas,36,0.30296513897026106,0.022500000000000003,0.040499999999999994,0.225,0.0
w_a1.55_b0.7_g0.55,oil_gas,37,0.3043916586597812,0.02166666666666667,0.039,0.21666666666666667,0.0
w_a1.55_b0.7_g0.55,oil_gas,38,0.30515999084083595,0.025833333333333333,0.0465,0.25833333333333336,0.0
w_a1.55_b0.7_g0.55,oil_gas,39,0.30307648446407753,0.025833333333333333,0.0465,0.25833333333333336,0.0
w_a1.55_b0.7_g0.55,factory,0,0.31757438706677193,0.020833333333333332,0.0375,0.20833333333333334,0.0
w_a1.55_b0.7_g0.55,factory,1,0.32256513615517585,0.02166666666666667,0.039,0.21666666666666667,0.0
w_a1.55_b0.7_g0.55,factory,2,0.3140856668296922,0.02416666666666667,0.043500000000000004,0.24166666666666667,0.0
w_a1.55_b0.7_g0.55,factory,3,0.3256654637891697,0.025,0.045,0.25,0.0
w_a1.55_b0.7_g0.55,factory,4,0.3202011209031904,0.02166666666666667,0.039,0.21666666666666667,0.0
w_a1.55_b0.7_g0.55,factory,5,0.3179462857491276,0.025,0.045000000000000005,0.25,0.0
w_a1.55_b0.7_g0.55,factory,6,0.31869096085871385,0.0275,0.049499999999999995,0.275,0.0
w_a1.55_b0.7_g0.55,factory,7,0.32581182642666645,0.021666666666666667,0.039,0.21666666666666667,0.0
w_a1.55_b0.7_g0.55,factory,8,0.32090658948122586,0.02333333333333333,0.041999999999999996,0.23333333333333334,0.0
w_a1.55_b0.7_g0.55,factory,9,0.3221644095582176,0.023333333333333334,0.042,0.23333333333333334,0.0
w_a1.55_b0.7_g0.55,factory,10,0.3237356195417797,0.02333333333333333,0.042,0.23333333333333334,0.0
w_a1.55_b0.7_g0.55,factory,11,0.31464110323134376,0.029166666666666667,0.05249999999999999,0.2916666666666667,0.0
w_a1.55_b0.7_g0.55,factory,12,0.3250891599493793,0.02333333333333333,0.042,0.23333333333333334,0.0
w_a1.55_b0.7_g0.55,factory,13,0.3224114363158289,0.02416666666666667,0.0435,0.24166666666666667,0.0
w_a1.55_b0.7_g0.55,factory,14,0.31315906239357777,0.025833333333333337,0.0465,0.25833333333333336,0.0
w_a1.55_b0.7_g0.55,factory,15,0.3251763414924253,0.022500000000000003,0.040499999999999994,0.225,0.0
w_a1.55_b0.7_g0.55,factory,16,0.323465741609928,0.025,0.045,0.25,0.0
w_a1.55_b0.7_g0.55,factory,17,0.3196122034281629,0.022500000000000003,0.040499999999999994,0.225,0.0
w_a1.55_b0.7_g0.55,factory,18,0.3273550312909099,0.022500000000000003,0.0405,0.225,0.0
w_a1.55_b0.7_g0.55,factory,19,0.3213681951763687,0.023333333333333334,0.042,0.23333333333333334,0.0
w_a1.55_b0.7_g0.55,factory,20,0.32686985220587983,0.022500000000000003,0.040499999999999994,0.225,0.0
w_a1.55_b0.7_g0.55,factory,21,0.32133737315228744,0.022500000000000003,0.0405,0.225,0.0
w_a1.55_b0.7_g0.55,factory,22,0.3160174440059927,0.028333333333333335,0.051,0.2833333333333333,0.0
w_a1.55_b0.7_g0.55,factory,23,0.3187559009428138,0.025833333333333333,0.0465,0.25833333333333336,0.0
w_a1.55_b0.7_g0.55,factory,24,0.320129155772583,0.023333333333333334,0.042,0.23333333333333334,0.0
w_a1.55_b0.7_g0.55,factory,25,0.3188910236461188,0.02333333333333333,0.042,0.23333333333333334,0.0
w_a1.55_b0.7_g0.55,factory,26,0.32137788016573865,0.025833333333333333,0.0465,0.25833333333333336,0.0
w_a1.55_b0.7_g0.55,factory,27,0.31478253674066536,0.029166666666666667,0.05249999999999999,0.2916666666666667,0.0
w_a1.55_b0.7_g0.55,factory,28,0.325540036124645,0.025,0.045000000000000005,0.25,0.0
w_a1.55_b0.7_g0.55,factory,29,0.3143660368394574,0.0275,0.049499999999999995,0.275,0.0
w_a1.55_b0.7_g0.55,factory,30,0.3184093460087636,0.024166666666666666,0.0435,0.24166666666666667,0.0
w_a1.55_b0.7_g0.55,factory,31,0.32489305732345375,0.023333333333333334,0.042,0.23333333333333334,0.0
w_a1.55_b0.7_g0.55,factory,32,0.3159311102352487,0.025,0.045000000000000005,0.25,0.0
w_a1.55_b0.7_g0.55,factory,33,0.3268272847745672,0.020000000000000004,0.036000000000000004,0.2,0.0
w_a1.55_b0.7_g0.55,factory,34,0.3140110003580038,0.02416666666666667,0.0435,0.24166666666666667,0.0
w_a1.55_b0.7_g0.55,factory,35,0.32182834646933783,0.025,0.045000000000000005,0.25,0.0
w_a1.55_b0.7_g0.55,factory,36,0.3184548652707882,0.022500000000000003,0.040499999999999994,0.225,0.0
w_a1.55_b0.7_g0.55,factory,37,0.32151765207635213,0.01916666666666667,0.0345,0.19166666666666668,0.0
w_a1.55_b0.7_g0.55,factory,38,0.3301628278373896,0.018333333333333333,0.033,0.18333333333333332,0.0
w_a1.55_b0.7_g0.55,factory,39,0.31907845786550443,0.025,0.045000000000000005,0.25,0.0
w_a1.55_b0.7_g1.1,forklift,0,0.3133851219258442,0.025833333333333337,0.0465,0.25833333333333336,0.0
w_a1.55_b0.7_g1.1,forklift,1,0.3158891005436842,0.022500000000000003,0.040499999999999994,0.225,0.0
w_a1.55_b0.7_g1.1,forklift,2,0.3174382194592598,0.02416666666666667,0.0435,0.24166666666666667,0.0
w_a1.55_b0.7_g1.1,forklift,3,0.31769626701959164,0.022500000000000003,0.040499999999999994,0.225,0.0
w_a1.55_b0.7_g1.1,forklift,4,0.3135861336594263,0.025833333333333337,0.0465,0.25833333333333336,0.0
w_a1.55_b0.7_g1.1,forklift,5,0.3085989493227918,0.025000000000000005,0.045,0.25,0.0
w_a1.55_b0.7_g1.1,forklift,6,0.31971758428413216,0.023333333333333334,0.042,0.23333333333333334,0.0
w_a1.55_b0.7_g1.1,forklift,7,0.30774104421436105,0.02666666666666667,0.048,0.26666666666666666,0.0
w_a1.55_b0.7_g1.1,forklift,8,0.31200016984395235,0.027500000000000004,0.049499999999999995,0.275,0.0
w_a1.55_b0.7_g1.1,forklift,9,0.3130141562860787,0.025833333333333337,0.0465,0.25833333333333336,0.0
w_a1.55_b0.7_g1.1,forklift,10,0.31055938453283866,0.023333333333333334,0.042,0.23333333333333334,0.0
w_a1.55_b0.7_g1.1,forklift,11,0.31011575012146575,0.020833333333333336,0.0375,0.20833333333333334,0.0
w_a1.55_b0.7_g1.1,forklift,12,0.3140808915877645,0.025833333333333337,0.0465,0.25833333333333336,0.0
w_a1.55_b0.7_g1.1,forklift,13,0.314996780778513,0.025,0.045000000000000005,0.25,0.0
w_a1.55_b0.7_g1.1,forklift,14,0.31297860184899223,0.025833333333333337,0.0465,0.25833333333333336,0.0
w_a1.55_b0.7_g1.1,forklift,15,0.3145888040709083,0.020833333333333332,0.0375,0.20833333333333334,0.0
w_a1.55_b0.7_g1.1,forklift,16,0.3153789292278932,0.0275,0.049499999999999995,0.275,0.0
w_a1.55_b0.7_g1.1,forklift,17,0.30850574434180944,0.028333333333333335,0.051,0.2833333333333333,0.0
w_a1.55_b0.7_g1.1,forklift,18,0.3088266995928998,0.025833333333333337,0.0465,0.25833333333333336,0.0
w_a1.55_b0.7_g1.1,forklift,19,0.3077489850692299,0.030000000000000002,0.054,0.3,0.0
w_a1.55_b0.7_g1.1,forklift,20,0.3140066562696404,0.02666666666666667,0.048,0.26666666666666666,0.0
w_a1.55_b0.7_g1.1,forklift,21,0.317495472450597,0.025833333333333333,0.0465,0.25833333333333336,0.0
w_a1.55_b0.7_g1.1,forklift,22,0.3178152767040609,0.023333333333333334,0.042,0.23333333333333334,0.0
w_a1.55_b0.7_g1.1,forklift,23,0.3148097916119382,0.025833333333333337,0.0465,0.25833333333333336,0.0
w_a1.55_b0.7_g1.1,forklift,24,0.3109597804823557,0.025833333333333333,0.0465,0.25833333333333336,0.0
w_a1.55_b0.7_g1.1,forklift,25,0.31227109740299913,0.025833333333333333,0.0465,0.25833333333333336,0.0
w_a1.55_b0.7_g1.1,forklift,26,0.31608242269828807,0.020000000000000004,0.036000000000000004,0.2,0.0
w_a1.55_b0.7_g1.1,forklift,27,0.31539778155455,0.018333333333333333,0.033,0.18333333333333332,0.0
w_a1.55_b0.7_g1.1,forklift,28,0.3148574944338999,0.023333333333333334,0.042,0.23333333333333334,0.0
w_a1.55_b0.7_g1.1,forklift,29,0.3188228594822798,0.022500000000000003,0.040499999999999994,0.225,0.0
w_a1.55_b0.7_g1.1,forklift,30,0.3162439539988975,0.025000000000000005,0.045,0.25,0.0
w_a1.55_b0.7_g1.1,forklift,31,0.31951107740137685,0.025833333333333333,0.0465,0.25833333333333336,0.0
w_a1.55_b0.7_g1.1,forklift,32,0.3184378349153978,0.025,0.045000000000000005,0.25,0.0
w_a1.55_b0.7_g1.1,forklift,33,0.3131034219333737,0.025833333333333333,0.0465,0.25833333333333336,0.0
w_a1.55_b0.7_g1.1,forklift,34,0.3112414395760028,0.025833333333333337,0.0465,0.25833333333333336,0.0
w_a1.55_b0.7_g1.1,forklift,35,0.31638117328406595,0.02666666666666667,0.048,0.26666666666666666,0.0
w_a1.55_b0.7_g1.1,forklift,36,0.3145384440703782,0.02666666666666667,0.048,0.26666666666666666,0.0
w_a1.55_b0.7_g1.1,forklift,37,0.30797514625595357,0.0275,0.049499999999999995,0.275,0.0
w_a1.55_b0.7_g1.1,forklift,38,0.3057056331595256,0.028333333333333335,0.051,0.2833333333333333,0.0
w_a1.55_b0.7_g1.1,forklift,39,0.30811226313384643,0.02666666666666667,0.048,0.26666666666666666,0.0
w_a1.55_b0.7_g1.1,crane,0,0.3123587606886279,0.020000000000000004,0.036,0.2,0.0
w_a1.55_b0.7_g1.1,crane,1,0.30142994082872016,0.025833333333333337,0.0465,0.25833333333333336,0.0
w_a1.55_b0.7_g1.1,crane,2,0.3052601061868609,0.02666666666666667,0.048,0.26666666666666666,0.0
w_a1.55_b0.7_g1.1,crane,3,0.31209937246796654,0.020000000000000004,0.036000000000000004,0.2,0.0
w_a1.55_b0.7_g1.1,crane,4,0.31313163779872394,0.023333333333333334,0.042,0.23333333333333334,0.0
w_a1.55_b0.7_g1.1,crane,5,0.30561812140369876,0.022500000000000003,0.0405,0.225,0.0
w_a1.55_b0.7_g1.1,crane,6,0.3042462641998231,0.02666666666666667,0.048,0.26666666666666666,0.0
w_a1.55_b0.7_g1.1,crane,7,0.31185533943619,0.020833333333333332,0.0375,0.20833333333333334,0.0
w_a1.55_b0.7_g1.1,crane,8,0.30970673538111665,0.02666666666666667,0.048,0.26666666666666666,0.0
w_a1.55_b0.7_g1.1,crane,9,0.30441566275570925,0.022500000000000003,0.040499999999999994,0.225,0.0
w_a1.55_b0.7_g1.1,crane,10,0.3097563494201066,0.02166666666666667,0.039,0.21666666666666667,0.0
w_a1.55_b0.7_g1.1,crane,11,0.3100449273972838,0.025833333333333333,0.0465,0.25833333333333336,0.0
w_a1.55_b0.7_g1.1,crane,12,0.3062999840160893,0.02416666666666667,0.043500000000000004,0.24166666666666667,0.0
w_a1.55_b0.7_g1.1,crane,13,0.30898646864888496,0.02416666666666667,0.043500000000000004,0.24166666666666667,0.0
w_a1.55_b0.7_g1.1,crane,14,0.30000610940091643,0.028333333333333332,0.051000000000000004,0.2833333333333333,0.0
w_a1.55_b0.7_g1.1,crane,15,0.30847771020436926,0.021666666666666667,0.039,0.21666666666666667,0.0
w_a1.55_b0.7_g1.1,crane,16,0.31415702276466634,0.02416666666666667,0.0435,0.24166666666666667,0.0
w_a1.55_b0.7_g1.1,crane,17,0.3106796083244793,0.02416666666666667,0.0435,0.24166666666666667,0.0
w_a1.55_b0.7_g1.1,crane,18,0.3074349556665712,0.023333333333333334,0.042,0.23333333333333334,0.0
w_a1.55_b0.7_g1.1,crane,19,0.3108787458711287,0.025833333333333333,0.0465,0.25833333333333336,0.0
w_a1.55_b0.7_g1.1,crane,20,0.3181088068382948,0.022500000000000003,0.040499999999999994,0.225,0.0
w_a1.55_b0.7_g1.1,crane,21,0.3125453516507933,0.020833333333333332,0.0375,0.20833333333333334,0.0
w_a1.55_b0.7_g1.1,crane,22,0.3035070136442004,0.028333333333333335,0.051,0.2833333333333333,0.0
w_a1.55_b0.7_g1.1,crane,23,0.3108984568962431,0.025,0.045,0.25,0.0
w_a1.55_b0.7_g1.1,crane,24,0.30708312754616607,0.025833333333333333,0.0465,0.25833333333333336,0.0
w_a1.55_b0.7_g1.1,crane,25,0.3038197431362169,0.027500000000000004,0.049499999999999995,0.275,0.0
w_a1.55_b0.7_g1.1,crane,26,0.30454373445137445,0.025833333333333333,0.04649999999999999,0.25833333333333336,0.0
w_a1.55_b0.7_g1.1,crane,27,0.3033563565411124,0.025,0.045000000000000005,0.25,0.0
w_a1.55_b0.7_g1.1,crane,28,0.30755002301834744,0.02416666666666667,0.0435,0.24166666666666667,0.0
w_a1.55_b0.7_g1.1,crane,29,0.3071800348226162,0.025,0.045000000000000005,0.25,0.0
w_a1.55_b0.7_g1.1,crane,30,0.3093968660849168,0.025000000000000005,0.045,0.25,0.0
w_a1.55_b0.7_g1.1,crane,31,0.3096236715466309,0.025833333333333333,0.0465,0.25833333333333336,0.0
w_a1.55_b0.7_g1.1,crane,32,0.30454182064769086,0.025833333333333337,0.0465,0.25833333333333336,0.0
w_a1.55_b0.7_g1.1,crane,33,0.30895259480269555,0.025833333333333337,0.0465,0.25833333333333336,0.0
w_a1.55_b0.7_g1.1,crane,34,0.31079676100881254,0.023333333333333334,0.042,0.23333333333333334,0.0
w_a1.55_b0.7_g1.1,crane,35,0.30782228575146825,0.02416666666666667,0.043500000000000004,0.24166666666666667,0.0
w_a1.55_b0.7_g1.1,crane,36,0.30550784744651754,0.02416666666666667,0.0435,0.24166666666666667,0.0
w_a1.55_b0.7_g1.1,crane,37,0.298413733651483,0.029166666666666667,0.0525,0.2916666666666667,0.0
w_a1.55_b0.7_g1.1,crane,38,0.3166904560647501,0.02333333333333333,0.042,0.23333333333333334,0.0
w_a1.55_b0.7_g1.1,crane,39,0.29136604058690774,0.030000000000000002,0.054,0.3,0.0
w_a1.55_b0.7_g1.1,substation,0,0.3181735740930383,0.022500000000000003,0.0405,0.225,0.0
w_a1.55_b0.7_g1.1,substation,1,0.31489252667383855,0.020000000000000004,0.036000000000000004,0.2,0.0
w_a1.55_b0.7_g1.1,substation,2,0.3095519849370147,0.02416666666666667,0.043500000000000004,0.24166666666666667,0.0
w_a1.55_b0.7_g1.1,substation,3,0.30627710658213037,0.028333333333333335,0.051,0.2833333333333333,0.0
w_a1.55_b0.7_g1.1,substation,4,0.3132799554446579,0.020833333333333332,0.0375,0.20833333333333334,0.0
w_a1.55_b0.7_g1.1,substation,5,0.3095270231137968,0.02666666666666667,0.048,0.26666666666666666,0.0
w_a1.55_b0.7_g1.1,substation,6,0.31291752048333976,0.021666666666666667,0.039,0.21666666666666667,0.0
w_a1.55_b0.7_g1.1,substation,7,0.3093002389016988,0.024166666666666666,0.0435,0.24166666666666667,0.0
w_a1.55_b0.7_g1.1,substation,8,0.3116463970825015,0.025,0.045,0.25,0.0
w_a1.55_b0.7_g1.1,substation,9,0.3129156438586516,0.025833333333333333,0.0465,0.25833333333333336,0.0
w_a1.55_b0.7_g1.1,substation,10,0.3081838806623034,0.02333333333333333,0.042,0.23333333333333334,0.0
w_a1.55_b0.7_g1.1,substation,11,0.3064801163287765,0.0275,0.049499999999999995,0.275,0.0
w_a1.55_b0.7_g1.1,substation,12,0.31322328981237496,0.025833333333333333,0.0465,0.25833333333333336,0.0
w_a1.55_b0.7_g1.1,substation,13,0.3165994145698285,0.025,0.045000000000000005,0.25,0.0
w_a1.55_b0.7_g1.1,substation,14,0.31071895526872606,0.022500000000000003,0.0405,0.225,0.0
w_a1.55_b0.7_g1.1,substation,15,0.3103894794988981,0.023333333333333334,0.042,0.23333333333333334,0.0
w_a1.55_b0.7_g1.1,substation,16,0.3065951210941502,0.025833333333333333,0.0465,0.25833333333333336,0.0
w_a1.55_b0.7_g1.1,substation,17,0.31106030032753285,0.025833333333333337,0.0465,0.25833333333333336,0.0
w_a1.55_b0.7_g1.1,substation,18,0.30811912138485575,0.029166666666666667,0.0525,0.2916666666666667,0.0
w_a1.55_b0.7_g1.1,substation,19,0.311924852429259,0.025833333333333337,0.0465,0.25833333333333336,0.0
w_a1.55_b0.7_g1.1,substation,20,0.3116011495960046,0.025000000000000005,0.045,0.25,0.0
w_a1.55_b0.7_g1.1,substation,21,0.30967279365093003,0.0275,0.049499999999999995,0.275,0.0
w_a1.55_b0.7_g1.1,substation,22,0.31281028802611,0.022500000000000003,0.0405,0.225,0.0
w_a1.55_b0.7_g1.1,substation,23,0.31091222142827574,0.025000000000000005,0.045,0.25,0.0
w_a1.55_b0.7_g1.1,substation,24,0.3050051807128685,0.0275,0.049499999999999995,0.275,0.0
w_a1.55_b0.7_g1.1,substation,25,0.3085798949210027,0.02416666666666667,0.0435,0.24166666666666667,0.0
w_a1.55_b0.7_g1.1,substation,26,0.312781595388415,0.02416666666666667,0.0435,0.24166666666666667,0.0
w_a1.55_b0.7_g1.1,substation,27,0.31826956405764883,0.02416666666666667,0.0435,0.24166666666666667,0.0
w_a1.55_b0.7_g1.1,substation,28,0.30138761597033437,0.028333333333333335,0.051,0.2833333333333333,0.0
w_a1.55_b0.7_g1.1,substation,29,0.3070787212654313,0.025000000000000005,0.045,0.25,0.0
w_a1.55_b0.7_g1.1,substation,30,0.31552328585673367,0.025000000000000005,0.045,0.25,0.0
w_a1.55_b0.7_g1.1,substation,31,0.3190407691065952,0.02166666666666667,0.039,0.21666666666666667,0.0
w_a1.55_b0.7_g1.1,substation,32,0.3144876904113243,0.025833333333333333,0.0465,0.25833333333333336,0.0
w_a1.55_b0.7_g1.1,substation,33,0.31174305487270504,0.025000000000000005,0.045,0.25,0.0
w_a1.55_b0.7_g1.1,substation,34,0.30913061549117665,0.025833333333333333,0.0465,0.25833333333333336,0.0
w_a1.55_b0.7_g1.1,substation,35,0.30937501051269584,0.025,0.045000000000000005,0.25,0.0
w_a1.55_b0.7_g1.1,substation,36,0.3127299913236058,0.027500000000000004,0.049499999999999995,0.275,0.0
w_a1.55_b0.7_g1.1,substation,37,0.3074522753384022,0.02666666666666667,0.048,0.26666666666666666,0.0
w_a1.55_b0.7_g1.1,substation,38,0.30952231105924227,0.023333333333333334,0.042,0.23333333333333334,0.0
w_a1.55_b0.7_g1.1,substation,39,0.31148471850262643,0.02333333333333333,0.042,0.23333333333333334,0.0
w_a1.55_b0.7_g1.1,mining,0,0.3021438159201169,0.025833333333333333,0.04649999999999999,0.25833333333333336,0.0
w_a1.55_b0.7_g1.1,mining,1,0.3036082020689613,0.025,0.045,0.25,0.0
w_a1.55_b0.7_g1.1,mining,2,0.30907934828554884,0.02416666666666667,0.0435,0.24166666666666667,0.0
w_a1.55_b0.7_g1.1,mining,3,0.3029806185127519,0.02416666666666667,0.043500000000000004,0.24166666666666667,0.0
w_a1.55_b0.7_g1.1,mining,4,0.3097979503065985,0.021666666666666667,0.039,0.21666666666666667,0.0
w_a1.55_b0.7_g1.1,mining,5,0.3089652675286596,0.025,0.045,0.25,0.0
w_a1.55_b0.7_g1.1,mining,6,0.30356103341610574,0.023333333333333334,0.042,0.23333333333333334,0.0
w_a1.55_b0.7_g1.1,mining,7,0.30385536946962166,0.02666666666666667,0.048,0.26666666666666666,0.0
w_a1.55_b0.7_g1.1,mining,8,0.3001203836122502,0.0275,0.049499999999999995,0.275,0.0
w_a1.55_b0.7_g1.1,mining,9,0.30113309839710245,0.025833333333333333,0.0465,0.25833333333333336,0.0
w_a1.55_b0.7_g1.1,mining,10,0.3058989135986041,0.022500000000000003,0.040499999999999994,0.225,0.0
w_a1.55_b0.7_g1.1,mining,11,0.30230920341070205,0.028333333333333335,0.051,0.2833333333333333,0.0
w_a1.55_b0.7_g1.1,mining,12,0.30271057275167373,0.028333333333333335,0.051,0.2833333333333333,0.0
w_a1.55_b0.7_g1.1,mining,13,0.30755662856328264,0.025,0.045000000000000005,0.25,0.0
w_a1.55_b0.7_g1.1,mining,14,0.30735035262841826,0.02333333333333333,0.041999999999999996,0.23333333333333334,0.0
w_a1.55_b0.7_g1.1,mining,15,0.3031512128690215,0.025833333333333333,0.0465,0.25833333333333336,0.0
w_a1.55_b0.7_g1.1,mining,16,0.31375089818674695,0.02166666666666667,0.039,0.21666666666666667,0.0
w_a1.55_b0.7_g1.1,mining,17,0.30606030263917167,0.025,0.045,0.25,0.0
w_a1.55_b0.7_g1.1,mining,18,0.30523882471046543,0.023333333333333334,0.042,0.23333333333333334,0.0
w_a1.55_b0.7_g1.1,mining,19,0.30484508826499235,0.025833333333333333,0.0465,0.25833333333333336,0.0
w_a1.55_b0.7_g1.1,mining,20,0.3072882064444469,0.02416666666666667,0.043500000000000004,0.24166666666666667,0.0
w_a1.55_b0.7_g1.1,mining,21,0.3093403146089601,0.0275,0.049499999999999995,0.275,0.0
w_a1.55_b0.7_g1.1,mining,22,0.30927726762194235,0.022500000000000003,0.040499999999999994,0.225,0.0
w_a1.55_b0.7_g1.1,mining,23,0.30397697681328245,0.025,0.045000000000000005,0.25,0.0
w_a1.55_b0.7_g1.1,mining,24,0.3091291962688358,0.022500000000000003,0.0405,0.225,0.0
w_a1.55_b0.7_g1.1,mining,25,0.3061400988265776,0.025833333333333333,0.0465,0.25833333333333336,0.0
w_a1.55_b0.7_g1.1,mining,26,0.29828528466504073,0.022500000000000003,0.0405,0.225,0.0
w_a1.55_b0.7_g1.1,mining,27,0.302890881356747,0.023333333333333334,0.042,0.23333333333333334,0.0
w_a1.55_b0.7_g1.1,mining,28,0.3042490943833241,0.02333333333333333,0.042,0.23333333333333334,0.0
w_a1.55_b0.7_g1.1,mining,29,0.2979480257883041,0.030000000000000006,0.054,0.3,0.0
w_a1.55_b0.7_g1.1,mining,30,0.3087770937984676,0.02666666666666667,0.048,0.26666666666666666,0.0
w_a1.55_b0.7_g1.1,mining,31,0.2941548999510189,0.028333333333333335,0.051,0.2833333333333333,0.0
w_a1.55_b0.7_g1.1,mining,32,0.30354559786092744,0.025833333333333333,0.04649999999999999,0.25833333333333336,0.0
w_a1.55_b0.7_g1.1,mining,33,0.298161903616909,0.027500000000000004,0.049499999999999995,0.275,0.0
w_a1.55_b0.7_g1.1,mining,34,0.2960442877605733,0.027500000000000004,0.049499999999999995,0.275,0.0
w_a1.55_b0.7_g1.1,mining,35,0.3020944464533007,0.02416666666666667,0.0435,0.24166666666666667,0.0
w_a1.55_b0.7_g1.1,mining,36,0.3070497803252799,0.024166666666666666,0.0435,0.24166666666666667,0.0
w_a1.55_b0.7_g1.1,mining,37,0.3000412918606721,0.025833333333333337,0.0465,0.25833333333333336,0.0
w_a1.55_b0.7_g1.1,mining,38,0.2976314984936074,0.028333333333333335,0.051,0.2833333333333333,0.0
w_a1.55_b0.7_g1.1,mining,39,0.302545101273418,0.021666666666666667,0.039,0.21666666666666667,0.0
w_a1.55_b0.7_g1.1,oil_gas,0,0.2979230396481299,0.02416666666666667,0.0435,0.24166666666666667,0.0
w_a1.55_b0.7_g1.1,oil_gas,1,0.29602960714036,0.025833333333333333,0.0465,0.25833333333333336,0.0
w_a1.55_b0.7_g1.1,oil_gas,2,0.29068696496573543,0.03166666666666667,0.057,0.31666666666666665,0.0
w_a1.55_b0.7_g1.1,oil_gas,3,0.30131372566833237,0.025,0.045000000000000005,0.25,0.0
w_a1.55_b0.7_g1.1,oil_gas,4,0.30223851962870996,0.025833333333333337,0.0465,0.25833333333333336,0.0
w_a1.55_b0.7_g1.1,oil_gas,5,0.29984974389988356,0.025833333333333333,0.0465,0.25833333333333336,0.0
w_a1.55_b0.7_g1.1,oil_gas,6,0.3018067583825258,0.02416666666666667,0.0435,0.24166666666666667,0.0
w_a1.55_b0.7_g1.1,oil_gas,7,0.30787786337012374,0.025000000000000005,0.045,0.25,0.0
w_a1.55_b0.7_g1.1,oil_gas,8,0.30288380865369846,0.022500000000000003,0.040499999999999994,0.225,0.0
w_a1.55_b0.7_g1.1,oil_gas,9,0.3013446763358727,0.0275,0.049499999999999995,0.275,0.0
w_a1.55_b0.7_g1.1,oil_gas,10,0.298035895030088,0.030000000000000002,0.054,0.3,0.0
w_a1.55_b0.7_g1.1,oil_gas,11,0.30662268467565457,0.023333333333333334,0.041999999999999996,0.23333333333333334,0.0
w_a1.55_b0.7_g1.1,oil_gas,12,0.3027432904766853,0.023333333333333334,0.042,0.23333333333333334,0.0
w_a1.55_b0.7_g1.1,oil_gas,13,0.302779951239895,0.025833333333333333,0.0465,0.25833333333333336,0.0
w_a1.55_b0.7_g1.1,oil_gas,14,0.3061370301914297,0.023333333333333334,0.042,0.23333333333333334,0.0
w_a1.55_b0.7_g1.1,oil_gas,15,0.3077823802707852,0.02666666666666667,0.048,0.26666666666666666,0.0
w_a1.55_b0.7_g1.1,oil_gas,16,0.30088216867465956,0.029166666666666667,0.0525,0.2916666666666667,0.0
w_a1.55_b0.7_g1.1,oil_gas,17,0.3019969445024276,0.027500000000000004,0.049499999999999995,0.275,0.0
w_a1.55_b0.7_g1.1,oil_gas,18,0.30441767315077883,0.025833333333333337,0.0465,0.25833333333333336,0.0
w_a1.55_b0.7_g1.1,oil_gas,19,0.297640691728976,0.028333333333333332,0.051000000000000004,0.2833333333333333,0.0
w_a1.55_b0.7_g1.1,oil_gas,20,0.29666786712388826,0.02666666666666667,0.048,0.26666666666666666,0.0
w_a1.55_b0.7_g1.1,oil_gas,21,0.30812563006216104,0.025833333333333333,0.0465,0.25833333333333336,0.0
w_a1.55_b0.7_g1.1,oil_gas,22,0.29957292761511634,0.028333333333333335,0.051,0.2833333333333333,0.0
w_a1.55_b0.7_g1.1,oil_gas,23,0.2967863434081133,0.030000000000000002,0.054,0.3,0.0
w_a1.55_b0.7_g1.1,oil_gas,24,0.3004868798259365,0.027500000000000004,0.049499999999999995,0.275,0.0
w_a1.55_b0.7_g1.1,oil_gas,25,0.2937810642328458,0.03166666666666666,0.057,0.31666666666666665,0.0
w_a1.55_b0.7_g1.1,oil_gas,26,0.3003483427486268,0.027500000000000004,0.049499999999999995,0.275,0.0
w_a1.55_b0.7_g1.1,oil_gas,27,0.30699339861842045,0.025833333333333337,0.0465,0.25833333333333336,0.0
w_a1.55_b0.7_g1.1,oil_gas,28,0.2965414393720077,0.027500000000000004,0.049499999999999995,0.275,0.0
w_a1.55_b0.7_g1.1,oil_gas,29,0.30322715412886575,0.025,0.045000000000000005,0.25,0.0
w_a1.55_b0.7_g1.1,oil_gas,30,0.30965883616597417,0.02416666666666667,0.043500000000000004,0.24166666666666667,0.0
w_a1.55_b0.7_g1.1,oil_gas,31,0.3045202530573344,0.02416666666666667,0.0435,0.24166666666666667,0.0
w_a1.55_b0.7_g1.1,oil_gas,32,0.29978611030977526,0.025833333333333337,0.0465,0.25833333333333336,0.0
w_a1.55_b0.7_g1.1,oil_gas,33,0.3021308437169316,0.030000000000000002,0.054,0.3,0.0
w_a1.55_b0.7_g1.1,oil_gas,34,0.29907172349392963,0.02416666666666667,0.0435,0.24166666666666667,0.0
w_a1.55_b0.7_g1.1,oil_gas,35,0.3108363427116016,0.02333333333333333,0.041999999999999996,0.23333333333333334,0.0
w_a1.55_b0.7_g1.1,oil_gas,36,0.30296513897026106,0.022500000000000003,0.040499999999999994,0.225,0.0
w_a1.55_b0.7_g1.1,oil_gas,37,0.3043916586597812,0.02166666666666667,0.039,0.21666666666666667,0.0
w_a1.55_b0.7_g1.1,oil_gas,38,0.30515999084083595,0.025833333333333333,0.0465,0.25833333333333336,0.0
w_a1.55_b0.7_g1.1,oil_gas,39,0.30307648446407753,0.025833333333333333,0.0465,0.25833333333333336,0.0
w_a1.55_b0.7_g1.1,factory,0,0.31757438706677193,0.020833333333333332,0.0375,0.20833333333333334,0.0
w_a1.55_b0.7_g1.1,factory,1,0.32256513615517585,0.02166666666666667,0.039,0.21666666666666667,0.0
w_a1.55_b0.7_g1.1,factory,2,0.3140856668296922,0.02416666666666667,0.043500000000000004,0.24166666666666667,0.0
w_a1.55_b0.7_g1.1,factory,3,0.3256654637891697,0.025,0.045,0.25,0.0
w_a1.55_b0.7_g1.1,factory,4,0.3202011209031904,0.02166666666666667,0.039,0.21666666666666667,0.0
w_a1.55_b0.7_g1.1,factory,5,0.3179462857491276,0.025,0.045000000000000005,0.25,0.0
w_a1.55_b0.7_g1.1,factory,6,0.31869096085871385,0.0275,0.049499999999999995,0.275,0.0
w_a1.55_b0.7_g1.1,factory,7,0.32581182642666645,0.021666666666666667,0.039,0.21666666666666667,0.0
w_a1.55_b0.7_g1.1,factory,8,0.32090658948122586,0.02333333333333333,0.041999999999999996,0.23333333333333334,0.0
w_a1.55_b0.7_g1.1,factory,9,0.3221644095582176,0.023333333333333334,0.042,0.23333333333333334,0.0
w_a1.55_b0.7_g1.1,factory,10,0.3237356195417797,0.02333333333333333,0.042,0.23333333333333334,0.0
w_a1.55_b0.7_g1.1,factory,11,0.31464110323134376,0.029166666666666667,0.05249999999999999,0.2916666666666667,0.0
w_a1.55_b0.7_g1.1,factory,12,0.3250891599493793,0.02333333333333333,0.042,0.23333333333333334,0.0
w_a1.55_b0.7_g1.1,factory,13,0.3224114363158289,0.02416666666666667,0.0435,0.24166666666666667,0.0
w_a1.55_b0.7_g1.1,factory,14,0.31315906239357777,0.025833333333333337,0.0465,0.25833333333333336,0.0
w_a1.55_b0.7_g1.1,factory,15,0.3251763414924253,0.022500000000000003,0.040499999999999994,0.225,0.0
w_a1.55_b0.7_g1.1,factory,16,0.323465741609928,0.025,0.045,0.25,0.0
w_a1.55_b0.7_g1.1,factory,17,0.3196122034281629,0.022500000000000003,0.040499999999999994,0.225,0.0
w_a1.55_b0.7_g1.1,factory,18,0.3273550312909099,0.022500000000000003,0.0405,0.225,0.0
w_a1.55_b0.7_g1.1,factory,19,0.3213681951763687,0.023333333333333334,0.042,0.23333333333333334,0.0
w_a1.55_b0.7_g1.1,factory,20,0.32686985220587983,0.022500000000000003,0.040499999999999994,0.225,0.0
w_a1.55_b0.7_g1.1,factory,21,0.32133737315228744,0.022500000000000003,0.0405,0.225,0.0
w_a1.55_b0.7_g1.1,factory,22,0.3160174440059927,0.028333333333333335,0.051,0.2833333333333333,0.0
w_a1.55_b0.7_g1.1,factory,23,0.3187559009428138,0.025833333333333333,0.0465,0.25833333333333336,0.0
w_a1.55_b0.7_g1.1,factory,24,0.320129155772583,0.023333333333333334,0.042,0.23333333333333334,0.0
w_a1.55_b0.7_g1.1,factory,25,0.3188910236461188,0.02333333333333333,0.042,0.23333333333333334,0.0
w_a1.55_b0.7_g1.1,factory,26,0.32137788016573865,0.025833333333333333,0.0465,0.25833333333333336,0.0
w_a1.55_b0.7_g1.1,factory,27,0.31478253674066536,0.029166666666666667,0.05249999999999999,0.2916666666666667,0.0
w_a1.55_b0.7_g1.1,factory,28,0.325540036124645,0.025,0.045000000000000005,0.25,0.0
w_a1.55_b0.7_g1.1,factory,29,0.3143660368394574,0.0275,0.049499999999999995,0.275,0.0
w_a1.55_b0.7_g1.1,factory,30,0.3184093460087636,0.024166666666666666,0.0435,0.24166666666666667,0.0
w_a1.55_b0.7_g1.1,factory,31,0.32489305732345375,0.023333333333333334,0.042,0.23333333333333334,0.0
w_a1.55_b0.7_g1.1,factory,32,0.3159311102352487,0.025,0.045000000000000005,0.25,0.0
w_a1.55_b0.7_g1.1,factory,33,0.3268272847745672,0.020000000000000004,0.036000000000000004,0.2,0.0
w_a1.55_b0.7_g1.1,factory,34,0.3140110003580038,0.02416666666666667,0.0435,0.24166666666666667,0.0
w_a1.55_b0.7_g1.1,factory,35,0.32182834646933783,0.025,0.045000000000000005,0.25,0.0
w_a1.55_b0.7_g1.1,factory,36,0.3184548652707882,0.022500000000000003,0.040499999999999994,0.225,0.0
w_a1.55_b0.7_g1.1,factory,37,0.32151765207635213,0.01916666666666667,0.0345,0.19166666666666668,0.0
w_a1.55_b0.7_g1.1,factory,38,0.3301628278373896,0.018333333333333333,0.033,0.18333333333333332,0.0
w_a1.55_b0.7_g1.1,factory,39,0.31907845786550443,0.025,0.045000000000000005,0.25,0.0
w_a1.55_b0.7_g1.65,forklift,0,0.326301788592511,0.018083333333333337,0.012916666666666668,0.25833333333333336,0.0
w_a1.55_b0.7_g1.65,forklift,1,0.32713910054368417,0.01575,0.011250000000000001,0.225,0.0
w_a1.55_b0.7_g1.65,forklift,2,0.32952155279259315,0.01691666666666667,0.012083333333333335,0.24166666666666667,0.0
w_a1.55_b0.7_g1.65,forklift,3,0.3289462670195916,0.015750000000000004,0.011250000000000001,0.225,0.0
w_a1.55_b0.7_g1.65,forklift,4,0.326502800326093,0.018083333333333337,0.012916666666666668,0.25833333333333336,0.0
w_a1.55_b0.7_g1.65,forklift,5,0.3210989493227918,0.017500000000000005,0.012500000000000002,0.25,0.0
w_a1.55_b0.7_g1.65,forklift,6,0.3313842509507989,0.016333333333333335,0.011666666666666667,0.23333333333333334,0.0
w_a1.55_b0.7_g1.65,forklift,7,0.32107437754769436,0.018666666666666668,0.013333333333333334,0.26666666666666666,0.0
w_a1.55_b0.7_g1.65,forklift,8,0.3257501698439524,0.01925,0.013750000000000002,0.275,0.0
w_a1.55_b0.7_g1.65,forklift,9,0.32593082295274534,0.018083333333333337,0.012916666666666668,0.25833333333333336,0.0
w_a1.55_b0.7_g1.65,forklift,10,0.3222260511995053,0.016333333333333335,0.011666666666666667,0.23333333333333334,0.0
w_a1.55_b0.7_g1.65,forklift,11,0.3205324167881324,0.014583333333333335,0.010416666666666668,0.20833333333333334,0.0
w_a1.55_b0.7_g1.65,forklift,12,0.32699755825443116,0.018083333333333333,0.012916666666666668,0.25833333333333336,0.0
w_a1.55_b0.7_g1.65,forklift,13,0.327496780778513,0.0175,0.0125,0.25,0.0
w_a1.55_b0.7_g1.65,forklift,14,0.325895268515659,0.018083333333333333,0.012916666666666668,0.25833333333333336,0.0
w_a1.55_b0.7_g1.65,forklift,15,0.32500547073757496,0.014583333333333334,0.010416666666666666,0.20833333333333334,0.0
w_a1.55_b0.7_g1.65,forklift,16,0.3291289292278933,0.01925,0.01375,0.275,0.0
w_a1.55_b0.7_g1.65,forklift,17,0.3226724110084761,0.019833333333333335,0.014166666666666668,0.2833333333333333,0.0
w_a1.55_b0.7_g1.65,forklift,18,0.32174336625956645,0.018083333333333337,0.012916666666666668,0.25833333333333336,0.0
w_a1.55_b0.7_g1.65,forklift,19,0.3227489850692299,0.021000000000000005,0.015000000000000001,0.3,0.0
w_a1.55_b0.7_g1.65,forklift,20,0.32733998960297384,0.018666666666666668,0.013333333333333334,0.26666666666666666,0.0
w_a1.55_b0.7_g1.65,forklift,21,0.33041213911726364,0.018083333333333337,0.012916666666666667,0.25833333333333336,0.0
w_a1.55_b0.7_g1.65,forklift,22,0.3294819433707275,0.016333333333333335,0.011666666666666667,0.23333333333333334,0.0
w_a1.55_b0.7_g1.65,forklift,23,0.3277264582786048,0.018083333333333337,0.012916666666666668,0.25833333333333336,0.0
w_a1.55_b0.7_g1.65,forklift,24,0.3238764471490224,0.018083333333333333,0.012916666666666667,0.25833333333333336,0.0
w_a1.55_b0.7_g1.65,forklift,25,0.32518776406966576,0.018083333333333333,0.012916666666666667,0.25833333333333336,0.0
w_a1.55_b0.7_g1.65,forklift,26,0.32608242269828813,0.014000000000000002,0.010000000000000002,0.2,0.0
w_a1.55_b0.7_g1.65,forklift,27,0.3245644482212168,0.012833333333333334,0.009166666666666667,0.18333333333333332,0.0
w_a1.55_b0.7_g1.65,forklift,28,0.3265241611005666,0.016333333333333335,0.011666666666666667,0.23333333333333334,0.0
w_a1.55_b0.7_g1.65,forklift,29,0.33007285948227977,0.01575,0.011250000000000001,0.225,0.0
w_a1.55_b0.7_g1.65,forklift,30,0.3287439539988975,0.017500000000000005,0.012500000000000002,0.25,0.0
w_a1.55_b0.7_g1.65,forklift,31,0.33242774406804354,0.018083333333333337,0.012916666666666667,0.25833333333333336,0.0
w_a1.55_b0.7_g1.65,forklift,32,0.3309378349153978,0.0175,0.0125,0.25,0.0
w_a1.55_b0.7_g1.65,forklift,33,0.32602008860004034,0.018083333333333337,0.012916666666666667,0.25833333333333336,0.0
w_a1.55_b0.7_g1.65,forklift,34,0.3241581062426695,0.018083333333333337,0.012916666666666668,0.25833333333333336,0.0
w_a1.55_b0.7_g1.65,forklift,35,0.3297145066173994,0.018666666666666668,0.013333333333333334,0.26666666666666666,0.0
w_a1.55_b0.7_g1.65,forklift,36,0.32787177740371154,0.018666666666666668,0.013333333333333334,0.26666666666666666,0.0
w_a1.55_b0.7_g1.65,forklift,37,0.3217251462559535,0.019250000000000003,0.01375,0.275,0.0
w_a1.55_b0.7_g1.65,forklift,38,0.3198722998261923,0.019833333333333335,0.014166666666666668,0.2833333333333333,0.0
w_a1.55_b0.7_g1.65,forklift,39,0.3214455964671797,0.018666666666666668,0.013333333333333334,0.26666666666666666,0.0
w_a1.55_b0.7_g1.65,crane,0,0.32235876068862784,0.014000000000000002,0.010000000000000002,0.2,0.0
w_a1.55_b0.7_g1.65,crane,1,0.31434660749538684,0.018083333333333337,0.012916666666666668,0.25833333333333336,0.0
w_a1.55_b0.7_g1.65,crane,2,0.31859343952019425,0.018666666666666668,0.013333333333333334,0.26666666666666666,0.0
w_a1.55_b0.7_g1.65,crane,3,0.32209937246796655,0.014000000000000002,0.010000000000000002,0.2,0.0
w_a1.55_b0.7_g1.65,crane,4,0.32479830446539054,0.016333333333333335,0.011666666666666667,0.23333333333333334,0.0
w_a1.55_b0.7_g1.65,crane,5,0.3168681214036988,0.01575,0.011250000000000001,0.225,0.0
w_a1.55_b0.7_g1.65,crane,6,0.3175795975331564,0.018666666666666668,0.013333333333333334,0.26666666666666666,0.0
w_a1.55_b0.7_g1.65,crane,7,0.32227200610285667,0.014583333333333335,0.010416666666666666,0.20833333333333334,0.0
w_a1.55_b0.7_g1.65,crane,8,0.32304006871445,0.018666666666666668,0.013333333333333334,0.26666666666666666,0.0
w_a1.55_b0.7_g1.65,crane,9,0.3156656627557093,0.01575,0.011250000000000001,0.225,0.0
w_a1.55_b0.7_g1.65,crane,10,0.3205896827534399,0.015166666666666669,0.010833333333333335,0.21666666666666667,0.0
w_a1.55_b0.7_g1.65,crane,11,0.3229615940639505,0.018083333333333333,0.012916666666666667,0.25833333333333336,0.0
w_a1.55_b0.7_g1.65,crane,12,0.3183833173494227,0.01691666666666667,0.012083333333333335,0.24166666666666667,0.0
w_a1.55_b0.7_g1.65,crane,13,0.3210698019822183,0.01691666666666667,0.012083333333333335,0.24166666666666667,0.0
w_a1.55_b0.7_g1.65,crane,14,0.3141727760675831,0.01983333333333333,0.014166666666666666,0.2833333333333333,0.0
w_a1.55_b0.7_g1.65,crane,15,0.31931104353770257,0.015166666666666667,0.010833333333333334,0.21666666666666667,0.0
w_a1.55_b0.7_g1.65,crane,16,0.3262403560979997,0.01691666666666667,0.012083333333333335,0.24166666666666667,0.0
w_a1.55_b0.7_g1.65,crane,17,0.32279589449642915,0.01691666666666667,0.012083333333333335,0.24166666666666667,0.0
w_a1.55_b0.7_g1.65,crane,18,0.31910162233323786,0.016333333333333335,0.011666666666666667,0.23333333333333334,0.0
w_a1.55_b0.7_g1.65,crane,19,0.3237954125377953,0.018083333333333333,0.012916666666666667,0.25833333333333336,0.0
w_a1.55_b0.7_g1.65,crane,20,0.3293588068382948,0.01575,0.011250000000000001,0.225,0.0
w_a1.55_b0.7_g1.65,crane,21,0.32296201831745996,0.014583333333333335,0.010416666666666666,0.20833333333333334,0.0
w_a1.55_b0.7_g1.65,crane,22,0.3176736803108671,0.019833333333333335,0.014166666666666668,0.2833333333333333,0.0
w_a1.55_b0.7_g1.65,crane,23,0.3233984568962432,0.017500000000000005,0.0125,0.25,0.0
w_a1.55_b0.7_g1.65,crane,24,0.3199997942128327,0.018083333333333333,0.012916666666666667,0.25833333333333336,0.0
w_a1.55_b0.7_g1.65,crane,25,0.3175697431362169,0.019250000000000003,0.013750000000000002,0.275,0.0
w_a1.55_b0.7_g1.65,crane,26,0.3174604011180412,0.018083333333333337,0.012916666666666667,0.25833333333333336,0.0
w_a1.55_b0.7_g1.65,crane,27,0.3158563565411125,0.0175,0.0125,0.25,0.0
w_a1.55_b0.7_g1.65,crane,28,0.31963335635168083,0.01691666666666667,0.012083333333333335,0.24166666666666667,0.0
w_a1.55_b0.7_g1.65,crane,29,0.3196800348226162,0.017500000000000005,0.0125,0.25,0.0
w_a1.55_b0.7_g1.65,crane,30,0.3218968660849167,0.017500000000000005,0.012500000000000002,0.25,0.0
w_a1.55_b0.7_g1.65,crane,31,0.32254033821329753,0.018083333333333337,0.012916666666666667,0.25833333333333336,0.0
w_a1.55_b0.7_g1.65,crane,32,0.3174584873143575,0.018083333333333337,0.012916666666666668,0.25833333333333336,0.0
w_a1.55_b0.7_g1.65,crane,33,0.3218692614693622,0.018083333333333333,0.012916666666666668,0.25833333333333336,0.0
w_a1.55_b0.7_g1.65,crane,34,0.32246342767547925,0.016333333333333335,0.011666666666666667,0.23333333333333334,0.0
w_a1.55_b0.7_g1.65,crane,35,0.31990561908480164,0.01691666666666667,0.012083333333333335,0.24166666666666667,0.0
w_a1.55_b0.7_g1.65,crane,36,0.3175911807798508,0.01691666666666667,0.012083333333333335,0.24166666666666667,0.0
w_a1.55_b0.7_g1.65,crane,37,0.31299706698481633,0.02041666666666667,0.014583333333333334,0.2916666666666667,0.0
w_a1.55_b0.7_g1.65,crane,38,0.3283571227314168,0.016333333333333335,0.011666666666666665,0.23333333333333334,0.0
w_a1.55_b0.7_g1.65,crane,39,0.3063660405869077,0.021000000000000005,0.015000000000000001,0.3,0.0
w_a1.55_b0.7_g1.65,substation,0,0.32942357409303824,0.01575,0.011250000000000001,0.225,0.0
w_a1.55_b0.7_g1.65,substation,1,0.3248925266738386,0.014000000000000002,0.010000000000000002,0.2,0.0
w_a1.55_b0.7_g1.65,substation,2,0.321635318270348,0.01691666666666667,0.012083333333333335,0.24166666666666667,0.0
w_a1.55_b0.7_g1.65,substation,3,0.32044377324879714,0.019833333333333335,0.014166666666666668,0.2833333333333333,0.0
w_a1.55_b0.7_g1.65,substation,4,0.32369662211132455,0.014583333333333334,0.010416666666666666,0.20833333333333334,0.0
w_a1.55_b0.7_g1.65,substation,5,0.3228603564471301,0.018666666666666668,0.013333333333333334,0.26666666666666666,0.0
w_a1.55_b0.7_g1.65,substation,6,0.3237508538166731,0.015166666666666669,0.010833333333333334,0.21666666666666667,0.0
w_a1.55_b0.7_g1.65,substation,7,0.3213835722350321,0.01691666666666667,0.012083333333333333,0.24166666666666667,0.0
w_a1.55_b0.7_g1.65,substation,8,0.32414639708250154,0.017500000000000005,0.0125,0.25,0.0
w_a1.55_b0.7_g1.65,substation,9,0.3258323105253183,0.018083333333333333,0.012916666666666667,0.25833333333333336,0.0
w_a1.55_b0.7_g1.65,substation,10,0.3198505473289701,0.016333333333333335,0.011666666666666665,0.23333333333333334,0.0
w_a1.55_b0.7_g1.65,substation,11,0.3202301163287765,0.019250000000000003,0.01375,0.275,0.0
w_a1.55_b0.7_g1.65,substation,12,0.32613995647904165,0.018083333333333333,0.012916666666666667,0.25833333333333336,0.0
w_a1.55_b0.7_g1.65,substation,13,0.3290994145698285,0.017500000000000005,0.0125,0.25,0.0
w_a1.55_b0.7_g1.65,substation,14,0.32196895526872604,0.01575,0.011250000000000001,0.225,0.0
w_a1.55_b0.7_g1.65,substation,15,0.32205614616556477,0.016333333333333335,0.011666666666666667,0.23333333333333334,0.0
w_a1.55_b0.7_g1.65,substation,16,0.31951178776081685,0.018083333333333333,0.012916666666666667,0.25833333333333336,0.0
w_a1.55_b0.7_g1.65,substation,17,0.3239769669941995,0.018083333333333337,0.012916666666666668,0.25833333333333336,0.0
w_a1.55_b0.7_g1.65,substation,18,0.3227024547181891,0.02041666666666667,0.014583333333333334,0.2916666666666667,0.0
w_a1.55_b0.7_g1.65,substation,19,0.3248415190959257,0.018083333333333337,0.012916666666666668,0.25833333333333336,0.0
w_a1.55_b0.7_g1.65,substation,20,0.3241011495960046,0.017500000000000005,0.012500000000000002,0.25,0.0
w_a1.55_b0.7_g1.65,substation,21,0.32342279365092996,0.019250000000000003,0.01375,0.275,0.0
w_a1.55_b0.7_g1.65,substation,22,0.3240602880261099,0.01575,0.011250000000000001,0.225,0.0
w_a1.55_b0.7_g1.65,substation,23,0.3234122214282758,0.017500000000000005,0.012500000000000002,0.25,0.0
w_a1.55_b0.7_g1.65,substation,24,0.31875518071286846,0.019250000000000003,0.01375,0.275,0.0
w_a1.55_b0.7_g1.65,substation,25,0.320663228254336,0.01691666666666667,0.012083333333333335,0.24166666666666667,0.0
w_a1.55_b0.7_g1.65,substation,26,0.3248649287217483,0.01691666666666667,0.012083333333333335,0.24166666666666667,0.0
w_a1.55_b0.7_g1.65,substation,27,0.33035289739098217,0.01691666666666667,0.012083333333333335,0.24166666666666667,0.0
w_a1.55_b0.7_g1.65,substation,28,0.31555428263700097,0.019833333333333335,0.014166666666666668,0.2833333333333333,0.0
w_a1.55_b0.7_g1.65,substation,29,0.3195787212654313,0.017500000000000005,0.012500000000000002,0.25,0.0
w_a1.55_b0.7_g1.65,substation,30,0.32802328585673374,0.017500000000000005,0.012500000000000002,0.25,0.0
w_a1.55_b0.7_g1.65,substation,31,0.3298741024399285,0.015166666666666669,0.010833333333333335,0.21666666666666667,0.0
w_a1.55_b0.7_g1.65,substation,32,0.327404357077991,0.018083333333333333,0.012916666666666667,0.25833333333333336,0.0
w_a1.55_b0.7_g1.65,substation,33,0.324243054872705,0.017500000000000005,0.012500000000000002,0.25,0.0
w_a1.55_b0.7_g1.65,substation,34,0.3220472821578433,0.018083333333333337,0.012916666666666667,0.25833333333333336,0.0
w_a1.55_b0.7_g1.65,substation,35,0.32187501051269585,0.0175,0.0125,0.25,0.0
w_a1.55_b0.7_g1.65,substation,36,0.3264799913236058,0.019250000000000003,0.013750000000000002,0.275,0.0
w_a1.55_b0.7_g1.65,substation,37,0.3207856086717355,0.018666666666666668,0.013333333333333334,0.26666666666666666,0.0
w_a1.55_b0.7_g1.65,substation,38,0.3211889777259089,0.016333333333333335,0.011666666666666667,0.23333333333333334,0.0
w_a1.55_b0.7_g1.65,substation,39,0.3231513851692931,0.016333333333333335,0.011666666666666665,0.23333333333333334,0.0
w_a1.55_b0.7_g1.65,mining,0,0.31506048258678354,0.018083333333333337,0.012916666666666667,0.25833333333333336,0.0
w_a1.55_b0.7_g1.65,mining,1,0.31610820206896134,0.017500000000000005,0.0125,0.25,0.0
w_a1.55_b0.7_g1.65,mining,2,0.32116268161888223,0.01691666666666667,0.012083333333333335,0.24166666666666667,0.0
w_a1.55_b0.7_g1.65,mining,3,0.3150639518460852,0.01691666666666667,0.012083333333333335,0.24166666666666667,0.0
w_a1.55_b0.7_g1.65,mining,4,0.3206312836399319,0.015166666666666669,0.010833333333333334,0.21666666666666667,0.0
w_a1.55_b0.7_g1.65,mining,5,0.3214652675286596,0.017500000000000005,0.0125,0.25,0.0
w_a1.55_b0.7_g1.65,mining,6,0.3152277000827724,0.016333333333333335,0.011666666666666667,0.23333333333333334,0.0
w_a1.55_b0.7_g1.65,mining,7,0.31718870280295497,0.018666666666666668,0.013333333333333334,0.26666666666666666,0.0
w_a1.55_b0.7_g1.65,mining,8,0.3138703836122502,0.019250000000000003,0.01375,0.275,0.0
w_a1.55_b0.7_g1.65,mining,9,0.31404976506376914,0.018083333333333333,0.012916666666666667,0.25833333333333336,0.0
w_a1.55_b0.7_g1.65,mining,10,0.3171489135986042,0.01575,0.011250000000000001,0.225,0.0
w_a1.55_b0.7_g1.65,mining,11,0.3164758700773687,0.019833333333333335,0.014166666666666668,0.2833333333333333,0.0
w_a1.55_b0.7_g1.65,mining,12,0.3168772394183404,0.019833333333333335,0.014166666666666668,0.2833333333333333,0.0
w_a1.55_b0.7_g1.65,mining,13,0.32005662856328265,0.0175,0.0125,0.25,0.0
w_a1.55_b0.7_g1.65,mining,14,0.3190170192950849,0.016333333333333335,0.011666666666666665,0.23333333333333334,0.0
w_a1.55_b0.7_g1.65,mining,15,0.3160678795356882,0.018083333333333333,0.012916666666666667,0.25833333333333336,0.0
w_a1.55_b0.7_g1.65,mining,16,0.32458423152008026,0.015166666666666669,0.010833333333333335,0.21666666666666667,0.0
w_a1.55_b0.7_g1.65,mining,17,0.31856030263917173,0.017500000000000005,0.0125,0.25,0.0
w_a1.55_b0.7_g1.65,mining,18,0.31690549137713214,0.016333333333333335,0.011666666666666667,0.23333333333333334,0.0
w_a1.55_b0.7_g1.65,mining,19,0.31776175493165904,0.018083333333333333,0.012916666666666667,0.25833333333333336,0.0
w_a1.55_b0.7_g1.65,mining,20,0.3193715397777802,0.01691666666666667,0.012083333333333335,0.24166666666666667,0.0
w_a1.55_b0.7_g1.65,mining,21,0.3230903146089601,0.019250000000000003,0.01375,0.275,0.0
w_a1.55_b0.7_g1.65,mining,22,0.3205272676219424,0.01575,0.011250000000000001,0.225,0.0
w_a1.55_b0.7_g1.65,mining,23,0.31647697681328246,0.0175,0.0125,0.25,0.0
w_a1.55_b0.7_g1.65,mining,24,0.3203791962688358,0.01575,0.011250000000000001,0.225,0.0
w_a1.55_b0.7_g1.65,mining,25,0.3190567654932443,0.018083333333333333,0.012916666666666667,0.25833333333333336,0.0
w_a1.55_b0.7_g1.65,mining,26,0.30953528466504066,0.01575,0.011250000000000001,0.225,0.0
w_a1.55_b0.7_g1.65,mining,27,0.3146653410801381,0.016333333333333335,0.011666666666666667,0.23333333333333334,0.0
w_a1.55_b0.7_g1.65,mining,28,0.3159157610499908,0.016333333333333335,0.011666666666666665,0.23333333333333334,0.0
w_a1.55_b0.7_g1.65,mining,29,0.3129480257883041,0.021000000000000005,0.015000000000000003,0.3,0.0
w_a1.55_b0.7_g1.65,mining,30,0.3221104271318009,0.018666666666666668,0.013333333333333334,0.26666666666666666,0.0
w_a1.55_b0.7_g1.65,mining,31,0.3083215666176855,0.01983333333333333,0.014166666666666668,0.2833333333333333,0.0
w_a1.55_b0.7_g1.65,mining,32,0.3164622645275941,0.018083333333333337,0.012916666666666667,0.25833333333333336,0.0
w_a1.55_b0.7_g1.65,mining,33,0.311911903616909,0.019250000000000003,0.013750000000000002,0.275,0.0
w_a1.55_b0.7_g1.65,mining,34,0.30979428776057333,0.019250000000000003,0.013750000000000002,0.275,0.0
w_a1.55_b0.7_g1.65,mining,35,0.3141777797866341,0.01691666666666667,0.012083333333333335,0.24166666666666667,0.0
w_a1.55_b0.7_g1.65,mining,36,0.3191331136586132,0.01691666666666667,0.012083333333333333,0.24166666666666667,0.0
w_a1.55_b0.7_g1.65,mining,37,0.3129579585273387,0.018083333333333337,0.012916666666666668,0.25833333333333336,0.0
w_a1.55_b0.7_g1.65,mining,38,0.31179816516027414,0.019833333333333335,0.014166666666666668,0.2833333333333333,0.0
w_a1.55_b0.7_g1.65,mining,39,0.31337843460675135,0.015166666666666667,0.010833333333333334,0.21666666666666667,0.0
w_a1.55_b0.7_g1.65,oil_gas,0,0.31000637298146316,0.01691666666666667,0.012083333333333335,0.24166666666666667,0.0
w_a1.55_b0.7_g1.65,oil_gas,1,0.3089462738070266,0.018083333333333337,0.012916666666666667,0.25833333333333336,0.0
w_a1.55_b0.7_g1.65,oil_gas,2,0.30652029829906874,0.022166666666666668,0.015833333333333335,0.31666666666666665,0.0
w_a1.55_b0.7_g1.65,oil_gas,3,0.3138137256683323,0.0175,0.0125,0.25,0.0
w_a1.55_b0.7_g1.65,oil_gas,4,0.31515518629537664,0.018083333333333337,0.012916666666666668,0.25833333333333336,0.0
w_a1.55_b0.7_g1.65,oil_gas,5,0.31276641056655025,0.018083333333333333,0.012916666666666667,0.25833333333333336,0.0
w_a1.55_b0.7_g1.65,oil_gas,6,0.3138900917158592,0.01691666666666667,0.012083333333333335,0.24166666666666667,0.0
w_a1.55_b0.7_g1.65,oil_gas,7,0.3203778633701238,0.017500000000000005,0.012500000000000002,0.25,0.0
w_a1.55_b0.7_g1.65,oil_gas,8,0.31413380865369855,0.01575,0.011250000000000001,0.225,0.0
w_a1.55_b0.7_g1.65,oil_gas,9,0.3150946763358727,0.019250000000000003,0.01375,0.275,0.0
w_a1.55_b0.7_g1.65,oil_gas,10,0.31303589503008794,0.021000000000000005,0.015000000000000001,0.3,0.0
w_a1.55_b0.7_g1.65,oil_gas,11,0.3182893513423212,0.016333333333333335,0.011666666666666667,0.23333333333333334,0.0
w_a1.55_b0.7_g1.65,oil_gas,12,0.314409957143352,0.016333333333333335,0.011666666666666667,0.23333333333333334,0.0
w_a1.55_b0.7_g1.65,oil_gas,13,0.3156966179065616,0.018083333333333337,0.012916666666666667,0.25833333333333336,0.0
w_a1.55_b0.7_g1.65,oil_gas,14,0.3178036968580963,0.016333333333333335,0.011666666666666667,0.23333333333333334,0.0
w_a1.55_b0.7_g1.65,oil_gas,15,0.3211157136041185,0.018666666666666668,0.013333333333333334,0.26666666666666666,0.0
w_a1.55_b0.7_g1.65,oil_gas,16,0.3154655020079929,0.02041666666666667,0.014583333333333334,0.2916666666666667,0.0
w_a1.55_b0.7_g1.65,oil_gas,17,0.3157469445024276,0.019250000000000003,0.013750000000000002,0.275,0.0
w_a1.55_b0.7_g1.65,oil_gas,18,0.31733433981744547,0.018083333333333337,0.012916666666666668,0.25833333333333336,0.0
w_a1.55_b0.7_g1.65,oil_gas,19,0.3118073583956427,0.019833333333333335,0.014166666666666666,0.2833333333333333,0.0
w_a1.55_b0.7_g1.65,oil_gas,20,0.31000120045722157,0.018666666666666668,0.013333333333333334,0.26666666666666666,0.0
w_a1.55_b0.7_g1.65,oil_gas,21,0.32104229672882767,0.018083333333333337,0.012916666666666667,0.25833333333333336,0.0
w_a1.55_b0.7_g1.65,oil_gas,22,0.313739594281783,0.019833333333333335,0.014166666666666668,0.2833333333333333,0.0
w_a1.55_b0.7_g1.65,oil_gas,23,0.31178634340811323,0.021000000000000005,0.015000000000000001,0.3,0.0
w_a1.55_b0.7_g1.65,oil_gas,24,0.3142368798259365,0.019250000000000003,0.013750000000000002,0.275,0.0
w_a1.55_b0.7_g1.65,oil_gas,25,0.3096143975661792,0.022166666666666668,0.01583333333333333,0.31666666666666665,0.0
w_a1.55_b0.7_g1.65,oil_gas,26,0.31409834274862686,0.019250000000000003,0.013750000000000002,0.275,0.0
w_a1.55_b0.7_g1.65,oil_gas,27,0.31991006528508714,0.018083333333333337,0.012916666666666668,0.25833333333333336,0.0
w_a1.55_b0.7_g1.65,oil_gas,28,0.3102914393720077,0.01925,0.013750000000000002,0.275,0.0
w_a1.55_b0.7_g1.65,oil_gas,29,0.3157271541288658,0.0175,0.0125,0.25,0.0
w_a1.55_b0.7_g1.65,oil_gas,30,0.3217421694993075,0.01691666666666667,0.012083333333333335,0.24166666666666667,0.0
w_a1.55_b0.7_g1.65,oil_gas,31,0.3166035863906678,0.01691666666666667,0.012083333333333335,0.24166666666666667,0.0
w_a1.55_b0.7_g1.65,oil_gas,32,0.3127027769764419,0.018083333333333337,0.012916666666666668,0.25833333333333336,0.0
w_a1.55_b0.7_g1.65,oil_gas,33,0.3171308437169316,0.021000000000000005,0.015000000000000001,0.3,0.0
w_a1.55_b0.7_g1.65,oil_gas,34,0.311155056827263,0.01691666666666667,0.012083333333333335,0.24166666666666667,0.0
w_a1.55_b0.7_g1.65,oil_gas,35,0.32250300937826826,0.016333333333333335,0.011666666666666665,0.23333333333333334,0.0
w_a1.55_b0.7_g1.65,oil_gas,36,0.31421513897026104,0.01575,0.011250000000000001,0.225,0.0
w_a1.55_b0.7_g1.65,oil_gas,37,0.31522499199311454,0.015166666666666669,0.010833333333333335,0.21666666666666667,0.0
w_a1.55_b0.7_g1.65,oil_gas,38,0.31807665750750264,0.018083333333333337,0.012916666666666667,0.25833333333333336,0.0
w_a1.55_b0.7_g1.65,oil_gas,39,0.3159931511307442,0.018083333333333333,0.012916666666666667,0.25833333333333336,0.0
w_a1.55_b0.7_g1.65,factory,0,0.3279910537334387,0.014583333333333334,0.010416666666666666,0.20833333333333334,0.0
w_a1.55_b0.7_g1.65,factory,1,0.33339846948850915,0.015166666666666669,0.010833333333333335,0.21666666666666667,0.0
w_a1.55_b0.7_g1.65,factory,2,0.3261690001630255,0.01691666666666667,0.012083333333333335,0.24166666666666667,0.0
w_a1.55_b0.7_g1.65,factory,3,0.3381654637891697,0.017500000000000005,0.0125,0.25,0.0
w_a1.55_b0.7_g1.65,factory,4,0.3310344542365237,0.015166666666666669,0.010833333333333335,0.21666666666666667,0.0
w_a1.55_b0.7_g1.65,factory,5,0.3304462857491276,0.0175,0.0125,0.25,0.0
w_a1.55_b0.7_g1.65,factory,6,0.3324409608587139,0.019250000000000003,0.01375,0.275,0.0
w_a1.55_b0.7_g1.65,factory,7,0.33664515975999976,0.015166666666666667,0.010833333333333334,0.21666666666666667,0.0
w_a1.55_b0.7_g1.65,factory,8,0.33257325614789257,0.016333333333333335,0.011666666666666665,0.23333333333333334,0.0
w_a1.55_b0.7_g1.65,factory,9,0.33383107622488434,0.016333333333333335,0.011666666666666667,0.23333333333333334,0.0
w_a1.55_b0.7_g1.65,factory,10,0.3354022862084463,0.016333333333333335,0.011666666666666665,0.23333333333333334,0.0
w_a1.55_b0.7_g1.65,factory,11,0.3292244365646771,0.02041666666666667,0.014583333333333334,0.2916666666666667,0.0
w_a1.55_b0.7_g1.65,factory,12,0.33675582661604603,0.016333333333333335,0.011666666666666665,0.23333333333333334,0.0
w_a1.55_b0.7_g1.65,factory,13,0.3344947696491623,0.01691666666666667,0.012083333333333335,0.24166666666666667,0.0
w_a1.55_b0.7_g1.65,factory,14,0.3260757290602444,0.018083333333333337,0.012916666666666668,0.25833333333333336,0.0
w_a1.55_b0.7_g1.65,factory,15,0.3364263414924253,0.01575,0.011250000000000001,0.225,0.0
w_a1.55_b0.7_g1.65,factory,16,0.33596574160992804,0.017500000000000005,0.0125,0.25,0.0
w_a1.55_b0.7_g1.65,factory,17,0.33086220342816297,0.01575,0.011250000000000001,0.225,0.0
w_a1.55_b0.7_g1.65,factory,18,0.33860503129090985,0.01575,0.011250000000000001,0.225,0.0
w_a1.55_b0.7_g1.65,factory,19,0.3330348618430354,0.016333333333333335,0.011666666666666667,0.23333333333333334,0.0
w_a1.55_b0.7_g1.65,factory,20,0.33811985220587987,0.015750000000000004,0.011250000000000001,0.225,0.0
w_a1.55_b0.7_g1.65,factory,21,0.33258737315228737,0.01575,0.011250000000000001,0.225,0.0
w_a1.55_b0.7_g1.65,factory,22,0.3301841106726594,0.019833333333333335,0.014166666666666668,0.2833333333333333,0.0
w_a1.55_b0.7_g1.65,factory,23,0.3316725676094805,0.018083333333333333,0.012916666666666667,0.25833333333333336,0.0
w_a1.55_b0.7_g1.65,factory,24,0.3317958224392497,0.016333333333333335,0.011666666666666667,0.23333333333333334,0.0
w_a1.55_b0.7_g1.65,factory,25,0.3305576903127855,0.016333333333333335,0.011666666666666665,0.23333333333333334,0.0
w_a1.55_b0.7_g1.65,factory,26,0.33429454683240534,0.018083333333333333,0.012916666666666667,0.25833333333333336,0.0
w_a1.55_b0.7_g1.65,factory,27,0.3293658700739987,0.02041666666666667,0.014583333333333334,0.2916666666666667,0.0
w_a1.55_b0.7_g1.65,factory,28,0.338040036124645,0.0175,0.0125,0.25,0.0
w_a1.55_b0.7_g1.65,factory,29,0.32811603683945745,0.019250000000000003,0.01375,0.275,0.0
w_a1.55_b0.7_g1.65,factory,30,0.3304926793420969,0.01691666666666667,0.012083333333333333,0.24166666666666667,0.0
w_a1.55_b0.7_g1.65,factory,31,0.33655972399012046,0.016333333333333335,0.011666666666666667,0.23333333333333334,0.0
w_a1.55_b0.7_g1.65,factory,32,0.3284311102352488,0.0175,0.0125,0.25,0.0
w_a1.55_b0.7_g1.65,factory,33,0.3368272847745672,0.014000000000000002,0.010000000000000002,0.2,0.0
w_a1.55_b0.7_g1.65,factory,34,0.3260943336913371,0.01691666666666667,0.012083333333333335,0.24166666666666667,0.0
w_a1.55_b0.7_g1.65,factory,35,0.33432834646933784,0.017500000000000005,0.0125,0.25,0.0
w_a1.55_b0.7_g1.65,factory,36,0.3297048652707882,0.01575,0.011250000000000001,0.225,0.0
w_a1.55_b0.7_g1.65,factory,37,0.33110098540968547,0.013416666666666669,0.009583333333333334,0.19166666666666668,0.0
w_a1.55_b0.7_g1.65,factory,38,0.33932949450405625,0.012833333333333334,0.009166666666666667,0.18333333333333332,0.0
w_a1.55_b0.7_g1.65,factory,39,0.3315784578655044,0.017500000000000005,0.0125,0.25,0.0
w_a1.55_b1.05_g0.55,forklift,0,0.3133851219258442,0.025833333333333337,0.0465,0.25833333333333336,0.0
w_a1.55_b1.05_g0.55,forklift,1,0.3158891005436842,0.022500000000000003,0.040499999999999994,0.225,0.0
w_a1.55_b1.05_g0.55,forklift,2,0.3174382194592598,0.02416666666666667,0.0435,0.24166666666666667,0.0
w_a1.55_b1.05_g0.55,forklift,3,0.31769626701959164,0.022500000000000003,0.040499999999999994,0.225,0.0
w_a1.55_b1.05_g0.55,forklift,4,0.3135861336594263,0.025833333333333337,0.0465,0.25833333333333336,0.0
w_a1.55_b1.05_g0.55,forklift,5,0.3085989493227918,0.025000000000000005,0.045,0.25,0.0
w_a1.55_b1.05_g0.55,forklift,6,0.31971758428413216,0.023333333333333334,0.042,0.23333333333333334,0.0
w_a1.55_b1.05_g0.55,forklift,7,0.30774104421436105,0.02666666666666667,0.048,0.26666666666666666,0.0
w_a1.55_b1.05_g0.55,forklift,8,0.31200016984395235,0.027500000000000004,0.049499999999999995,0.275,0.0
w_a1.55_b1.05_g0.55,forklift,9,0.3130141562860787,0.025833333333333337,0.0465,0.25833333333333336,0.0
w_a1.55_b1.05_g0.55,forklift,10,0.31055938453283866,0.023333333333333334,0.042,0.23333333333333334,0.0
w_a1.55_b1.05_g0.55,forklift,11,0.31011575012146575,0.020833333333333336,0.0375,0.20833333333333334,0.0
w_a1.55_b1.05_g0.55,forklift,12,0.3140808915877645,0.025833333333333337,0.0465,0.25833333333333336,0.0
w_a1.55_b1.05_g0.55,forklift,13,0.314996780778513,0.025,0.045000000000000005,0.25,0.0
w_a1.55_b1.05_g0.55,forklift,14,0.31297860184899223,0.025833333333333337,0.0465,0.25833333333333336,0.0
w_a1.55_b1.05_g0.55,forklift,15,0.3145888040709083,0.020833333333333332,0.0375,0.20833333333333334,0.0
w_a1.55_b1.05_g0.55,forklift,16,0.3153789292278932,0.0275,0.049499999999999995,0.275,0.0
w_a1.55_b1.05_g0.55,forklift,17,0.30850574434180944,0.028333333333333335,0.051,0.2833333333333333,0.0
w_a1.55_b1.05_g0.55,forklift,18,0.3088266995928998,0.025833333333333337,0.0465,0.25833333333333336,0.0
w_a1.55_b1.05_g0.55,forklift,19,0.3077489850692299,0.030000000000000002,0.054,0.3,0.0
w_a1.55_b1.05_g0.55,forklift,20,0.3140066562696404,0.02666666666666667,0.048,0.26666666666666666,0.0
w_a1.55_b1.05_g0.55,forklift,21,0.317495472450597,0.025833333333333333,0.0465,0.25833333333333336,0.0
w_a1.55_b1.05_g0.55,forklift,22,0.3178152767040609,0.023333333333333334,0.042,0.23333333333333334,0.0
w_a1.55_b1.05_g0.55,forklift,23,0.3148097916119382,0.025833333333333337,0.0465,0.25833333333333336,0.0
w_a1.55_b1.05_g0.55,forklift,24,0.3109597804823557,0.025833333333333333,0.0465,0.25833333333333336,0.0
w_a1.55_b1.05_g0.55,forklift,25,0.31227109740299913,0.025833333333333333,0.0465,0.25833333333333336,0.0
w_a1.55_b1.05_g0.55,forklift,26,0.31608242269828807,0.020000000000000004,0.036000000000000004,0.2,0.0
w_a1.55_b1.05_g0.55,forklift,27,0.31539778155455,0.018333333333333333,0.033,0.18333333333333332,0.0
w_a1.55_b1.05_g0.55,forklift,28,0.3148574944338999,0.023333333333333334,0.042,0.23333333333333334,0.0
w_a1.55_b1.05_g0.55,forklift,29,0.3188228594822798,0.022500000000000003,0.040499999999999994,0.225,0.0
w_a1.55_b1.05_g0.55,forklift,30,0.3162439539988975,0.025000000000000005,0.045,0.25,0.0
w_a1.55_b1.05_g0.55,forklift,31,0.31951107740137685,0.025833333333333333,0.0465,0.25833333333333336,0.0
w_a1.55_b1.05_g0.55,forklift,32,0.3184378349153978,0.025,0.045000000000000005,0.25,0.0
w_a1.55_b1.05_g0.55,forklift,33,0.3131034219333737,0.025833333333333333,0.0465,0.25833333333333336,0.0
w_a1.55_b1.05_g0.55,forklift,34,0.3112414395760028,0.025833333333333337,0.0465,0.25833333333333336,0.0
w_a1.55_b1.05_g0.55,forklift,35,0.31638117328406595,0.02666666666666667,0.048,0.26666666666666666,0.0
w_a1.55_b1.05_g0.55,forklift,36,0.3145384440703782,0.02666666666666667,0.048,0.26666666666666666,0.0
w_a1.55_b1.05_g0.55,forklift,37,0.30797514625595357,0.0275,0.049499999999999995,0.275,0.0
w_a1.55_b1.05_g0.55,forklift,38,0.3057056331595256,0.028333333333333335,0.051,0.2833333333333333,0.0
w_a1.55_b1.05_g0.55,forklift,39,0.30811226313384643,0.02666666666666667,0.048,0.26666666666666666,0.0
w_a1.55_b1.05_g0.55,crane,0,0.3123587606886279,0.020000000000000004,0.036,0.2,0.0
w_a1.55_b1.05_g0.55,crane,1,0.30142994082872016,0.025833333333333337,0.0465,0.25833333333333336,0.0
w_a1.55_b1.05_g0.55,crane,2,0.3052601061868609,0.02666666666666667,0.048,0.26666666666666666,0.0
w_a1.55_b1.05_g0.55,crane,3,0.31209937246796654,0.020000000000000004,0.036000000000000004,0.2,0.0
w_a1.55_b1.05_g0.55,crane,4,0.31313163779872394,0.023333333333333334,0.042,0.23333333333333334,0.0
w_a1.55_b1.05_g0.55,crane,5,0.30561812140369876,0.022500000000000003,0.0405,0.225,0.0
w_a1.55_b1.05_g0.55,crane,6,0.3042462641998231,0.02666666666666667,0.048,0.26666666666666666,0.0
w_a1.55_b1.05_g0.55,crane,7,0.31185533943619,0.020833333333333332,0.0375,0.20833333333333334,0.0
w_a1.55_b1.05_g0.55,crane,8,0.30970673538111665,0.02666666666666667,0.048,0.26666666666666666,0.0
w_a1.55_b1.05_g0.55,crane,9,0.30441566275570925,0.022500000000000003,0.040499999999999994,0.225,0.0
w_a1.55_b1.05_g0.55,crane,10,0.3097563494201066,0.02166666666666667,0.039,0.21666666666666667,0.0
w_a1.55_b1.05_g0.55,crane,11,0.3100449273972838,0.025833333333333333,0.0465,0.25833333333333336,0.0
w_a1.55_b1.05_g0.55,crane,12,0.3062999840160893,0.02416666666666667,0.043500000000000004,0.24166666666666667,0.0
w_a1.55_b1.05_g0.55,crane,13,0.30898646864888496,0.02416666666666667,0.043500000000000004,0.24166666666666667,0.0
w_a1.55_b1.05_g0.55,crane,14,0.30000610940091643,0.028333333333333332,0.051000000000000004,0.2833333333333333,0.0
w_a1.55_b1.05_g0.55,crane,15,0.30847771020436926,0.021666666666666667,0.039,0.21666666666666667,0.0
w_a1.55_b1.05_g0.55,crane,16,0.31415702276466634,0.02416666666666667,0.0435,0.24166666666666667,0.0
w_a1.55_b1.05_g0.55,crane,17,0.3106796083244793,0.02416666666666667,0.0435,0.24166666666666667,0.0
w_a1.55_b1.05_g0.55,crane,18,0.3074349556665712,0.023333333333333334,0.042,0.23333333333333334,0.0
w_a1.55_b1.05_g0.55,crane,19,0.3108787458711287,0.025833333333333333,0.0465,0.25833333333333336,0.0
w_a1.55_b1.05_g0.55,crane,20,0.3181088068382948,0.022500000000000003,0.040499999999999994,0.225,0.0
w_a1.55_b1.05_g0.55,crane,21,0.3125453516507933,0.020833333333333332,0.0375,0.20833333333333334,0.0
w_a1.55_b1.05_g0.55,crane,22,0.3035070136442004,0.028333333333333335,0.051,0.2833333333333333,0.0
w_a1.55_b1.05_g0.55,crane,23,0.3108984568962431,0.025,0.045,0.25,0.0
w_a1.55_b1.05_g0.55,crane,24,0.30708312754616607,0.025833333333333333,0.0465,0.25833333333333336,0.0
w_a1.55_b1.05_g0.55,crane,25,0.3038197431362169,0.027500000000000004,0.049499999999999995,0.275,0.0
w_a1.55_b1.05_g0.55,crane,26,0.30454373445137445,0.025833333333333333,0.04649999999999999,0.25833333333333336,0.0
w_a1.55_b1.05_g0.55,crane,27,0.3033563565411124,0.025,0.045000000000000005,0.25,0.0
w_a1.55_b1.05_g0.55,crane,28,0.30755002301834744,0.02416666666666667,0.0435,0.24166666666666667,0.0
w_a1.55_b1.05_g0.55,crane,29,0.3071800348226162,0.025,0.045000000000000005,0.25,0.0
w_a1.55_b1.05_g0.55,crane,30,0.3093968660849168,0.025000000000000005,0.045,0.25,0.0
w_a1.55_b1.05_g0.55,crane,31,0.3096236715466309,0.025833333333333333,0.0465,0.25833333333333336,0.0
w_a1.55_b1.05_g0.55,crane,32,0.30454182064769086,0.025833333333333337,0.0465,0.25833333333333336,0.0
w_a1.55_b1.05_g0.55,crane,33,0.30895259480269555,0.025833333333333337,0.0465,0.25833333333333336,0.0
w_a1.55_b1.05_g0.55,crane,34,0.31079676100881254,0.023333333333333334,0.042,0.23333333333333334,0.0
w_a1.55_b1.05_g0.55,crane,35,0.30782228575146825,0.02416666666666667,0.043500000000000004,0.24166666666666667,0.0
w_a1.55_b1.05_g0.55,crane,36,0.30550784744651754,0.02416666666666667,0.0435,0.24166666666666667,0.0
w_a1.55_b1.05_g0.55,crane,37,0.298413733651483,0.029166666666666667,0.0525,0.2916666666666667,0.0
w_a1.55_b1.05_g0.55,crane,38,0.3166904560647501,0.02333333333333333,0.042,0.23333333333333334,0.0
w_a1.55_b1.05_g0.55,crane,39,0.29136604058690774,0.030000000000000002,0.054,0.3,0.0
w_a1.55_b1.05_g0.55,substation,0,0.3181735740930383,0.022500000000000003,0.0405,0.225,0.0
w_a1.55_b1.05_g0.55,substation,1,0.31489252667383855,0.020000000000000004,0.036000000000000004,0.2,0.0
w_a1.55_b1.05_g0.55,substation,2,0.3095519849370147,0.02416666666666667,0.043500000000000004,0.24166666666666667,0.0
w_a1.55_b1.05_g0.55,substation,3,0.30627710658213037,0.028333333333333335,0.051,0.2833333333333333,0.0
w_a1.55_b1.05_g0.55,substation,4,0.3132799554446579,0.020833333333333332,0.0375,0.20833333333333334,0.0
w_a1.55_b1.05_g0.55,substation,5,0.3095270231137968,0.02666666666666667,0.048,0.26666666666666666,0.0
w_a1.55_b1.05_g0.55,substation,6,0.31291752048333976,0.021666666666666667,0.039,0.21666666666666667,0.0
w_a1.55_b1.05_g0.55,substation,7,0.3093002389016988,0.024166666666666666,0.0435,0.24166666666666667,0.0
w_a1.55_b1.05_g0.55,substation,8,0.3116463970825015,0.025,0.045,0.25,0.0
w_a1.55_b1.05_g0.55,substation,9,0.3129156438586516,0.025833333333333333,0.0465,0.25833333333333336,0.0
w_a1.55_b1.05_g0.55,substation,10,0.3081838806623034,0.02333333333333333,0.042,0.23333333333333334,0.0
w_a1.55_b1.05_g0.55,substation,11,0.3064801163287765,0.0275,0.049499999999999995,0.275,0.0
w_a1.55_b1.05_g0.55,substation,12,0.31322328981237496,0.025833333333333333,0.0465,0.25833333333333336,0.0
w_a1.55_b1.05_g0.55,substation,13,0.3165994145698285,0.025,0.045000000000000005,0.25,0.0
w_a1.55_b1.05_g0.55,substation,14,0.31071895526872606,0.022500000000000003,0.0405,0.225,0.0
w_a1.55_b1.05_g0.55,substation,15,0.3103894794988981,0.023333333333333334,0.042,0.23333333333333334,0.0
w_a1.55_b1.05_g0.55,substation,16,0.3065951210941502,0.025833333333333333,0.0465,0.25833333333333336,0.0
w_a1.55_b1.05_g0.55,substation,17,0.31106030032753285,0.025833333333333337,0.0465,0.25833333333333336,0.0
w_a1.55_b1.05_g0.55,substation,18,0.30811912138485575,0.029166666666666667,0.0525,0.2916666666666667,0.0
w_a1.55_b1.05_g0.55,substation,19,0.311924852429259,0.025833333333333337,0.0465,0.25833333333333336,0.0
w_a1.55_b1.05_g0.55,substation,20,0.3116011495960046,0.025000000000000005,0.045,0.25,0.0
w_a1.55_b1.05_g0.55,substation,21,0.30967279365093003,0.0275,0.049499999999999995,0.275,0.0
w_a1.55_b1.05_g0.55,substation,22,0.31281028802611,0.022500000000000003,0.0405,0.225,0.0
w_a1.55_b1.05_g0.55,substation,23,0.31091222142827574,0.025000000000000005,0.045,0.25,0.0
w_a1.55_b1.05_g0.55,substation,24,0.3050051807128685,0.0275,0.049499999999999995,0.275,0.0
w_a1.55_b1.05_g0.55,substation,25,0.3085798949210027,0.02416666666666667,0.0435,0.24166666666666667,0.0
w_a1.55_b1.05_g0.55,substation,26,0.312781595388415,0.02416666666666667,0.0435,0.24166666666666667,0.0
w_a1.55_b1.05_g0.55,substation,27,0.31826956405764883,0.02416666666666667,0.0435,0.24166666666666667,0.0
w_a1.55_b1.05_g0.55,substation,28,0.30138761597033437,0.028333333333333335,0.051,0.2833333333333333,0.0
w_a1.55_b1.05_g0.55,substation,29,0.3070787212654313,0.025000000000000005,0.045,0.25,0.0
w_a1.55_b1.05_g0.55,substation,30,0.31552328585673367,0.025000000000000005,0.045,0.25,0.0
w_a1.55_b1.05_g0.55,substation,31,0.3190407691065952,0.02166666666666667,0.039,0.21666666666666667,0.0
w_a1.55_b1.05_g0.55,substation,32,0.3144876904113243,0.025833333333333333,0.0465,0.25833333333333336,0.0
w_a1.55_b1.05_g0.55,substation,33,0.31174305487270504,0.025000000000000005,0.045,0.25,0.0
w_a1.55_b1.05_g0.55,substation,34,0.30913061549117665,0.025833333333333333,0.0465,0.25833333333333336,0.0
w_a1.55_b1.05_g0.55,substation,35,0.30937501051269584,0.025,0.045000000000000005,0.25,0.0
w_a1.55_b1.05_g0.55,substation,36,0.3127299913236058,0.027500000000000004,0.049499999999999995,0.275,0.0
w_a1.55_b1.05_g0.55,substation,37,0.3074522753384022,0.02666666666666667,0.048,0.26666666666666666,0.0
w_a1.55_b1.05_g0.55,substation,38,0.30952231105924227,0.023333333333333334,0.042,0.23333333333333334,0.0
w_a1.55_b1.05_g0.55,substation,39,0.31148471850262643,0.02333333333333333,0.042,0.23333333333333334,0.0
w_a1.55_b1.05_g0.55,mining,0,0.3021438159201169,0.025833333333333333,0.04649999999999999,0.25833333333333336,0.0
w_a1.55_b1.05_g0.55,mining,1,0.3036082020689613,0.025,0.045,0.25,0.0
w_a1.55_b1.05_g0.55,mining,2,0.30907934828554884,0.02416666666666667,0.0435,0.24166666666666667,0.0
w_a1.55_b1.05_g0.55,mining,3,0.3029806185127519,0.02416666666666667,0.043500000000000004,0.24166666666666667,0.0
w_a1.55_b1.05_g0.55,mining,4,0.3097979503065985,0.021666666666666667,0.039,0.21666666666666667,0.0
w_a1.55_b1.05_g0.55,mining,5,0.3089652675286596,0.025,0.045,0.25,0.0
w_a1.55_b1.05_g0.55,mining,6,0.30356103341610574,0.023333333333333334,0.042,0.23333333333333334,0.0
w_a1.55_b1.05_g0.55,mining,7,0.30385536946962166,0.02666666666666667,0.048,0.26666666666666666,0.0
w_a1.55_b1.05_g0.55,mining,8,0.3001203836122502,0.0275,0.049499999999999995,0.275,0.0
w_a1.55_b1.05_g0.55,mining,9,0.30113309839710245,0.025833333333333333,0.0465,0.25833333333333336,0.0
w_a1.55_b1.05_g0.55,mining,10,0.3058989135986041,0.022500000000000003,0.040499999999999994,0.225,0.0
w_a1.55_b1.05_g0.55,mining,11,0.30230920341070205,0.028333333333333335,0.051,0.2833333333333333,0.0
w_a1.55_b1.05_g0.55,mining,12,0.30271057275167373,0.028333333333333335,0.051,0.2833333333333333,0.0
w_a1.55_b1.05_g0.55,mining,13,0.30755662856328264,0.025,0.045000000000000005,0.25,0.0
w_a1.55_b1.05_g0.55,mining,14,0.30735035262841826,0.02333333333333333,0.041999999999999996,0.23333333333333334,0.0
w_a1.55_b1.05_g0.55,mining,15,0.3031512128690215,0.025833333333333333,0.0465,0.25833333333333336,0.0
w_a1.55_b1.05_g0.55,mining,16,0.31375089818674695,0.02166666666666667,0.039,0.21666666666666667,0.0
w_a1.55_b1.05_g0.55,mining,17,0.30606030263917167,0.025,0.045,0.25,0.0
w_a1.55_b1.05_g0.55,mining,18,0.30523882471046543,0.023333333333333334,0.042,0.23333333333333334,0.0
w_a1.55_b1.05_g0.55,mining,19,0.30484508826499235,0.025833333333333333,0.0465,0.25833333333333336,0.0
w_a1.55_b1.05_g0.55,mining,20,0.3072882064444469,0.02416666666666667,0.043500000000000004,0.24166666666666667,0.0
w_a1.55_b1.05_g0.55,mining,21,0.3093403146089601,0.0275,0.049499999999999995,0.275,0.0
w_a1.55_b1.05_g0.55,mining,22,0.30927726762194235,0.022500000000000003,0.040499999999999994,0.225,0.0
w_a1.55_b1.05_g0.55,mining,23,0.30397697681328245,0.025,0.045000000000000005,0.25,0.0
w_a1.55_b1.05_g0.55,mining,24,0.3091291962688358,0.022500000000000003,0.0405,0.225,0.0
w_a1.55_b1.05_g0.55,mining,25,0.3061400988265776,0.025833333333333333,0.0465,0.25833333333333336,0.0
w_a1.55_b1.05_g0.55,mining,26,0.29828528466504073,0.022500000000000003,0.0405,0.225,0.0
w_a1.55_b1.05_g0.55,mining,27,0.302890881356747,0.023333333333333334,0.042,0.23333333333333334,0.0
w_a1.55_b1.05_g0.55,mining,28,0.3042490943833241,0.02333333333333333,0.042,0.23333333333333334,0.0
w_a1.55_b1.05_g0.55,mining,29,0.2979480257883041,0.030000000000000006,0.054,0.3,0.0
w_a1.55_b1.05_g0.55,mining,30,0.3087770937984676,0.02666666666666667,0.048,0.26666666666666666,0.0
w_a1.55_b1.05_g0.55,mining,31,0.2941548999510189,0.028333333333333335,0.051,0.2833333333333333,0.0
w_a1.55_b1.05_g0.55,mining,32,0.30354559786092744,0.025833333333333333,0.04649999999999999,0.25833333333333336,0.0
w_a1.55_b1.05_g0.55,mining,33,0.298161903616909,0.027500000000000004,0.049499999999999995,0.275,0.0
w_a1.55_b1.05_g0.55,mining,34,0.2960442877605733,0.027500000000000004,0.049499999999999995,0.275,0.0
w_a1.55_b1.05_g0.55,mining,35,0.3020944464533007,0.02416666666666667,0.0435,0.24166666666666667,0.0
w_a1.55_b1.05_g0.55,mining,36,0.3070497803252799,0.024166666666666666,0.0435,0.24166666666666667,0.0
w_a1.55_b1.05_g0.55,mining,37,0.3000412918606721,0.025833333333333337,0.0465,0.25833333333333336,0.0
w_a1.55_b1.05_g0.55,mining,38,0.2976314984936074,0.028333333333333335,0.051,0.2833333333333333,0.0
w_a1.55_b1.05_g0.55,mining,39,0.302545101273418,0.021666666666666667,0.039,0.21666666666666667,0.0
w_a1.55_b1.05_g0.55,oil_gas,0,0.2979230396481299,0.02416666666666667,0.0435,0.24166666666666667,0.0
w_a1.55_b1.05_g0.55,oil_gas,1,0.29602960714036,0.025833333333333333,0.0465,0.25833333333333336,0.0
w_a1.55_b1.05_g0.55,oil_gas,2,0.29068696496573543,0.03166666666666667,0.057,0.31666666666666665,0.0
w_a1.55_b1.05_g0.55,oil_gas,3,0.30131372566833237,0.025,0.045000000000000005,0.25,0.0
w_a1.55_b1.05_g0.55,oil_gas,4,0.30223851962870996,0.025833333333333337,0.0465,0.25833333333333336,0.0
w_a1.55_b1.05_g0.55,oil_gas,5,0.29984974389988356,0.025833333333333333,0.0465,0.25833333333333336,0.0
w_a1.55_b1.05_g0.55,oil_gas,6,0.3018067583825258,0.02416666666666667,0.0435,0.24166666666666667,0.0
w_a1.55_b1.05_g0.55,oil_gas,7,0.30787786337012374,0.025000000000000005,0.045,0.25,0.0
w_a1.55_b1.05_g0.55,oil_gas,8,0.30288380865369846,0.022500000000000003,0.040499999999999994,0.225,0.0
w_a1.55_b1.05_g0.55,oil_gas,9,0.3013446763358727,0.0275,0.049499999999999995,0.275,0.0
w_a1.55_b1.05_g0.55,oil_gas,10,0.298035895030088,0.030000000000000002,0.054,0.3,0.0
w_a1.55_b1.05_g0.55,oil_gas,11,0.30662268467565457,0.023333333333333334,0.041999999999999996,0.23333333333333334,0.0
w_a1.55_b1.05_g0.55,oil_gas,12,0.3027432904766853,0.023333333333333334,0.042,0.23333333333333334,0.0
w_a1.55_b1.05_g0.55,oil_gas,13,0.302779951239895,0.025833333333333333,0.0465,0.25833333333333336,0.0
w_a1.55_b1.05_g0.55,oil_gas,14,0.3061370301914297,0.023333333333333334,0.042,0.23333333333333334,0.0
w_a1.55_b1.05_g0.55,oil_gas,15,0.3077823802707852,0.02666666666666667,0.048,0.26666666666666666,0.0
w_a1.55_b1.05_g0.55,oil_gas,16,0.30088216867465956,0.029166666666666667,0.0525,0.2916666666666667,0.0
w_a1.55_b1.05_g0.55,oil_gas,17,0.3019969445024276,0.027500000000000004,0.049499999999999995,0.275,0.0
w_a1.55_b1.05_g0.55,oil_gas,18,0.30441767315077883,0.025833333333333337,0.0465,0.25833333333333336,0.0
w_a1.55_b1.05_g0.55,oil_gas,19,0.297640691728976,0.028333333333333332,0.051000000000000004,0.2833333333333333,0.0
w_a1.55_b1.05_g0.55,oil_gas,20,0.29666786712388826,0.02666666666666667,0.048,0.26666666666666666,0.0
w_a1.55_b1.05_g0.55,oil_gas,21,0.30812563006216104,0.025833333333333333,0.0465,0.25833333333333336,0.0
w_a1.55_b1.05_g0.55,oil_gas,22,0.29957292761511634,0.028333333333333335,0.051,0.2833333333333333,0.0
w_a1.55_b1.05_g0.55,oil_gas,23,0.2967863434081133,0.030000000000000002,0.054,0.3,0.0
w_a1.55_b1.05_g0.55,oil_gas,24,0.3004868798259365,0.027500000000000004,0.049499999999999995,0.275,0.0
w_a1.55_b1.05_g0.55,oil_gas,25,0.2937810642328458,0.03166666666666666,0.057,0.31666666666666665,0.0
w_a1.55_b1.05_g0.55,oil_gas,26,0.3003483427486268,0.027500000000000004,0.049499999999999995,0.275,0.0
w_a1.55_b1.05_g0.55,oil_gas,27,0.30699339861842045,0.025833333333333337,0.0465,0.25833333333333336,0.0
w_a1.55_b1.05_g0.55,oil_gas,28,0.2965414393720077,0.027500000000000004,0.049499999999999995,0.275,0.0
w_a1.55_b1.05_g0.55,oil_gas,29,0.30322715412886575,0.025,0.045000000000000005,0.25,0.0
w_a1.55_b1.05_g0.55,oil_gas,30,0.30965883616597417,0.02416666666666667,0.043500000000000004,0.24166666666666667,0.0
w_a1.55_b1.05_g0.55,oil_gas,31,0.3045202530573344,0.02416666666666667,0.0435,0.24166666666666667,0.0
w_a1.55_b1.05_g0.55,oil_gas,32,0.29978611030977526,0.025833333333333337,0.0465,0.25833333333333336,0.0
w_a1.55_b1.05_g0.55,oil_gas,33,0.3021308437169316,0.030000000000000002,0.054,0.3,0.0
w_a1.55_b1.05_g0.55,oil_gas,34,0.29907172349392963,0.02416666666666667,0.0435,0.24166666666666667,0.0
w_a1.55_b1.05_g0.55,oil_gas,35,0.3108363427116016,0.02333333333333333,0.041999999999999996,0.23333333333333334,0.0
w_a1.55_b1.05_g0.55,oil_gas,36,0.30296513897026106,0.022500000000000003,0.040499999999999994,0.225,0.0
w_a1.55_b1.05_g0.55,oil_gas,37,0.3043916586597812,0.02166666666666667,0.039,0.21666666666666667,0.0
w_a1.55_b1.05_g0.55,oil_gas,38,0.30515999084083595,0.025833333333333333,0.0465,0.25833333333333336,0.0
w_a1.55_b1.05_g0.55,oil_gas,39,0.30307648446407753,0.025833333333333333,0.0465,0.25833333333333336,0.0
w_a1.55_b1.05_g0.55,factory,0,0.31757438706677193,0.020833333333333332,0.0375,0.20833333333333334,0.0
w_a1.55_b1.05_g0.55,factory,1,0.32256513615517585,0.02166666666666667,0.039,0.21666666666666667,0.0
w_a1.55_b1.05_g0.55,factory,2,0.3140856668296922,0.02416666666666667,0.043500000000000004,0.24166666666666667,0.0
w_a1.55_b1.05_g0.55,factory,3,0.3256654637891697,0.025,0.045,0.25,0.0
w_a1.55_b1.05_g0.55,factory,4,0.3202011209031904,0.02166666666666667,0.039,0.21666666666666667,0.0
w_a1.55_b1.05_g0.55,factory,5,0.3179462857491276,0.025,0.045000000000000005,0.25,0.0
w_a1.55_b1.05_g0.55,factory,6,0.31869096085871385,0.0275,0.049499999999999995,0.275,0.0
w_a1.55_b1.05_g0.55,factory,7,0.32581182642666645,0.021666666666666667,0.039,0.21666666666666667,0.0
w_a1.55_b1.05_g0.55,factory,8,0.32090658948122586,0.02333333333333333,0.041999999999999996,0.23333333333333334,0.0
w_a1.55_b1.05_g0.55,factory,9,0.3221644095582176,0.023333333333333334,0.042,0.23333333333333334,0.0
w_a1.55_b1.05_g0.55,factory,10,0.3237356195417797,0.02333333333333333,0.042,0.23333333333333334,0.0
w_a1.55_b1.05_g0.55,factory,11,0.31464110323134376,0.029166666666666667,0.05249999999999999,0.2916666666666667,0.0
w_a1.55_b1.05_g0.55,factory,12,0.3250891599493793,0.02333333333333333,0.042,0.23333333333333334,0.0
w_a1.55_b1.05_g0.55,factory,13,0.3224114363158289,0.02416666666666667,0.0435,0.24166666666666667,0.0
w_a1.55_b1.05_g0.55,factory,14,0.31315906239357777,0.025833333333333337,0.0465,0.25833333333333336,0.0
w_a1.55_b1.05_g0.55,factory,15,0.3251763414924253,0.022500000000000003,0.040499999999999994,0.225,0.0
w_a1.55_b1.05_g0.55,factory,16,0.323465741609928,0.025,0.045,0.25,0.0
w_a1.55_b1.05_g0.55,factory,17,0.3196122034281629,0.022500000000000003,0.040499999999999994,0.225,0.0
w_a1.55_b1.05_g0.55,factory,18,0.3273550312909099,0.022500000000000003,0.0405,0.225,0.0
w_a1.55_b1.05_g0.55,factory,19,0.3213681951763687,0.023333333333333334,0.042,0.23333333333333334,0.0
w_a1.55_b1.05_g0.55,factory,20,0.32686985220587983,0.022500000000000003,0.040499999999999994,0.225,0.0
w_a1.55_b1.05_g0.55,factory,21,0.32133737315228744,0.022500000000000003,0.0405,0.225,0.0
w_a1.55_b1.05_g0.55,factory,22,0.3160174440059927,0.028333333333333335,0.051,0.2833333333333333,0.0
w_a1.55_b1.05_g0.55,factory,23,0.3187559009428138,0.025833333333333333,0.0465,0.25833333333333336,0.0
w_a1.55_b1.05_g0.55,factory,24,0.320129155772583,0.023333333333333334,0.042,0.23333333333333334,0.0
w_a1.55_b1.05_g0.55,factory,25,0.3188910236461188,0.02333333333333333,0.042,0.23333333333333334,0.0
w_a1.55_b1.05_g0.55,factory,26,0.32137788016573865,0.025833333333333333,0.0465,0.25833333333333336,0.0
w_a1.55_b1.05_g0.55,factory,27,0.31478253674066536,0.029166666666666667,0.05249999999999999,0.2916666666666667,0.0
w_a1.55_b1.05_g0.55,factory,28,0.325540036124645,0.025,0.045000000000000005,0.25,0.0
w_a1.55_b1.05_g0.55,factory,29,0.3143660368394574,0.0275,0.049499999999999995,0.275,0.0
w_a1.55_b1.05_g0.55,factory,30,0.3184093460087636,0.024166666666666666,0.0435,0.24166666666666667,0.0
w_a1.55_b1.05_g0.55,factory,31,0.32489305732345375,0.023333333333333334,0.042,0.23333333333333334,0.0
w_a1.55_b1.05_g0.55,factory,32,0.3159311102352487,0.025,0.045000000000000005,0.25,0.0
w_a1.55_b1.05_g0.55,factory,33,0.3268272847745672,0.020000000000000004,0.036000000000000004,0.2,0.0
w_a1.55_b1.05_g0.55,factory,34,0.3140110003580038,0.02416666666666667,0.0435,0.24166666666666667,0.0
w_a1.55_b1.05_g0.55,factory,35,0.32182834646933783,0.025,0.045000000000000005,0.25,0.0
w_a1.55_b1.05_g0.55,factory,36,0.3184548652707882,0.022500000000000003,0.040499999999999994,0.225,0.0
w_a1.55_b1.05_g0.55,factory,37,0.32151765207635213,0.01916666666666667,0.0345,0.19166666666666668,0.0
w_a1.55_b1.05_g0.55,factory,38,0.3301628278373896,0.018333333333333333,0.033,0.18333333333333332,0.0
w_a1.55_b1.05_g0.55,factory,39,0.31907845786550443,0.025,0.045000000000000005,0.25,0.0
w_a1.55_b1.05_g1.1,forklift,0,0.3133851219258442,0.025833333333333337,0.0465,0.25833333333333336,0.0
w_a1.55_b1.05_g1.1,forklift,1,0.3158891005436842,0.022500000000000003,0.040499999999999994,0.225,0.0
w_a1.55_b1.05_g1.1,forklift,2,0.3174382194592598,0.02416666666666667,0.0435,0.24166666666666667,0.0
w_a1.55_b1.05_g1.1,forklift,3,0.31769626701959164,0.022500000000000003,0.040499999999999994,0.225,0.0
w_a1.55_b1.05_g1.1,forklift,4,0.3135861336594263,0.025833333333333337,0.0465,0.25833333333333336,0.0
w_a1.55_b1.05_g1.1,forklift,5,0.3085989493227918,0.025000000000000005,0.045,0.25,0.0
w_a1.55_b1.05_g1.1,forklift,6,0.31971758428413216,0.023333333333333334,0.042,0.23333333333333334,0.0
w_a1.55_b1.05_g1.1,forklift,7,0.30774104421436105,0.02666666666666667,0.048,0.26666666666666666,0.0
w_a1.55_b1.05_g1.1,forklift,8,0.31200016984395235,0.027500000000000004,0.049499999999999995,0.275,0.0
w_a1.55_b1.05_g1.1,forklift,9,0.3130141562860787,0.025833333333333337,0.0465,0.25833333333333336,0.0
w_a1.55_b1.05_g1.1,forklift,10,0.31055938453283866,0.023333333333333334,0.042,0.23333333333333334,0.0
w_a1.55_b1.05_g1.1,forklift,11,0.31011575012146575,0.020833333333333336,0.0375,0.20833333333333334,0.0
w_a1.55_b1.05_g1.1,forklift,12,0.3140808915877645,0.025833333333333337,0.0465,0.25833333333333336,0.0
w_a1.55_b1.05_g1.1,forklift,13,0.314996780778513,0.025,0.045000000000000005,0.25,0.0
w_a1.55_b1.05_g1.1,forklift,14,0.31297860184899223,0.025833333333333337,0.0465,0.25833333333333336,0.0
w_a1.55_b1.05_g1.1,forklift,15,0.3145888040709083,0.020833333333333332,0.0375,0.20833333333333334,0.0
w_a1.55_b1.05_g1.1,forklift,16,0.3153789292278932,0.0275,0.049499999999999995,0.275,0.0
w_a1.55_b1.05_g1.1,forklift,17,0.30850574434180944,0.028333333333333335,0.051,0.2833333333333333,0.0
w_a1.55_b1.05_g1.1,forklift,18,0.3088266995928998,0.025833333333333337,0.0465,0.25833333333333336,0.0
w_a1.55_b1.05_g1.1,forklift,19,0.3077489850692299,0.030000000000000002,0.054,0.3,0.0
w_a1.55_b1.05_g1.1,forklift,20,0.3140066562696404,0.02666666666666667,0.048,0.26666666666666666,0.0
w_a1.55_b1.05_g1.1,forklift,21,0.317495472450597,0.025833333333333333,0.0465,0.25833333333333336,0.0
w_a1.55_b1.05_g1.1,forklift,22,0.3178152767040609,0.023333333333333334,0.042,0.23333333333333334,0.0
w_a1.55_b1.05_g1.1,forklift,23,0.3148097916119382,0.025833333333333337,0.0465,0.25833333333333336,0.0
w_a1.55_b1.05_g1.1,forklift,24,0.3109597804823557,0.025833333333333333,0.0465,0.25833333333333336,0.0
w_a1.55_b1.05_g1.1,forklift,25,0.31227109740299913,0.025833333333333333,0.0465,0.25833333333333336,0.0
w_a1.55_b1.05_g1.1,forklift,26,0.31608242269828807,0.020000000000000004,0.036000000000000004,0.2,0.0
w_a1.55_b1.05_g1.1,forklift,27,0.31539778155455,0.018333333333333333,0.033,0.18333333333333332,0.0
w_a1.55_b1.05_g1.1,forklift,28,0.3148574944338999,0.023333333333333334,0.042,0.23333333333333334,0.0
w_a1.55_b1.05_g1.1,forklift,29,0.3188228594822798,0.022500000000000003,0.040499999999999994,0.225,0.0
w_a1.55_b1.05_g1.1,forklift,30,0.3162439539988975,0.025000000000000005,0.045,0.25,0.0
w_a1.55_b1.05_g1.1,forklift,31,0.31951107740137685,0.025833333333333333,0.0465,0.25833333333333336,0.0
w_a1.55_b1.05_g1.1,forklift,32,0.3184378349153978,0.025,0.045000000000000005,0.25,0.0
w_a1.55_b1.05_g1.1,forklift,33,0.3131034219333737,0.025833333333333333,0.0465,0.25833333333333336,0.0
w_a1.55_b1.05_g1.1,forklift,34,0.3112414395760028,0.025833333333333337,0.0465,0.25833333333333336,0.0
w_a1.55_b1.05_g1.1,forklift,35,0.31638117328406595,0.02666666666666667,0.048,0.26666666666666666,0.0
w_a1.55_b1.05_g1.1,forklift,36,0.3145384440703782,0.02666666666666667,0.048,0.26666666666666666,0.0
w_a1.55_b1.05_g1.1,forklift,37,0.30797514625595357,0.0275,0.049499999999999995,0.275,0.0
w_a1.55_b1.05_g1.1,forklift,38,0.3057056331595256,0.028333333333333335,0.051,0.2833333333333333,0.0
w_a1.55_b1.05_g1.1,forklift,39,0.30811226313384643,0.02666666666666667,0.048,0.26666666666666666,0.0
w_a1.55_b1.05_g1.1,crane,0,0.3123587606886279,0.020000000000000004,0.036,0.2,0.0
w_a1.55_b1.05_g1.1,crane,1,0.30142994082872016,0.025833333333333337,0.0465,0.25833333333333336,0.0
w_a1.55_b1.05_g1.1,crane,2,0.3052601061868609,0.02666666666666667,0.048,0.26666666666666666,0.0
w_a1.55_b1.05_g1.1,crane,3,0.31209937246796654,0.020000000000000004,0.036000000000000004,0.2,0.0
w_a1.55_b1.05_g1.1,crane,4,0.31313163779872394,0.023333333333333334,0.042,0.23333333333333334,0.0
w_a1.55_b1.05_g1.1,crane,5,0.30561812140369876,0.022500000000000003,0.0405,0.225,0.0
w_a1.55_b1.05_g1.1,crane,6,0.3042462641998231,0.02666666666666667,0.048,0.26666666666666666,0.0
w_a1.55_b1.05_g1.1,crane,7,0.31185533943619,0.020833333333333332,0.0375,0.20833333333333334,0.0
w_a1.55_b1.05_g1.1,crane,8,0.30970673538111665,0.02666666666666667,0.048,0.26666666666666666,0.0
w_a1.55_b1.05_g1.1,crane,9,0.30441566275570925,0.022500000000000003,0.040499999999999994,0.225,0.0
w_a1.55_b1.05_g1.1,crane,10,0.3097563494201066,0.02166666666666667,0.039,0.21666666666666667,0.0
w_a1.55_b1.05_g1.1,crane,11,0.3100449273972838,0.025833333333333333,0.0465,0.25833333333333336,0.0
w_a1.55_b1.05_g1.1,crane,12,0.3062999840160893,0.02416666666666667,0.043500000000000004,0.24166666666666667,0.0
w_a1.55_b1.05_g1.1,crane,13,0.30898646864888496,0.02416666666666667,0.043500000000000004,0.24166666666666667,0.0
w_a1.55_b1.05_g1.1,crane,14,0.30000610940091643,0.028333333333333332,0.051000000000000004,0.2833333333333333,0.0
w_a1.55_b1.05_g1.1,crane,15,0.30847771020436926,0.021666666666666667,0.039,0.21666666666666667,0.0
w_a1.55_b1.05_g1.1,crane,16,0.31415702276466634,0.02416666666666667,0.0435,0.24166666666666667,0.0
w_a1.55_b1.05_g1.1,crane,17,0.3106796083244793,0.02416666666666667,0.0435,0.24166666666666667,0.0
w_a1.55_b1.05_g1.1,crane,18,0.3074349556665712,0.023333333333333334,0.042,0.23333333333333334,0.0
w_a1.55_b1.05_g1.1,crane,19,0.3108787458711287,0.025833333333333333,0.0465,0.25833333333333336,0.0
w_a1.55_b1.05_g1.1,crane,20,0.3181088068382948,0.022500000000000003,0.040499999999999994,0.225,0.0
w_a1.55_b1.05_g1.1,crane,21,0.3125453516507933,0.020833333333333332,0.0375,0.20833333333333334,0.0
w_a1.55_b1.05_g1.1,crane,22,0.3035070136442004,0.028333333333333335,0.051,0.2833333333333333,0.0
w_a1.55_b1.05_g1.1,crane,23,0.3108984568962431,0.025,0.045,0.25,0.0
w_a1.55_b1.05_g1.1,crane,24,0.30708312754616607,0.025833333333333333,0.0465,0.25833333333333336,0.0
w_a1.55_b1.05_g1.1,crane,25,0.3038197431362169,0.027500000000000004,0.049499999999999995,0.275,0.0
w_a1.55_b1.05_g1.1,crane,26,0.30454373445137445,0.025833333333333333,0.04649999999999999,0.25833333333333336,0.0
w_a1.55_b1.05_g1.1,crane,27,0.3033563565411124,0.025,0.045000000000000005,0.25,0.0
w_a1.55_b1.05_g1.1,crane,28,0.30755002301834744,0.02416666666666667,0.0435,0.24166666666666667,0.0
w_a1.55_b1.05_g1.1,crane,29,0.3071800348226162,0.025,0.045000000000000005,0.25,0.0
w_a1.55_b1.05_g1.1,crane,30,0.3093968660849168,0.025000000000000005,0.045,0.25,0.0
w_a1.55_b1.05_g1.1,crane,31,0.3096236715466309,0.025833333333333333,0.0465,0.25833333333333336,0.0
w_a1.55_b1.05_g1.1,crane,32,0.30454182064769086,0.025833333333333337,0.0465,0.25833333333333336,0.0
w_a1.55_b1.05_g1.1,crane,33,0.30895259480269555,0.025833333333333337,0.0465,0.25833333333333336,0.0
w_a1.55_b1.05_g1.1,crane,34,0.31079676100881254,0.023333333333333334,0.042,0.23333333333333334,0.0
w_a1.55_b1.05_g1.1,crane,35,0.30782228575146825,0.02416666666666667,0.043500000000000004,0.24166666666666667,0.0
w_a1.55_b1.05_g1.1,crane,36,0.30550784744651754,0.02416666666666667,0.0435,0.24166666666666667,0.0
w_a1.55_b1.05_g1.1,crane,37,0.298413733651483,0.029166666666666667,0.0525,0.2916666666666667,0.0
w_a1.55_b1.05_g1.1,crane,38,0.3166904560647501,0.02333333333333333,0.042,0.23333333333333334,0.0
w_a1.55_b1.05_g1.1,crane,39,0.29136604058690774,0.030000000000000002,0.054,0.3,0.0
w_a1.55_b1.05_g1.1,substation,0,0.3181735740930383,0.022500000000000003,0.0405,0.225,0.0
w_a1.55_b1.05_g1.1,substation,1,0.31489252667383855,0.020000000000000004,0.036000000000000004,0.2,0.0
w_a1.55_b1.05_g1.1,substation,2,0.3095519849370147,0.02416666666666667,0.043500000000000004,0.24166666666666667,0.0
w_a1.55_b1.05_g1.1,substation,3,0.30627710658213037,0.028333333333333335,0.051,0.2833333333333333,0.0
w_a1.55_b1.05_g1.1,substation,4,0.3132799554446579,0.020833333333333332,0.0375,0.20833333333333334,0.0
w_a1.55_b1.05_g1.1,substation,5,0.3095270231137968,0.02666666666666667,0.048,0.26666666666666666,0.0
w_a1.55_b1.05_g1.1,substation,6,0.31291752048333976,0.021666666666666667,0.039,0.21666666666666667,0.0
w_a1.55_b1.05_g1.1,substation,7,0.3093002389016988,0.024166666666666666,0.0435,0.24166666666666667,0.0
w_a1.55_b1.05_g1.1,substation,8,0.3116463970825015,0.025,0.045,0.25,0.0
w_a1.55_b1.05_g1.1,substation,9,0.3129156438586516,0.025833333333333333,0.0465,0.25833333333333336,0.0
w_a1.55_b1.05_g1.1,substation,10,0.3081838806623034,0.02333333333333333,0.042,0.23333333333333334,0.0
w_a1.55_b1.05_g1.1,substation,11,0.3064801163287765,0.0275,0.049499999999999995,0.275,0.0
w_a1.55_b1.05_g1.1,substation,12,0.31322328981237496,0.025833333333333333,0.0465,0.25833333333333336,0.0
w_a1.55_b1.05_g1.1,substation,13,0.3165994145698285,0.025,0.045000000000000005,0.25,0.0
w_a1.55_b1.05_g1.1,substation,14,0.31071895526872606,0.022500000000000003,0.0405,0.225,0.0
w_a1.55_b1.05_g1.1,substation,15,0.3103894794988981,0.023333333333333334,0.042,0.23333333333333334,0.0
w_a1.55_b1.05_g1.1,substation,16,0.3065951210941502,0.025833333333333333,0.0465,0.25833333333333336,0.0
w_a1.55_b1.05_g1.1,substation,17,0.31106030032753285,0.025833333333333337,0.0465,0.25833333333333336,0.0
w_a1.55_b1.05_g1.1,substation,18,0.30811912138485575,0.029166666666666667,0.0525,0.2916666666666667,0.0
w_a1.55_b1.05_g1.1,substation,19,0.311924852429259,0.025833333333333337,0.0465,0.25833333333333336,0.0
w_a1.55_b1.05_g1.1,substation,20,0.3116011495960046,0.025000000000000005,0.045,0.25,0.0
w_a1.55_b1.05_g1.1,substation,21,0.30967279365093003,0.0275,0.049499999999999995,0.275,0.0
w_a1.55_b1.05_g1.1,substation,22,0.31281028802611,0.022500000000000003,0.0405,0.225,0.0
w_a1.55_b1.05_g1.1,substation,23,0.31091222142827574,0.025000000000000005,0.045,0.25,0.0
w_a1.55_b1.05_g1.1,substation,24,0.3050051807128685,0.0275,0.049499999999999995,0.275,0.0
w_a1.55_b1.05_g1.1,substation,25,0.3085798949210027,0.02416666666666667,0.0435,0.24166666666666667,0.0
w_a1.55_b1.05_g1.1,substation,26,0.312781595388415,0.02416666666666667,0.0435,0.24166666666666667,0.0
w_a1.55_b1.05_g1.1,substation,27,0.31826956405764883,0.02416666666666667,0.0435,0.24166666666666667,0.0
w_a1.55_b1.05_g1.1,substation,28,0.30138761597033437,0.028333333333333335,0.051,0.2833333333333333,0.0
w_a1.55_b1.05_g1.1,substation,29,0.3070787212654313,0.025000000000000005,0.045,0.25,0.0
w_a1.55_b1.05_g1.1,substation,30,0.31552328585673367,0.025000000000000005,0.045,0.25,0.0
w_a1.55_b1.05_g1.1,substation,31,0.3190407691065952,0.02166666666666667,0.039,0.21666666666666667,0.0
w_a1.55_b1.05_g1.1,substation,32,0.3144876904113243,0.025833333333333333,0.0465,0.25833333333333336,0.0
w_a1.55_b1.05_g1.1,substation,33,0.31174305487270504,0.025000000000000005,0.045,0.25,0.0
w_a1.55_b1.05_g1.1,substation,34,0.30913061549117665,0.025833333333333333,0.0465,0.25833333333333336,0.0
w_a1.55_b1.05_g1.1,substation,35,0.30937501051269584,0.025,0.045000000000000005,0.25,0.0
w_a1.55_b1.05_g1.1,substation,36,0.3127299913236058,0.027500000000000004,0.049499999999999995,0.275,0.0
w_a1.55_b1.05_g1.1,substation,37,0.3074522753384022,0.02666666666666667,0.048,0.26666666666666666,0.0
w_a1.55_b1.05_g1.1,substation,38,0.30952231105924227,0.023333333333333334,0.042,0.23333333333333334,0.0
w_a1.55_b1.05_g1.1,substation,39,0.31148471850262643,0.02333333333333333,0.042,0.23333333333333334,0.0
w_a1.55_b1.05_g1.1,mining,0,0.3021438159201169,0.025833333333333333,0.04649999999999999,0.25833333333333336,0.0
w_a1.55_b1.05_g1.1,mining,1,0.3036082020689613,0.025,0.045,0.25,0.0
w_a1.55_b1.05_g1.1,mining,2,0.30907934828554884,0.02416666666666667,0.0435,0.24166666666666667,0.0
w_a1.55_b1.05_g1.1,mining,3,0.3029806185127519,0.02416666666666667,0.043500000000000004,0.24166666666666667,0.0
w_a1.55_b1.05_g1.1,mining,4,0.3097979503065985,0.021666666666666667,0.039,0.21666666666666667,0.0
w_a1.55_b1.05_g1.1,mining,5,0.3089652675286596,0.025,0.045,0.25,0.0
w_a1.55_b1.05_g1.1,mining,6,0.30356103341610574,0.023333333333333334,0.042,0.23333333333333334,0.0
w_a1.55_b1.05_g1.1,mining,7,0.30385536946962166,0.02666666666666667,0.048,0.26666666666666666,0.0
w_a1.55_b1.05_g1.1,mining,8,0.3001203836122502,0.0275,0.049499999999999995,0.275,0.0
w_a1.55_b1.05_g1.1,mining,9,0.30113309839710245,0.025833333333333333,0.0465,0.25833333333333336,0.0
w_a1.55_b1.05_g1.1,mining,10,0.3058989135986041,0.022500000000000003,0.040499999999999994,0.225,0.0
w_a1.55_b1.05_g1.1,mining,11,0.30230920341070205,0.028333333333333335,0.051,0.2833333333333333,0.0
w_a1.55_b1.05_g1.1,mining,12,0.30271057275167373,0.028333333333333335,0.051,0.2833333333333333,0.0
w_a1.55_b1.05_g1.1,mining,13,0.30755662856328264,0.025,0.045000000000000005,0.25,0.0
w_a1.55_b1.05_g1.1,mining,14,0.30735035262841826,0.02333333333333333,0.041999999999999996,0.23333333333333334,0.0
w_a1.55_b1.05_g1.1,mining,15,0.3031512128690215,0.025833333333333333,0.0465,0.25833333333333336,0.0
w_a1.55_b1.05_g1.1,mining,16,0.31375089818674695,0.02166666666666667,0.039,0.21666666666666667,0.0
w_a1.55_b1.05_g1.1,mining,17,0.30606030263917167,0.025,0.045,0.25,0.0
w_a1.55_b1.05_g1.1,mining,18,0.30523882471046543,0.023333333333333334,0.042,0.23333333333333334,0.0
w_a1.55_b1.05_g1.1,mining,19,0.30484508826499235,0.025833333333333333,0.0465,0.25833333333333336,0.0
w_a1.55_b1.05_g1.1,mining,20,0.3072882064444469,0.02416666666666667,0.043500000000000004,0.24166666666666667,0.0
w_a1.55_b1.05_g1.1,mining,21,0.3093403146089601,0.0275,0.049499999999999995,0.275,0.0
w_a1.55_b1.05_g1.1,mining,22,0.30927726762194235,0.022500000000000003,0.040499999999999994,0.225,0.0
w_a1.55_b1.05_g1.1,mining,23,0.30397697681328245,0.025,0.045000000000000005,0.25,0.0
w_a1.55_b1.05_g1.1,mining,24,0.3091291962688358,0.022500000000000003,0.0405,0.225,0.0
w_a1.55_b1.05_g1.1,mining,25,0.3061400988265776,0.025833333333333333,0.0465,0.25833333333333336,0.0
w_a1.55_b1.05_g1.1,mining,26,0.29828528466504073,0.022500000000000003,0.0405,0.225,0.0
w_a1.55_b1.05_g1.1,mining,27,0.302890881356747,0.023333333333333334,0.042,0.23333333333333334,0.0
w_a1.55_b1.05_g1.1,mining,28,0.3042490943833241,0.02333333333333333,0.042,0.23333333333333334,0.0
w_a1.55_b1.05_g1.1,mining,29,0.2979480257883041,0.030000000000000006,0.054,0.3,0.0
w_a1.55_b1.05_g1.1,mining,30,0.3087770937984676,0.02666666666666667,0.048,0.26666666666666666,0.0
w_a1.55_b1.05_g1.1,mining,31,0.2941548999510189,0.028333333333333335,0.051,0.2833333333333333,0.0
w_a1.55_b1.05_g1.1,mining,32,0.30354559786092744,0.025833333333333333,0.04649999999999999,0.25833333333333336,0.0
w_a1.55_b1.05_g1.1,mining,33,0.298161903616909,0.027500000000000004,0.049499999999999995,0.275,0.0
w_a1.55_b1.05_g1.1,mining,34,0.2960442877605733,0.027500000000000004,0.049499999999999995,0.275,0.0
w_a1.55_b1.05_g1.1,mining,35,0.3020944464533007,0.02416666666666667,0.0435,0.24166666666666667,0.0
w_a1.55_b1.05_g1.1,mining,36,0.3070497803252799,0.024166666666666666,0.0435,0.24166666666666667,0.0
w_a1.55_b1.05_g1.1,mining,37,0.3000412918606721,0.025833333333333337,0.0465,0.25833333333333336,0.0
w_a1.55_b1.05_g1.1,mining,38,0.2976314984936074,0.028333333333333335,0.051,0.2833333333333333,0.0
w_a1.55_b1.05_g1.1,mining,39,0.302545101273418,0.021666666666666667,0.039,0.21666666666666667,0.0
w_a1.55_b1.05_g1.1,oil_gas,0,0.2979230396481299,0.02416666666666667,0.0435,0.24166666666666667,0.0
w_a1.55_b1.05_g1.1,oil_gas,1,0.29602960714036,0.025833333333333333,0.0465,0.25833333333333336,0.0
w_a1.55_b1.05_g1.1,oil_gas,2,0.29068696496573543,0.03166666666666667,0.057,0.31666666666666665,0.0
w_a1.55_b1.05_g1.1,oil_gas,3,0.30131372566833237,0.025,0.045000000000000005,0.25,0.0
w_a1.55_b1.05_g1.1,oil_gas,4,0.30223851962870996,0.025833333333333337,0.0465,0.25833333333333336,0.0
w_a1.55_b1.05_g1.1,oil_gas,5,0.29984974389988356,0.025833333333333333,0.0465,0.25833333333333336,0.0
w_a1.55_b1.05_g1.1,oil_gas,6,0.3018067583825258,0.02416666666666667,0.0435,0.24166666666666667,0.0
w_a1.55_b1.05_g1.1,oil_gas,7,0.30787786337012374,0.025000000000000005,0.045,0.25,0.0
w_a1.55_b1.05_g1.1,oil_gas,8,0.30288380865369846,0.022500000000000003,0.040499999999999994,0.225,0.0
w_a1.55_b1.05_g1.1,oil_gas,9,0.3013446763358727,0.0275,0.049499999999999995,0.275,0.0
w_a1.55_b1.05_g1.1,oil_gas,10,0.298035895030088,0.030000000000000002,0.054,0.3,0.0
w_a1.55_b1.05_g1.1,oil_gas,11,0.30662268467565457,0.023333333333333334,0.041999999999999996,0.23333333333333334,0.0
w_a1.55_b1.05_g1.1,oil_gas,12,0.3027432904766853,0.023333333333333334,0.042,0.23333333333333334,0.0
w_a1.55_b1.05_g1.1,oil_gas,13,0.302779951239895,0.025833333333333333,0.0465,0.25833333333333336,0.0
w_a1.55_b1.05_g1.1,oil_gas,14,0.3061370301914297,0.023333333333333334,0.042,0.23333333333333334,0.0
w_a1.55_b1.05_g1.1,oil_gas,15,0.3077823802707852,0.02666666666666667,0.048,0.26666666666666666,0.0
w_a1.55_b1.05_g1.1,oil_gas,16,0.30088216867465956,0.029166666666666667,0.0525,0.2916666666666667,0.0
w_a1.55_b1.05_g1.1,oil_gas,17,0.3019969445024276,0.027500000000000004,0.049499999999999995,0.275,0.0
w_a1.55_b1.05_g1.1,oil_gas,18,0.30441767315077883,0.025833333333333337,0.0465,0.25833333333333336,0.0
w_a1.55_b1.05_g1.1,oil_gas,19,0.297640691728976,0.028333333333333332,0.051000000000000004,0.2833333333333333,0.0
w_a1.55_b1.05_g1.1,oil_gas,20,0.29666786712388826,0.02666666666666667,0.048,0.26666666666666666,0.0
w_a1.55_b1.05_g1.1,oil_gas,21,0.30812563006216104,0.025833333333333333,0.0465,0.25833333333333336,0.0
w_a1.55_b1.05_g1.1,oil_gas,22,0.29957292761511634,0.028333333333333335,0.051,0.2833333333333333,0.0
w_a1.55_b1.05_g1.1,oil_gas,23,0.2967863434081133,0.030000000000000002,0.054,0.3,0.0
w_a1.55_b1.05_g1.1,oil_gas,24,0.3004868798259365,0.027500000000000004,0.049499999999999995,0.275,0.0
w_a1.55_b1.05_g1.1,oil_gas,25,0.2937810642328458,0.03166666666666666,0.057,0.31666666666666665,0.0
w_a1.55_b1.05_g1.1,oil_gas,26,0.3003483427486268,0.027500000000000004,0.049499999999999995,0.275,0.0
w_a1.55_b1.05_g1.1,oil_gas,27,0.30699339861842045,0.025833333333333337,0.0465,0.25833333333333336,0.0
w_a1.55_b1.05_g1.1,oil_gas,28,0.2965414393720077,0.027500000000000004,0.049499999999999995,0.275,0.0
w_a1.55_b1.05_g1.1,oil_gas,29,0.30322715412886575,0.025,0.045000000000000005,0.25,0.0
w_a1.55_b1.05_g1.1,oil_gas,30,0.30965883616597417,0.02416666666666667,0.043500000000000004,0.24166666666666667,0.0
w_a1.55_b1.05_g1.1,oil_gas,31,0.3045202530573344,0.02416666666666667,0.0435,0.24166666666666667,0.0
w_a1.55_b1.05_g1.1,oil_gas,32,0.29978611030977526,0.025833333333333337,0.0465,0.25833333333333336,0.0
w_a1.55_b1.05_g1.1,oil_gas,33,0.3021308437169316,0.030000000000000002,0.054,0.3,0.0
w_a1.55_b1.05_g1.1,oil_gas,34,0.29907172349392963,0.02416666666666667,0.0435,0.24166666666666667,0.0
w_a1.55_b1.05_g1.1,oil_gas,35,0.3108363427116016,0.02333333333333333,0.041999999999999996,0.23333333333333334,0.0
w_a1.55_b1.05_g1.1,oil_gas,36,0.30296513897026106,0.022500000000000003,0.040499999999999994,0.225,0.0
w_a1.55_b1.05_g1.1,oil_gas,37,0.3043916586597812,0.02166666666666667,0.039,0.21666666666666667,0.0
w_a1.55_b1.05_g1.1,oil_gas,38,0.30515999084083595,0.025833333333333333,0.0465,0.25833333333333336,0.0
w_a1.55_b1.05_g1.1,oil_gas,39,0.30307648446407753,0.025833333333333333,0.0465,0.25833333333333336,0.0
w_a1.55_b1.05_g1.1,factory,0,0.31757438706677193,0.020833333333333332,0.0375,0.20833333333333334,0.0
w_a1.55_b1.05_g1.1,factory,1,0.32256513615517585,0.02166666666666667,0.039,0.21666666666666667,0.0
w_a1.55_b1.05_g1.1,factory,2,0.3140856668296922,0.02416666666666667,0.043500000000000004,0.24166666666666667,0.0
w_a1.55_b1.05_g1.1,factory,3,0.3256654637891697,0.025,0.045,0.25,0.0
w_a1.55_b1.05_g1.1,factory,4,0.3202011209031904,0.02166666666666667,0.039,0.21666666666666667,0.0
w_a1.55_b1.05_g1.1,factory,5,0.3179462857491276,0.025,0.045000000000000005,0.25,0.0
w_a1.55_b1.05_g1.1,factory,6,0.31869096085871385,0.0275,0.049499999999999995,0.275,0.0
w_a1.55_b1.05_g1.1,factory,7,0.32581182642666645,0.021666666666666667,0.039,0.21666666666666667,0.0
w_a1.55_b1.05_g1.1,factory,8,0.32090658948122586,0.02333333333333333,0.041999999999999996,0.23333333333333334,0.0
w_a1.55_b1.05_g1.1,factory,9,0.3221644095582176,0.023333333333333334,0.042,0.23333333333333334,0.0
w_a1.55_b1.05_g1.1,factory,10,0.3237356195417797,0.02333333333333333,0.042,0.23333333333333334,0.0
w_a1.55_b1.05_g1.1,factory,11,0.31464110323134376,0.029166666666666667,0.05249999999999999,0.2916666666666667,0.0
w_a1.55_b1.05_g1.1,factory,12,0.3250891599493793,0.02333333333333333,0.042,0.23333333333333334,0.0
w_a1.55_b1.05_g1.1,factory,13,0.3224114363158289,0.02416666666666667,0.0435,0.24166666666666667,0.0
w_a1.55_b1.05_g1.1,factory,14,0.31315906239357777,0.025833333333333337,0.0465,0.25833333333333336,0.0
w_a1.55_b1.05_g1.1,factory,15,0.3251763414924253,0.022500000000000003,0.040499999999999994,0.225,0.0
w_a1.55_b1.05_g1.1,factory,16,0.323465741609928,0.025,0.045,0.25,0.0
w_a1.55_b1.05_g1.1,factory,17,0.3196122034281629,0.022500000000000003,0.040499999999999994,0.225,0.0
w_a1.55_b1.05_g1.1,factory,18,0.3273550312909099,0.022500000000000003,0.0405,0.225,0.0
w_a1.55_b1.05_g1.1,factory,19,0.3213681951763687,0.023333333333333334,0.042,0.23333333333333334,0.0
w_a1.55_b1.05_g1.1,factory,20,0.32686985220587983,0.022500000000000003,0.040499999999999994,0.225,0.0
w_a1.55_b1.05_g1.1,factory,21,0.32133737315228744,0.022500000000000003,0.0405,0.225,0.0
w_a1.55_b1.05_g1.1,factory,22,0.3160174440059927,0.028333333333333335,0.051,0.2833333333333333,0.0
w_a1.55_b1.05_g1.1,factory,23,0.3187559009428138,0.025833333333333333,0.0465,0.25833333333333336,0.0
w_a1.55_b1.05_g1.1,factory,24,0.320129155772583,0.023333333333333334,0.042,0.23333333333333334,0.0
w_a1.55_b1.05_g1.1,factory,25,0.3188910236461188,0.02333333333333333,0.042,0.23333333333333334,0.0
w_a1.55_b1.05_g1.1,factory,26,0.32137788016573865,0.025833333333333333,0.0465,0.25833333333333336,0.0
w_a1.55_b1.05_g1.1,factory,27,0.31478253674066536,0.029166666666666667,0.05249999999999999,0.2916666666666667,0.0
w_a1.55_b1.05_g1.1,factory,28,0.325540036124645,0.025,0.045000000000000005,0.25,0.0
w_a1.55_b1.05_g1.1,factory,29,0.3143660368394574,0.0275,0.049499999999999995,0.275,0.0
w_a1.55_b1.05_g1.1,factory,30,0.3184093460087636,0.024166666666666666,0.0435,0.24166666666666667,0.0
w_a1.55_b1.05_g1.1,factory,31,0.32489305732345375,0.023333333333333334,0.042,0.23333333333333334,0.0
w_a1.55_b1.05_g1.1,factory,32,0.3159311102352487,0.025,0.045000000000000005,0.25,0.0
w_a1.55_b1.05_g1.1,factory,33,0.3268272847745672,0.020000000000000004,0.036000000000000004,0.2,0.0
w_a1.55_b1.05_g1.1,factory,34,0.3140110003580038,0.02416666666666667,0.0435,0.24166666666666667,0.0
w_a1.55_b1.05_g1.1,factory,35,0.32182834646933783,0.025,0.045000000000000005,0.25,0.0
w_a1.55_b1.05_g1.1,factory,36,0.3184548652707882,0.022500000000000003,0.040499999999999994,0.225,0.0
w_a1.55_b1.05_g1.1,factory,37,0.32151765207635213,0.01916666666666667,0.0345,0.19166666666666668,0.0
w_a1.55_b1.05_g1.1,factory,38,0.3301628278373896,0.018333333333333333,0.033,0.18333333333333332,0.0
w_a1.55_b1.05_g1.1,factory,39,0.31907845786550443,0.025,0.045000000000000005,0.25,0.0
w_a1.55_b1.05_g1.65,forklift,0,0.326301788592511,0.018083333333333337,0.012916666666666668,0.25833333333333336,0.0
w_a1.55_b1.05_g1.65,forklift,1,0.32713910054368417,0.01575,0.011250000000000001,0.225,0.0
w_a1.55_b1.05_g1.65,forklift,2,0.32952155279259315,0.01691666666666667,0.012083333333333335,0.24166666666666667,0.0
w_a1.55_b1.05_g1.65,forklift,3,0.3289462670195916,0.015750000000000004,0.011250000000000001,0.225,0.0
w_a1.55_b1.05_g1.65,forklift,4,0.326502800326093,0.018083333333333337,0.012916666666666668,0.25833333333333336,0.0
w_a1.55_b1.05_g1.65,forklift,5,0.3210989493227918,0.017500000000000005,0.012500000000000002,0.25,0.0
w_a1.55_b1.05_g1.65,forklift,6,0.3313842509507989,0.016333333333333335,0.011666666666666667,0.23333333333333334,0.0
w_a1.55_b1.05_g1.65,forklift,7,0.32107437754769436,0.018666666666666668,0.013333333333333334,0.26666666666666666,0.0
w_a1.55_b1.05_g1.65,forklift,8,0.3257501698439524,0.01925,0.013750000000000002,0.275,0.0
w_a1.55_b1.05_g1.65,forklift,9,0.32593082295274534,0.018083333333333337,0.012916666666666668,0.25833333333333336,0.0
w_a1.55_b1.05_g1.65,forklift,10,0.3222260511995053,0.016333333333333335,0.011666666666666667,0.23333333333333334,0.0
w_a1.55_b1.05_g1.65,forklift,11,0.3205324167881324,0.014583333333333335,0.010416666666666668,0.20833333333333334,0.0
w_a1.55_b1.05_g1.65,forklift,12,0.32699755825443116,0.018083333333333333,0.012916666666666668,0.25833333333333336,0.0
w_a1.55_b1.05_g1.65,forklift,13,0.327496780778513,0.0175,0.0125,0.25,0.0
w_a1.55_b1.05_g1.65,forklift,14,0.325895268515659,0.018083333333333333,0.012916666666666668,0.25833333333333336,0.0
w_a1.55_b1.05_g1.65,forklift,15,0.32500547073757496,0.014583333333333334,0.010416666666666666,0.20833333333333334,0.0
w_a1.55_b1.05_g1.65,forklift,16,0.3291289292278933,0.01925,0.01375,0.275,0.0
w_a1.55_b1.05_g1.65,forklift,17,0.3226724110084761,0.019833333333333335,0.014166666666666668,0.2833333333333333,0.0
w_a1.55_b1.05_g1.65,forklift,18,0.32174336625956645,0.018083333333333337,0.012916666666666668,0.25833333333333336,0.0
w_a1.55_b1.05_g1.65,forklift,19,0.3227489850692299,0.021000000000000005,0.015000000000000001,0.3,0.0
w_a1.55_b1.05_g1.65,forklift,20,0.32733998960297384,0.018666666666666668,0.013333333333333334,0.26666666666666666,0.0
w_a1.55_b1.05_g1.65,forklift,21,0.33041213911726364,0.018083333333333337,0.012916666666666667,0.25833333333333336,0.0
w_a1.55_b1.05_g1.65,forklift,22,0.3294819433707275,0.016333333333333335,0.011666666666666667,0.23333333333333334,0.0
w_a1.55_b1.05_g1.65,forklift,23,0.3277264582786048,0.018083333333333337,0.012916666666666668,0.25833333333333336,0.0
w_a1.55_b1.05_g1.65,forklift,24,0.3238764471490224,0.018083333333333333,0.012916666666666667,0.25833333333333336,0.0
w_a1.55_b1.05_g1.65,forklift,25,0.32518776406966576,0.018083333333333333,0.012916666666666667,0.25833333333333336,0.0
w_a1.55_b1.05_g1.65,forklift,26,0.32608242269828813,0.014000000000000002,0.010000000000000002,0.2,0.0
w_a1.55_b1.05_g1.65,forklift,27,0.3245644482212168,0.012833333333333334,0.009166666666666667,0.18333333333333332,0.0
w_a1.55_b1.05_g1.65,forklift,28,0.3265241611005666,0.016333333333333335,0.011666666666666667,0.23333333333333334,0.0
w_a1.55_b1.05_g1.65,forklift,29,0.33007285948227977,0.01575,0.011250000000000001,0.225,0.0
w_a1.55_b1.05_g1.65,forklift,30,0.3287439539988975,0.017500000000000005,0.012500000000000002,0.25,0.0
w_a1.55_b1.05_g1.65,forklift,31,0.33242774406804354,0.018083333333333337,0.012916666666666667,0.25833333333333336,0.0
w_a1.55_b1.05_g1.65,forklift,32,0.3309378349153978,0.0175,0.0125,0.25,0.0
w_a1.55_b1.05_g1.65,forklift,33,0.32602008860004034,0.018083333333333337,0.012916666666666667,0.25833333333333336,0.0
w_a1.55_b1.05_g1.65,forklift,34,0.3241581062426695,0.018083333333333337,0.012916666666666668,0.25833333333333336,0.0
w_a1.55_b1.05_g1.65,forklift,35,0.3297145066173994,0.018666666666666668,0.013333333333333334,0.26666666666666666,0.0
w_a1.55_b1.05_g1.65,forklift,36,0.32787177740371154,0.018666666666666668,0.013333333333333334,0.26666666666666666,0.0
w_a1.55_b1.05_g1.65,forklift,37,0.3217251462559535,0.019250000000000003,0.01375,0.275,0.0
w_a1.55_b1.05_g1.65,forklift,38,0.3198722998261923,0.019833333333333335,0.014166666666666668,0.2833333333333333,0.0
w_a1.55_b1.05_g1.65,forklift,39,0.3214455964671797,0.018666666666666668,0.013333333333333334,0.26666666666666666,0.0
w_a1.55_b1.05_g1.65,crane,0,0.32235876068862784,0.014000000000000002,0.010000000000000002,0.2,0.0
w_a1.55_b1.05_g1.65,crane,1,0.31434660749538684,0.018083333333333337,0.012916666666666668,0.25833333333333336,0.0
w_a1.55_b1.05_g1.65,crane,2,0.31859343952019425,0.018666666666666668,0.013333333333333334,0.26666666666666666,0.0
w_a1.55_b1.05_g1.65,crane,3,0.32209937246796655,0.014000000000000002,0.010000000000000002,0.2,0.0
w_a1.55_b1.05_g1.65,crane,4,0.32479830446539054,0.016333333333333335,0.011666666666666667,0.23333333333333334,0.0
w_a1.55_b1.05_g1.65,crane,5,0.3168681214036988,0.01575,0.011250000000000001,0.225,0.0
w_a1.55_b1.05_g1.65,crane,6,0.3175795975331564,0.018666666666666668,0.013333333333333334,0.26666666666666666,0.0
w_a1.55_b1.05_g1.65,crane,7,0.32227200610285667,0.014583333333333335,0.010416666666666666,0.20833333333333334,0.0
w_a1.55_b1.05_g1.65,crane,8,0.32304006871445,0.018666666666666668,0.013333333333333334,0.26666666666666666,0.0
w_a1.55_b1.05_g1.65,crane,9,0.3156656627557093,0.01575,0.011250000000000001,0.225,0.0
w_a1.55_b1.05_g1.65,crane,10,0.3205896827534399,0.015166666666666669,0.010833333333333335,0.21666666666666667,0.0
w_a1.55_b1.05_g1.65,crane,11,0.3229615940639505,0.018083333333333333,0.012916666666666667,0.25833333333333336,0.0
w_a1.55_b1.05_g1.65,crane,12,0.3183833173494227,0.01691666666666667,0.012083333333333335,0.24166666666666667,0.0
w_a1.55_b1.05_g1.65,crane,13,0.3210698019822183,0.01691666666666667,0.012083333333333335,0.24166666666666667,0.0
w_a1.55_b1.05_g1.65,crane,14,0.3141727760675831,0.01983333333333333,0.014166666666666666,0.2833333333333333,0.0
w_a1.55_b1.05_g1.65,crane,15,0.31931104353770257,0.015166666666666667,0.010833333333333334,0.21666666666666667,0.0
w_a1.55_b1.05_g1.65,crane,16,0.3262403560979997,0.01691666666666667,0.012083333333333335,0.24166666666666667,0.0
w_a1.55_b1.05_g1.65,crane,17,0.32279589449642915,0.01691666666666667,0.012083333333333335,0.24166666666666667,0.0
w_a1.55_b1.05_g1.65,crane,18,0.31910162233323786,0.016333333333333335,0.011666666666666667,0.23333333333333334,0.0
w_a1.55_b1.05_g1.65,crane,19,0.3237954125377953,0.018083333333333333,0.012916666666666667,0.25833333333333336,0.0
w_a1.55_b1.05_g1.65,crane,20,0.3293588068382948,0.01575,0.011250000000000001,0.225,0.0
w_a1.55_b1.05_g1.65,crane,21,0.32296201831745996,0.014583333333333335,0.010416666666666666,0.20833333333333334,0.0
w_a1.55_b1.05_g1.65,crane,22,0.3176736803108671,0.019833333333333335,0.014166666666666668,0.2833333333333333,0.0
w_a1.55_b1.05_g1.65,crane,23,0.3233984568962432,0.017500000000000005,0.0125,0.25,0.0
w_a1.55_b1.05_g1.65,crane,24,0.3199997942128327,0.018083333333333333,0.012916666666666667,0.25833333333333336,0.0
w_a1.55_b1.05_g1.65,crane,25,0.3175697431362169,0.019250000000000003,0.013750000000000002,0.275,0.0
w_a1.55_b1.05_g1.65,crane,26,0.3174604011180412,0.018083333333333337,0.012916666666666667,0.25833333333333336,0.0
w_a1.55_b1.05_g1.65,crane,27,0.3158563565411125,0.0175,0.0125,0.25,0.0
w_a1.55_b1.05_g1.65,crane,28,0.31963335635168083,0.01691666666666667,0.012083333333333335,0.24166666666666667,0.0
w_a1.55_b1.05_g1.65,crane,29,0.3196800348226162,0.017500000000000005,0.0125,0.25,0.0
w_a1.55_b1.05_g1.65,crane,30,0.3218968660849167,0.017500000000000005,0.012500000000000002,0.25,0.0
w_a1.55_b1.05_g1.65,crane,31,0.32254033821329753,0.018083333333333337,0.012916666666666667,0.25833333333333336,0.0
w_a1.55_b1.05_g1.65,crane,32,0.3174584873143575,0.018083333333333337,0.012916666666666668,0.25833333333333336,0.0
w_a1.55_b1.05_g1.65,crane,33,0.3218692614693622,0.018083333333333333,0.012916666666666668,0.25833333333333336,0.0
w_a1.55_b1.05_g1.65,crane,34,0.32246342767547925,0.016333333333333335,0.011666666666666667,0.23333333333333334,0.0
w_a1.55_b1.05_g1.65,crane,35,0.31990561908480164,0.01691666666666667,0.012083333333333335,0.24166666666666667,0.0
w_a1.55_b1.05_g1.65,crane,36,0.3175911807798508,0.01691666666666667,0.012083333333333335,0.24166666666666667,0.0
w_a1.55_b1.05_g1.65,crane,37,0.31299706698481633,0.02041666666666667,0.014583333333333334,0.2916666666666667,0.0
w_a1.55_b1.05_g1.65,crane,38,0.3283571227314168,0.016333333333333335,0.011666666666666665,0.23333333333333334,0.0
w_a1.55_b1.05_g1.65,crane,39,0.3063660405869077,0.021000000000000005,0.015000000000000001,0.3,0.0
w_a1.55_b1.05_g1.65,substation,0,0.32942357409303824,0.01575,0.011250000000000001,0.225,0.0
w_a1.55_b1.05_g1.65,substation,1,0.3248925266738386,0.014000000000000002,0.010000000000000002,0.2,0.0
w_a1.55_b1.05_g1.65,substation,2,0.321635318270348,0.01691666666666667,0.012083333333333335,0.24166666666666667,0.0
w_a1.55_b1.05_g1.65,substation,3,0.32044377324879714,0.019833333333333335,0.014166666666666668,0.2833333333333333,0.0
w_a1.55_b1.05_g1.65,substation,4,0.32369662211132455,0.014583333333333334,0.010416666666666666,0.20833333333333334,0.0
w_a1.55_b1.05_g1.65,substation,5,0.3228603564471301,0.018666666666666668,0.013333333333333334,0.26666666666666666,0.0
w_a1.55_b1.05_g1.65,substation,6,0.3237508538166731,0.015166666666666669,0.010833333333333334,0.21666666666666667,0.0
w_a1.55_b1.05_g1.65,substation,7,0.3213835722350321,0.01691666666666667,0.012083333333333333,0.24166666666666667,0.0
w_a1.55_b1.05_g1.65,substation,8,0.32414639708250154,0.017500000000000005,0.0125,0.25,0.0
w_a1.55_b1.05_g1.65,substation,9,0.3258323105253183,0.018083333333333333,0.012916666666666667,0.25833333333333336,0.0
w_a1.55_b1.05_g1.65,substation,10,0.3198505473289701,0.016333333333333335,0.011666666666666665,0.23333333333333334,0.0
w_a1.55_b1.05_g1.65,substation,11,0.3202301163287765,0.019250000000000003,0.01375,0.275,0.0
w_a1.55_b1.05_g1.65,substation,12,0.32613995647904165,0.018083333333333333,0.012916666666666667,0.25833333333333336,0.0
w_a1.55_b1.05_g1.65,substation,13,0.3290994145698285,0.017500000000000005,0.0125,0.25,0.0
w_a1.55_b1.05_g1.65,substation,14,0.32196895526872604,0.01575,0.011250000000000001,0.225,0.0
w_a1.55_b1.05_g1.65,substation,15,0.32205614616556477,0.016333333333333335,0.011666666666666667,0.23333333333333334,0.0
w_a1.55_b1.05_g1.65,substation,16,0.31951178776081685,0.018083333333333333,0.012916666666666667,0.25833333333333336,0.0
w_a1.55_b1.05_g1.65,substation,17,0.3239769669941995,0.018083333333333337,0.012916666666666668,0.25833333333333336,0.0
w_a1.55_b1.05_g1.65,substation,18,0.3227024547181891,0.02041666666666667,0.014583333333333334,0.2916666666666667,0.0
w_a1.55_b1.05_g1.65,substation,19,0.3248415190959257,0.018083333333333337,0.012916666666666668,0.25833333333333336,0.0
w_a1.55_b1.05_g1.65,substation,20,0.3241011495960046,0.017500000000000005,0.012500000000000002,0.25,0.0
w_a1.55_b1.05_g1.65,substation,21,0.32342279365092996,0.019250000000000003,0.01375,0.275,0.0
w_a1.55_b1.05_g1.65,substation,22,0.3240602880261099,0.01575,0.011250000000000001,0.225,0.0
w_a1.55_b1.05_g1.65,substation,23,0.3234122214282758,0.017500000000000005,0.012500000000000002,0.25,0.0
w_a1.55_b1.05_g1.65,substation,24,0.31875518071286846,0.019250000000000003,0.01375,0.275,0.0
w_a1.55_b1.05_g1.65,substation,25,0.320663228254336,0.01691666666666667,0.012083333333333335,0.24166666666666667,0.0
w_a1.55_b1.05_g1.65,substation,26,0.3248649287217483,0.01691666666666667,0.012083333333333335,0.24166666666666667,0.0
w_a1.55_b1.05_g1.65,substation,27,0.33035289739098217,0.01691666666666667,0.012083333333333335,0.24166666666666667,0.0
w_a1.55_b1.05_g1.65,substation,28,0.31555428263700097,0.019833333333333335,0.014166666666666668,0.2833333333333333,0.0
w_a1.55_b1.05_g1.65,substation,29,0.3195787212654313,0.017500000000000005,0.012500000000000002,0.25,0.0
w_a1.55_b1.05_g1.65,substation,30,0.32802328585673374,0.017500000000000005,0.012500000000000002,0.25,0.0
w_a1.55_b1.05_g1.65,substation,31,0.3298741024399285,0.015166666666666669,0.010833333333333335,0.21666666666666667,0.0
w_a1.55_b1.05_g1.65,substation,32,0.327404357077991,0.018083333333333333,0.012916666666666667,0.25833333333333336,0.0
w_a1.55_b1.05_g1.65,substation,33,0.324243054872705,0.017500000000000005,0.012500000000000002,0.25,0.0
w_a1.55_b1.05_g1.65,substation,34,0.3220472821578433,0.018083333333333337,0.012916666666666667,0.25833333333333336,0.0
w_a1.55_b1.05_g1.65,substation,35,0.32187501051269585,0.0175,0.0125,0.25,0.0
w_a1.55_b1.05_g1.65,substation,36,0.3264799913236058,0.019250000000000003,0.013750000000000002,0.275,0.0
w_a1.55_b1.05_g1.65,substation,37,0.3207856086717355,0.018666666666666668,0.013333333333333334,0.26666666666666666,0.0
w_a1.55_b1.05_g1.65,substation,38,0.3211889777259089,0.016333333333333335,0.011666666666666667,0.23333333333333334,0.0
w_a1.55_b1.05_g1.65,substation,39,0.3231513851692931,0.016333333333333335,0.011666666666666665,0.23333333333333334,0.0
w_a1.55_b1.05_g1.65,mining,0,0.31506048258678354,0.018083333333333337,0.012916666666666667,0.25833333333333336,0.0
w_a1.55_b1.05_g1.65,mining,1,0.31610820206896134,0.017500000000000005,0.0125,0.25,0.0
w_a1.55_b1.05_g1.65,mining,2,0.32116268161888223,0.01691666666666667,0.012083333333333335,0.24166666666666667,0.0
w_a1.55_b1.05_g1.65,mining,3,0.3150639518460852,0.01691666666666667,0.012083333333333335,0.24166666666666667,0.0
w_a1.55_b1.05_g1.65,mining,4,0.3206312836399319,0.015166666666666669,0.010833333333333334,0.21666666666666667,0.0
w_a1.55_b1.05_g1.65,mining,5,0.3214652675286596,0.017500000000000005,0.0125,0.25,0.0
w_a1.55_b1.05_g1.65,mining,6,0.3152277000827724,0.016333333333333335,0.011666666666666667,0.23333333333333334,0.0
w_a1.55_b1.05_g1.65,mining,7,0.31718870280295497,0.018666666666666668,0.013333333333333334,0.26666666666666666,0.0
w_a1.55_b1.05_g1.65,mining,8,0.3138703836122502,0.019250000000000003,0.01375,0.275,0.0
w_a1.55_b1.05_g1.65,mining,9,0.31404976506376914,0.018083333333333333,0.012916666666666667,0.25833333333333336,0.0
w_a1.55_b1.05_g1.65,mining,10,0.3171489135986042,0.01575,0.011250000000000001,0.225,0.0
w_a1.55_b1.05_g1.65,mining,11,0.3164758700773687,0.019833333333333335,0.014166666666666668,0.2833333333333333,0.0
w_a1.55_b1.05_g1.65,mining,12,0.3168772394183404,0.019833333333333335,0.014166666666666668,0.2833333333333333,0.0
w_a1.55_b1.05_g1.65,mining,13,0.32005662856328265,0.0175,0.0125,0.25,0.0
w_a1.55_b1.05_g1.65,mining,14,0.3190170192950849,0.016333333333333335,0.011666666666666665,0.23333333333333334,0.0
w_a1.55_b1.05_g1.65,mining,15,0.3160678795356882,0.018083333333333333,0.012916666666666667,0.25833333333333336,0.0
w_a1.55_b1.05_g1.65,mining,16,0.32458423152008026,0.015166666666666669,0.010833333333333335,0.21666666666666667,0.0
w_a1.55_b1.05_g1.65,mining,17,0.31856030263917173,0.017500000000000005,0.0125,0.25,0.0
w_a1.55_b1.05_g1.65,mining,18,0.31690549137713214,0.016333333333333335,0.011666666666666667,0.23333333333333334,0.0
w_a1.55_b1.05_g1.65,mining,19,0.31776175493165904,0.018083333333333333,0.012916666666666667,0.25833333333333336,0.0
w_a1.55_b1.05_g1.65,mining,20,0.3193715397777802,0.01691666666666667,0.012083333333333335,0.24166666666666667,0.0
w_a1.55_b1.05_g1.65,mining,21,0.3230903146089601,0.019250000000000003,0.01375,0.275,0.0
w_a1.55_b1.05_g1.65,mining,22,0.3205272676219424,0.01575,0.011250000000000001,0.225,0.0
w_a1.55_b1.05_g1.65,mining,23,0.31647697681328246,0.0175,0.0125,0.25,0.0
w_a1.55_b1.05_g1.65,mining,24,0.3203791962688358,0.01575,0.011250000000000001,0.225,0.0
w_a1.55_b1.05_g1.65,mining,25,0.3190567654932443,0.018083333333333333,0.012916666666666667,0.25833333333333336,0.0
w_a1.55_b1.05_g1.65,mining,26,0.30953528466504066,0.01575,0.011250000000000001,0.225,0.0
w_a1.55_b1.05_g1.65,mining,27,0.3148492146900804,0.01616666666666667,0.011500000000000002,0.23333333333333334,0.0
w_a1.55_b1.05_g1.65,mining,28,0.3159157610499908,0.016333333333333335,0.011666666666666665,0.23333333333333334,0.0
w_a1.55_b1.05_g1.65,mining,29,0.3129480257883041,0.021000000000000005,0.015000000000000003,0.3,0.0
w_a1.55_b1.05_g1.65,mining,30,0.3221104271318009,0.018666666666666668,0.013333333333333334,0.26666666666666666,0.0
w_a1.55_b1.05_g1.65,mining,31,0.3083215666176855,0.01983333333333333,0.014166666666666668,0.2833333333333333,0.0
w_a1.55_b1.05_g1.65,mining,32,0.3164622645275941,0.018083333333333337,0.012916666666666667,0.25833333333333336,0.0
w_a1.55_b1.05_g1.65,mining,33,0.311911903616909,0.019250000000000003,0.013750000000000002,0.275,0.0
w_a1.55_b1.05_g1.65,mining,34,0.30979428776057333,0.019250000000000003,0.013750000000000002,0.275,0.0
w_a1.55_b1.05_g1.65,mining,35,0.3141777797866341,0.01691666666666667,0.012083333333333335,0.24166666666666667,0.0
w_a1.55_b1.05_g1.65,mining,36,0.3191331136586132,0.01691666666666667,0.012083333333333333,0.24166666666666667,0.0
w_a1.55_b1.05_g1.65,mining,37,0.3129579585273387,0.018083333333333337,0.012916666666666668,0.25833333333333336,0.0
w_a1.55_b1.05_g1.65,mining,38,0.31179816516027414,0.019833333333333335,0.014166666666666668,0.2833333333333333,0.0
w_a1.55_b1.05_g1.65,mining,39,0.31337843460675135,0.015166666666666667,0.010833333333333334,0.21666666666666667,0.0
w_a1.55_b1.05_g1.65,oil_gas,0,0.31000637298146316,0.01691666666666667,0.012083333333333335,0.24166666666666667,0.0
w_a1.55_b1.05_g1.65,oil_gas,1,0.3089462738070266,0.018083333333333337,0.012916666666666667,0.25833333333333336,0.0
w_a1.55_b1.05_g1.65,oil_gas,2,0.30652029829906874,0.022166666666666668,0.015833333333333335,0.31666666666666665,0.0
w_a1.55_b1.05_g1.65,oil_gas,3,0.3138137256683323,0.0175,0.0125,0.25,0.0
w_a1.55_b1.05_g1.65,oil_gas,4,0.31515518629537664,0.018083333333333337,0.012916666666666668,0.25833333333333336,0.0
w_a1.55_b1.05_g1.65,oil_gas,5,0.31276641056655025,0.018083333333333333,0.012916666666666667,0.25833333333333336,0.0
w_a1.55_b1.05_g1.65,oil_gas,6,0.3138900917158592,0.01691666666666667,0.012083333333333335,0.24166666666666667,0.0
w_a1.55_b1.05_g1.65,oil_gas,7,0.3203778633701238,0.017500000000000005,0.012500000000000002,0.25,0.0
w_a1.55_b1.05_g1.65,oil_gas,8,0.31413380865369855,0.01575,0.011250000000000001,0.225,0.0
w_a1.55_b1.05_g1.65,oil_gas,9,0.3150946763358727,0.019250000000000003,0.01375,0.275,0.0
w_a1.55_b1.05_g1.65,oil_gas,10,0.31303589503008794,0.021000000000000005,0.015000000000000001,0.3,0.0
w_a1.55_b1.05_g1.65,oil_gas,11,0.3182893513423212,0.016333333333333335,0.011666666666666667,0.23333333333333334,0.0
w_a1.55_b1.05_g1.65,oil_gas,12,0.314409957143352,0.016333333333333335,0.011666666666666667,0.23333333333333334,0.0
w_a1.55_b1.05_g1.65,oil_gas,13,0.3156966179065616,0.018083333333333337,0.012916666666666667,0.25833333333333336,0.0
w_a1.55_b1.05_g1.65,oil_gas,14,0.3178036968580963,0.016333333333333335,0.011666666666666667,0.23333333333333334,0.0
w_a1.55_b1.05_g1.65,oil_gas,15,0.3211157136041185,0.018666666666666668,0.013333333333333334,0.26666666666666666,0.0
w_a1.55_b1.05_g1.65,oil_gas,16,0.3154655020079929,0.02041666666666667,0.014583333333333334,0.2916666666666667,0.0
w_a1.55_b1.05_g1.65,oil_gas,17,0.3157469445024276,0.019250000000000003,0.013750000000000002,0.275,0.0
w_a1.55_b1.05_g1.65,oil_gas,18,0.31733433981744547,0.018083333333333337,0.012916666666666668,0.25833333333333336,0.0
w_a1.55_b1.05_g1.65,oil_gas,19,0.3118073583956427,0.019833333333333335,0.014166666666666666,0.2833333333333333,0.0
w_a1.55_b1.05_g1.65,oil_gas,20,0.31000120045722157,0.018666666666666668,0.013333333333333334,0.26666666666666666,0.0
w_a1.55_b1.05_g1.65,oil_gas,21,0.32104229672882767,0.018083333333333337,0.012916666666666667,0.25833333333333336,0.0
w_a1.55_b1.05_g1.65,oil_gas,22,0.313739594281783,0.019833333333333335,0.014166666666666668,0.2833333333333333,0.0
w_a1.55_b1.05_g1.65,oil_gas,23,0.31178634340811323,0.021000000000000005,0.015000000000000001,0.3,0.0
w_a1.55_b1.05_g1.65,oil_gas,24,0.3142368798259365,0.019250000000000003,0.013750000000000002,0.275,0.0
w_a1.55_b1.05_g1.65,oil_gas,25,0.3096143975661792,0.022166666666666668,0.01583333333333333,0.31666666666666665,0.0
w_a1.55_b1.05_g1.65,oil_gas,26,0.31409834274862686,0.019250000000000003,0.013750000000000002,0.275,0.0
w_a1.55_b1.05_g1.65,oil_gas,27,0.31991006528508714,0.018083333333333337,0.012916666666666668,0.25833333333333336,0.0
w_a1.55_b1.05_g1.65,oil_gas,28,0.3102914393720077,0.01925,0.013750000000000002,0.275,0.0
w_a1.55_b1.05_g1.65,oil_gas,29,0.3157271541288658,0.0175,0.0125,0.25,0.0
w_a1.55_b1.05_g1.65,oil_gas,30,0.3217421694993075,0.01691666666666667,0.012083333333333335,0.24166666666666667,0.0
w_a1.55_b1.05_g1.65,oil_gas,31,0.3166035863906678,0.01691666666666667,0.012083333333333335,0.24166666666666667,0.0
w_a1.55_b1.05_g1.65,oil_gas,32,0.3127027769764419,0.018083333333333337,0.012916666666666668,0.25833333333333336,0.0
w_a1.55_b1.05_g1.65,oil_gas,33,0.3171308437169316,0.021000000000000005,0.015000000000000001,0.3,0.0
w_a1.55_b1.05_g1.65,oil_gas,34,0.311155056827263,0.01691666666666667,0.012083333333333335,0.24166666666666667,0.0
w_a1.55_b1.05_g1.65,oil_gas,35,0.32250300937826826,0.016333333333333335,0.011666666666666665,0.23333333333333334,0.0
w_a1.55_b1.05_g1.65,oil_gas,36,0.31421513897026104,0.01575,0.011250000000000001,0.225,0.0
w_a1.55_b1.05_g1.65,oil_gas,37,0.31522499199311454,0.015166666666666669,0.010833333333333335,0.21666666666666667,0.0
w_a1.55_b1.05_g1.65,oil_gas,38,0.31807665750750264,0.018083333333333337,0.012916666666666667,0.25833333333333336,0.0
w_a1.55_b1.05_g1.65,oil_gas,39,0.3159931511307442,0.018083333333333333,0.012916666666666667,0.25833333333333336,0.0
w_a1.55_b1.05_g1.65,factory,0,0.3279910537334387,0.014583333333333334,0.010416666666666666,0.20833333333333334,0.0
w_a1.55_b1.05_g1.65,factory,1,0.33339846948850915,0.015166666666666669,0.010833333333333335,0.21666666666666667,0.0
w_a1.55_b1.05_g1.65,factory,2,0.3261690001630255,0.01691666666666667,0.012083333333333335,0.24166666666666667,0.0
w_a1.55_b1.05_g1.65,factory,3,0.3381654637891697,0.017500000000000005,0.0125,0.25,0.0
w_a1.55_b1.05_g1.65,factory,4,0.3310344542365237,0.015166666666666669,0.010833333333333335,0.21666666666666667,0.0
w_a1.55_b1.05_g1.65,factory,5,0.3304462857491276,0.0175,0.0125,0.25,0.0
w_a1.55_b1.05_g1.65,factory,6,0.3324409608587139,0.019250000000000003,0.01375,0.275,0.0
w_a1.55_b1.05_g1.65,factory,7,0.33664515975999976,0.015166666666666667,0.010833333333333334,0.21666666666666667,0.0
w_a1.55_b1.05_g1.65,factory,8,0.33257325614789257,0.016333333333333335,0.011666666666666665,0.23333333333333334,0.0
w_a1.55_b1.05_g1.65,factory,9,0.33383107622488434,0.016333333333333335,0.011666666666666667,0.23333333333333334,0.0
w_a1.55_b1.05_g1.65,factory,10,0.3354022862084463,0.016333333333333335,0.011666666666666665,0.23333333333333334,0.0
w_a1.55_b1.05_g1.65,factory,11,0.3292244365646771,0.02041666666666667,0.014583333333333334,0.2916666666666667,0.0
w_a1.55_b1.05_g1.65,factory,12,0.33675582661604603,0.016333333333333335,0.011666666666666665,0.23333333333333334,0.0
w_a1.55_b1.05_g1.65,factory,13,0.3344947696491623,0.01691666666666667,0.012083333333333335,0.24166666666666667,0.0
w_a1.55_b1.05_g1.65,factory,14,0.3260757290602444,0.018083333333333337,0.012916666666666668,0.25833333333333336,0.0
w_a1.55_b1.05_g1.65,factory,15,0.3364263414924253,0.01575,0.011250000000000001,0.225,0.0
w_a1.55_b1.05_g1.65,factory,16,0.33596574160992804,0.017500000000000005,0.0125,0.25,0.0
w_a1.55_b1.05_g1.65,factory,17,0.33086220342816297,0.01575,0.011250000000000001,0.225,0.0
w_a1.55_b1.05_g1.65,factory,18,0.33860503129090985,0.01575,0.011250000000000001,0.225,0.0
w_a1.55_b1.05_g1.65,factory,19,0.3330348618430354,0.016333333333333335,0.011666666666666667,0.23333333333333334,0.0
w_a1.55_b1.05_g1.65,factory,20,0.33811985220587987,0.015750000000000004,0.011250000000000001,0.225,0.0
w_a1.55_b1.05_g1.65,factory,21,0.33258737315228737,0.01575,0.011250000000000001,0.225,0.0
w_a1.55_b1.05_g1.65,factory,22,0.3301841106726594,0.019833333333333335,0.014166666666666668,0.2833333333333333,0.0
w_a1.55_b1.05_g1.65,factory,23,0.3316725676094805,0.018083333333333333,0.012916666666666667,0.25833333333333336,0.0
w_a1.55_b1.05_g1.65,factory,24,0.3317958224392497,0.016333333333333335,0.011666666666666667,0.23333333333333334,0.0
w_a1.55_b1.05_g1.65,factory,25,0.3305576903127855,0.016333333333333335,0.011666666666666665,0.23333333333333334,0.0
w_a1.55_b1.05_g1.65,factory,26,0.33429454683240534,0.018083333333333333,0.012916666666666667,0.25833333333333336,0.0
w_a1.55_b1.05_g1.65,factory,27,0.3293658700739987,0.02041666666666667,0.014583333333333334,0.2916666666666667,0.0
w_a1.55_b1.05_g1.65,factory,28,0.338040036124645,0.0175,0.0125,0.25,0.0
w_a1.55_b1.05_g1.65,factory,29,0.32811603683945745,0.019250000000000003,0.01375,0.275,0.0
w_a1.55_b1.05_g1.65,factory,30,0.3304926793420969,0.01691666666666667,0.012083333333333333,0.24166666666666667,0.0
w_a1.55_b1.05_g1.65,factory,31,0.33655972399012046,0.016333333333333335,0.011666666666666667,0.23333333333333334,0.0
w_a1.55_b1.05_g1.65,factory,32,0.3284311102352488,0.0175,0.0125,0.25,0.0
w_a1.55_b1.05_g1.65,factory,33,0.3368272847745672,0.014000000000000002,0.010000000000000002,0.2,0.0
w_a1.55_b1.05_g1.65,factory,34,0.3260943336913371,0.01691666666666667,0.012083333333333335,0.24166666666666667,0.0
w_a1.55_b1.05_g1.65,factory,35,0.33432834646933784,0.017500000000000005,0.0125,0.25,0.0
w_a1.55_b1.05_g1.65,factory,36,0.3297048652707882,0.01575,0.011250000000000001,0.225,0.0
w_a1.55_b1.05_g1.65,factory,37,0.33110098540968547,0.013416666666666669,0.009583333333333334,0.19166666666666668,0.0
w_a1.55_b1.05_g1.65,factory,38,0.33932949450405625,0.012833333333333334,0.009166666666666667,0.18333333333333332,0.0
w_a1.55_b1.05_g1.65,factory,39,0.3315784578655044,0.017500000000000005,0.0125,0.25,0.0
action_scale_0.70,forklift,0,0.336764288592511,0.018083333333333337,0.012916666666666668,0.25833333333333336,0.0
action_scale_0.70,forklift,1,0.3362516005436842,0.01575,0.011250000000000001,0.225,0.0
action_scale_0.70,forklift,2,0.33930905279259327,0.01691666666666667,0.012083333333333335,0.24166666666666667,0.0
action_scale_0.70,forklift,3,0.3380587670195917,0.015750000000000004,0.011250000000000001,0.225,0.0
action_scale_0.70,forklift,4,0.336965300326093,0.018083333333333337,0.012916666666666668,0.25833333333333336,0.0
action_scale_0.70,forklift,5,0.3312239493227918,0.017500000000000005,0.012500000000000002,0.25,0.0
action_scale_0.70,forklift,6,0.34083425095079883,0.016333333333333335,0.011666666666666667,0.23333333333333334,0.0
action_scale_0.70,forklift,7,0.3318743775476944,0.018666666666666668,0.013333333333333334,0.26666666666666666,0.0
action_scale_0.70,forklift,8,0.33688766984395235,0.01925,0.013750000000000002,0.275,0.0
action_scale_0.70,forklift,9,0.3363933229527453,0.018083333333333337,0.012916666666666668,0.25833333333333336,0.0
action_scale_0.70,forklift,10,0.3316760511995053,0.016333333333333335,0.011666666666666667,0.23333333333333334,0.0
action_scale_0.70,forklift,11,0.32896991678813237,0.014583333333333335,0.010416666666666668,0.20833333333333334,0.0
action_scale_0.70,forklift,12,0.3374600582544312,0.018083333333333333,0.012916666666666668,0.25833333333333336,0.0
action_scale_0.70,forklift,13,0.33762178077851307,0.0175,0.0125,0.25,0.0
action_scale_0.70,forklift,14,0.33635776851565896,0.018083333333333333,0.012916666666666668,0.25833333333333336,0.0
action_scale_0.70,forklift,15,0.33344297073757495,0.014583333333333334,0.010416666666666666,0.20833333333333334,0.0
action_scale_0.70,forklift,16,0.3402664292278932,0.01925,0.01375,0.275,0.0
action_scale_0.70,forklift,17,0.3341474110084761,0.019833333333333335,0.014166666666666668,0.2833333333333333,0.0
action_scale_0.70,forklift,18,0.33220586625956644,0.018083333333333337,0.012916666666666668,0.25833333333333336,0.0
action_scale_0.70,forklift,19,0.3348989850692299,0.021000000000000005,0.015000000000000001,0.3,0.0
action_scale_0.70,forklift,20,0.3381399896029738,0.018666666666666668,0.013333333333333334,0.26666666666666666,0.0
action_scale_0.70,forklift,21,0.3408746391172637,0.018083333333333337,0.012916666666666667,0.25833333333333336,0.0
action_scale_0.70,forklift,22,0.3389319433707276,0.016333333333333335,0.011666666666666667,0.23333333333333334,0.0
action_scale_0.70,forklift,23,0.3381889582786048,0.018083333333333337,0.012916666666666668,0.25833333333333336,0.0
action_scale_0.70,forklift,24,0.3343389471490224,0.018083333333333333,0.012916666666666667,0.25833333333333336,0.0
action_scale_0.70,forklift,25,0.3356502640696658,0.018083333333333333,0.012916666666666667,0.25833333333333336,0.0
action_scale_0.70,forklift,26,0.33418242269828813,0.014000000000000002,0.010000000000000002,0.2,0.0
action_scale_0.70,forklift,27,0.33198944822121673,0.012833333333333334,0.009166666666666667,0.18333333333333332,0.0
action_scale_0.70,forklift,28,0.3359741611005666,0.016333333333333335,0.011666666666666667,0.23333333333333334,0.0
action_scale_0.70,forklift,29,0.3391853594822798,0.01575,0.011250000000000001,0.225,0.0
action_scale_0.70,forklift,30,0.3388689539988975,0.017500000000000005,0.012500000000000002,0.25,0.0
action_scale_0.70,forklift,31,0.3428902440680435,0.018083333333333337,0.012916666666666667,0.25833333333333336,0.0
action_scale_0.70,forklift,32,0.34106283491539785,0.0175,0.0125,0.25,0.0
action_scale_0.70,forklift,33,0.3364825886000405,0.018083333333333337,0.012916666666666667,0.25833333333333336,0.0
action_scale_0.70,forklift,34,0.33462060624266954,0.018083333333333337,0.012916666666666668,0.25833333333333336,0.0
action_scale_0.70,forklift,35,0.34051450661739935,0.018666666666666668,0.013333333333333334,0.26666666666666666,0.0
action_scale_0.70,forklift,36,0.3386717774037115,0.018666666666666668,0.013333333333333334,0.26666666666666666,0.0
action_scale_0.70,forklift,37,0.33286264625595346,0.019250000000000003,0.01375,0.275,0.0
action_scale_0.70,forklift,38,0.33134729982619227,0.019833333333333335,0.014166666666666668,0.2833333333333333,0.0
action_scale_0.70,forklift,39,0.33224559646717977,0.018666666666666668,0.013333333333333334,0.26666666666666666,0.0
action_scale_0.70,crane,0,0.33045876068862784,0.014000000000000002,0.010000000000000002,0.2,0.0
action_scale_0.70,crane,1,0.32480910749538683,0.018083333333333337,0.012916666666666668,0.25833333333333336,0.0
action_scale_0.70,crane,2,0.3293934395201943,0.018666666666666668,0.013333333333333334,0.26666666666666666,0.0
action_scale_0.70,crane,3,0.33019937246796655,0.014000000000000002,0.010000000000000002,0.2,0.0
action_scale_0.70,crane,4,0.33424830446539056,0.016333333333333335,0.011666666666666667,0.23333333333333334,0.0
action_scale_0.70,crane,5,0.3259806214036988,0.01575,0.011250000000000001,0.225,0.0
action_scale_0.70,crane,6,0.32837959753315643,0.018666666666666668,0.013333333333333334,0.26666666666666666,0.0
action_scale_0.70,crane,7,0.3307095061028566,0.014583333333333335,0.010416666666666666,0.20833333333333334,0.0
action_scale_0.70,crane,8,0.33384006871444993,0.018666666666666668,0.013333333333333334,0.26666666666666666,0.0
action_scale_0.70,crane,9,0.32477816275570925,0.01575,0.011250000000000001,0.225,0.0
action_scale_0.70,crane,10,0.3293646827534399,0.015166666666666669,0.010833333333333335,0.21666666666666667,0.0
action_scale_0.70,crane,11,0.33342409406395046,0.018083333333333333,0.012916666666666667,0.25833333333333336,0.0
action_scale_0.70,crane,12,0.3281708173494227,0.01691666666666667,0.012083333333333335,0.24166666666666667,0.0
action_scale_0.70,crane,13,0.33085730198221835,0.01691666666666667,0.012083333333333335,0.24166666666666667,0.0
action_scale_0.70,crane,14,0.32564777606758316,0.01983333333333333,0.014166666666666666,0.2833333333333333,0.0
action_scale_0.70,crane,15,0.32808604353770254,0.015166666666666667,0.010833333333333334,0.21666666666666667,0.0
action_scale_0.70,crane,16,0.33602785609799973,0.01691666666666667,0.012083333333333335,0.24166666666666667,0.0
action_scale_0.70,crane,17,0.33255044165781267,0.01691666666666667,0.012083333333333335,0.24166666666666667,0.0
action_scale_0.70,crane,18,0.3285516223332378,0.016333333333333335,0.011666666666666667,0.23333333333333334,0.0
action_scale_0.70,crane,19,0.33425791253779535,0.018083333333333333,0.012916666666666667,0.25833333333333336,0.0
action_scale_0.70,crane,20,0.3384713068382948,0.01575,0.011250000000000001,0.225,0.0
action_scale_0.70,crane,21,0.33139951831746,0.014583333333333335,0.010416666666666666,0.20833333333333334,0.0
action_scale_0.70,crane,22,0.32914868031086714,0.019833333333333335,0.014166666666666668,0.2833333333333333,0.0
action_scale_0.70,crane,23,0.3335234568962431,0.017500000000000005,0.0125,0.25,0.0
action_scale_0.70,crane,24,0.33046229421283274,0.018083333333333333,0.012916666666666667,0.25833333333333336,0.0
action_scale_0.70,crane,25,0.32870724313621685,0.019250000000000003,0.013750000000000002,0.275,0.0
action_scale_0.70,crane,26,0.3279229011180412,0.018083333333333337,0.012916666666666667,0.25833333333333336,0.0
action_scale_0.70,crane,27,0.3259813565411125,0.0175,0.0125,0.25,0.0
action_scale_0.70,crane,28,0.32942085635168084,0.01691666666666667,0.012083333333333335,0.24166666666666667,0.0
action_scale_0.70,crane,29,0.32980503482261614,0.017500000000000005,0.0125,0.25,0.0
action_scale_0.70,crane,30,0.3320218660849167,0.017500000000000005,0.012500000000000002,0.25,0.0
action_scale_0.70,crane,31,0.3330028382132976,0.018083333333333337,0.012916666666666667,0.25833333333333336,0.0
action_scale_0.70,crane,32,0.32792098731435754,0.018083333333333337,0.012916666666666668,0.25833333333333336,0.0
action_scale_0.70,crane,33,0.33233176146936216,0.018083333333333333,0.012916666666666668,0.25833333333333336,0.0
action_scale_0.70,crane,34,0.33191342767547927,0.016333333333333335,0.011666666666666667,0.23333333333333334,0.0
action_scale_0.70,crane,35,0.3296931190848016,0.01691666666666667,0.012083333333333335,0.24166666666666667,0.0
action_scale_0.70,crane,36,0.32737868077985083,0.01691666666666667,0.012083333333333335,0.24166666666666667,0.0
action_scale_0.70,crane,37,0.3248095669848164,0.02041666666666667,0.014583333333333334,0.2916666666666667,0.0
action_scale_0.70,crane,38,0.3378071227314168,0.016333333333333335,0.011666666666666665,0.23333333333333334,0.0
action_scale_0.70,crane,39,0.3185160405869077,0.021000000000000005,0.015000000000000001,0.3,0.0
action_scale_0.70,substation,0,0.33853607409303826,0.01575,0.011250000000000001,0.225,0.0
action_scale_0.70,substation,1,0.3329925266738386,0.014000000000000002,0.010000000000000002,0.2,0.0
action_scale_0.70,substation,2,0.3314228182703481,0.01691666666666667,0.012083333333333335,0.24166666666666667,0.0
action_scale_0.70,substation,3,0.3319187732487971,0.019833333333333335,0.014166666666666668,0.2833333333333333,0.0
action_scale_0.70,substation,4,0.3321341221113246,0.014583333333333334,0.010416666666666666,0.20833333333333334,0.0
action_scale_0.70,substation,5,0.33366035644713016,0.018666666666666668,0.013333333333333334,0.26666666666666666,0.0
action_scale_0.70,substation,6,0.3325258538166731,0.015166666666666669,0.010833333333333334,0.21666666666666667,0.0
action_scale_0.70,substation,7,0.3311710722350321,0.01691666666666667,0.012083333333333333,0.24166666666666667,0.0
action_scale_0.70,substation,8,0.3342713970825015,0.017500000000000005,0.0125,0.25,0.0
action_scale_0.70,substation,9,0.3362948105253183,0.018083333333333333,0.012916666666666667,0.25833333333333336,0.0
action_scale_0.70,substation,10,0.32930054732897013,0.016333333333333335,0.011666666666666665,0.23333333333333334,0.0
action_scale_0.70,substation,11,0.33136761632877654,0.019250000000000003,0.01375,0.275,0.0
action_scale_0.70,substation,12,0.3366024564790416,0.018083333333333333,0.012916666666666667,0.25833333333333336,0.0
action_scale_0.70,substation,13,0.33922441456982855,0.017500000000000005,0.0125,0.25,0.0
action_scale_0.70,substation,14,0.33108145526872607,0.01575,0.011250000000000001,0.225,0.0
action_scale_0.70,substation,15,0.3315061461655648,0.016333333333333335,0.011666666666666667,0.23333333333333334,0.0
action_scale_0.70,substation,16,0.3299742877608169,0.018083333333333333,0.012916666666666667,0.25833333333333336,0.0
action_scale_0.70,substation,17,0.33443946699419946,0.018083333333333337,0.012916666666666668,0.25833333333333336,0.0
action_scale_0.70,substation,18,0.33451495471818915,0.02041666666666667,0.014583333333333334,0.2916666666666667,0.0
action_scale_0.70,substation,19,0.33530401909592567,0.018083333333333337,0.012916666666666668,0.25833333333333336,0.0
action_scale_0.70,substation,20,0.33422614959600466,0.017500000000000005,0.012500000000000002,0.25,0.0
action_scale_0.70,substation,21,0.33456029365092993,0.019250000000000003,0.01375,0.275,0.0
action_scale_0.70,substation,22,0.33317278802611,0.01575,0.011250000000000001,0.225,0.0
action_scale_0.70,substation,23,0.33353722142827574,0.017500000000000005,0.012500000000000002,0.25,0.0
action_scale_0.70,substation,24,0.3298926807128685,0.019250000000000003,0.01375,0.275,0.0
action_scale_0.70,substation,25,0.330450728254336,0.01691666666666667,0.012083333333333335,0.24166666666666667,0.0
action_scale_0.70,substation,26,0.3346524287217483,0.01691666666666667,0.012083333333333335,0.24166666666666667,0.0
action_scale_0.70,substation,27,0.3401403973909822,0.01691666666666667,0.012083333333333335,0.24166666666666667,0.0
action_scale_0.70,substation,28,0.32702928263700104,0.019833333333333335,0.014166666666666668,0.2833333333333333,0.0
action_scale_0.70,substation,29,0.32970372126543135,0.017500000000000005,0.012500000000000002,0.25,0.0
action_scale_0.70,substation,30,0.3381482858567337,0.017500000000000005,0.012500000000000002,0.25,0.0
action_scale_0.70,substation,31,0.3386491024399285,0.015166666666666669,0.010833333333333335,0.21666666666666667,0.0
action_scale_0.70,substation,32,0.33786685707799097,0.018083333333333333,0.012916666666666667,0.25833333333333336,0.0
action_scale_0.70,substation,33,0.33436805487270504,0.017500000000000005,0.012500000000000002,0.25,0.0
action_scale_0.70,substation,34,0.3325097821578433,0.018083333333333337,0.012916666666666667,0.25833333333333336,0.0
action_scale_0.70,substation,35,0.33200001051269584,0.0175,0.0125,0.25,0.0
action_scale_0.70,substation,36,0.33761749132360586,0.019250000000000003,0.013750000000000002,0.275,0.0
action_scale_0.70,substation,37,0.3315856086717356,0.018666666666666668,0.013333333333333334,0.26666666666666666,0.0
action_scale_0.70,substation,38,0.3306389777259089,0.016333333333333335,0.011666666666666667,0.23333333333333334,0.0
action_scale_0.70,substation,39,0.3326013851692931,0.016333333333333335,0.011666666666666665,0.23333333333333334,0.0
action_scale_0.70,mining,0,0.3255229825867835,0.018083333333333337,0.012916666666666667,0.25833333333333336,0.0
action_scale_0.70,mining,1,0.3262332020689612,0.017500000000000005,0.0125,0.25,0.0
action_scale_0.70,mining,2,0.3309501816188822,0.01691666666666667,0.012083333333333335,0.24166666666666667,0.0
action_scale_0.70,mining,3,0.32485145184608527,0.01691666666666667,0.012083333333333335,0.24166666666666667,0.0
action_scale_0.70,mining,4,0.32940628363993185,0.015166666666666669,0.010833333333333334,0.21666666666666667,0.0
action_scale_0.70,mining,5,0.3315902675286596,0.017500000000000005,0.0125,0.25,0.0
action_scale_0.70,mining,6,0.3246777000827724,0.016333333333333335,0.011666666666666667,0.23333333333333334,0.0
action_scale_0.70,mining,7,0.32798870280295495,0.018666666666666668,0.013333333333333334,0.26666666666666666,0.0
action_scale_0.70,mining,8,0.3250078836122502,0.019250000000000003,0.01375,0.275,0.0
action_scale_0.70,mining,9,0.3245122650637691,0.018083333333333333,0.012916666666666667,0.25833333333333336,0.0
action_scale_0.70,mining,10,0.3262614135986041,0.01575,0.011250000000000001,0.225,0.0
action_scale_0.70,mining,11,0.32795087007736873,0.019833333333333335,0.014166666666666668,0.2833333333333333,0.0
action_scale_0.70,mining,12,0.32835223941834035,0.019833333333333335,0.014166666666666668,0.2833333333333333,0.0
action_scale_0.70,mining,13,0.3301816285632827,0.0175,0.0125,0.25,0.0
action_scale_0.70,mining,14,0.32846701929508487,0.016333333333333335,0.011666666666666665,0.23333333333333334,0.0
action_scale_0.70,mining,15,0.3265303795356882,0.018083333333333333,0.012916666666666667,0.25833333333333336,0.0
action_scale_0.70,mining,16,0.33335923152008023,0.015166666666666669,0.010833333333333335,0.21666666666666667,0.0
action_scale_0.70,mining,17,0.3286853026391717,0.017500000000000005,0.0125,0.25,0.0
action_scale_0.70,mining,18,0.32635549137713216,0.016333333333333335,0.011666666666666667,0.23333333333333334,0.0
action_scale_0.70,mining,19,0.3282242549316591,0.018083333333333333,0.012916666666666667,0.25833333333333336,0.0
action_scale_0.70,mining,20,0.32915903977778016,0.01691666666666667,0.012083333333333335,0.24166666666666667,0.0
action_scale_0.70,mining,21,0.3342278146089601,0.019250000000000003,0.01375,0.275,0.0
action_scale_0.70,mining,22,0.32963976762194236,0.01575,0.011250000000000001,0.225,0.0
action_scale_0.70,mining,23,0.3266019768132825,0.0175,0.0125,0.25,0.0
action_scale_0.70,mining,24,0.32949169626883584,0.01575,0.011250000000000001,0.225,0.0
action_scale_0.70,mining,25,0.32951926549324434,0.018083333333333333,0.012916666666666667,0.25833333333333336,0.0
action_scale_0.70,mining,26,0.31864778466504073,0.01575,0.011250000000000001,0.225,0.0
action_scale_0.70,mining,27,0.32400754802341375,0.016333333333333335,0.011666666666666667,0.23333333333333334,0.0
action_scale_0.70,mining,28,0.3253657610499908,0.016333333333333335,0.011666666666666665,0.23333333333333334,0.0
action_scale_0.70,mining,29,0.32509802578830416,0.021000000000000005,0.015000000000000003,0.3,0.0
action_scale_0.70,mining,30,0.3329104271318009,0.018666666666666668,0.013333333333333334,0.26666666666666666,0.0
action_scale_0.70,mining,31,0.3197965666176856,0.01983333333333333,0.014166666666666668,0.2833333333333333,0.0
action_scale_0.70,mining,32,0.3269247645275941,0.018083333333333337,0.012916666666666667,0.25833333333333336,0.0
action_scale_0.70,mining,33,0.323049403616909,0.019250000000000003,0.013750000000000002,0.275,0.0
action_scale_0.70,mining,34,0.3209317877605733,0.019250000000000003,0.013750000000000002,0.275,0.0
action_scale_0.70,mining,35,0.32396527978663403,0.01691666666666667,0.012083333333333335,0.24166666666666667,0.0
action_scale_0.70,mining,36,0.3289206136586132,0.01691666666666667,0.012083333333333333,0.24166666666666667,0.0
action_scale_0.70,mining,37,0.3234204585273387,0.018083333333333337,0.012916666666666668,0.25833333333333336,0.0
action_scale_0.70,mining,38,0.32327316516027416,0.019833333333333335,0.014166666666666668,0.2833333333333333,0.0
action_scale_0.70,mining,39,0.3221534346067513,0.015166666666666667,0.010833333333333334,0.21666666666666667,0.0
action_scale_0.70,oil_gas,0,0.31979387298146317,0.01691666666666667,0.012083333333333335,0.24166666666666667,0.0
action_scale_0.70,oil_gas,1,0.31940877380702665,0.018083333333333337,0.012916666666666667,0.25833333333333336,0.0
action_scale_0.70,oil_gas,2,0.3193452982990687,0.022166666666666668,0.015833333333333335,0.31666666666666665,0.0
action_scale_0.70,oil_gas,3,0.3239387256683324,0.0175,0.0125,0.25,0.0
action_scale_0.70,oil_gas,4,0.32561768629537663,0.018083333333333337,0.012916666666666668,0.25833333333333336,0.0
action_scale_0.70,oil_gas,5,0.32322891056655023,0.018083333333333333,0.012916666666666667,0.25833333333333336,0.0
action_scale_0.70,oil_gas,6,0.32367759171585914,0.01691666666666667,0.012083333333333335,0.24166666666666667,0.0
action_scale_0.70,oil_gas,7,0.33050286337012375,0.017500000000000005,0.012500000000000002,0.25,0.0
action_scale_0.70,oil_gas,8,0.32324630865369847,0.01575,0.011250000000000001,0.225,0.0
action_scale_0.70,oil_gas,9,0.3262321763358727,0.019250000000000003,0.01375,0.275,0.0
action_scale_0.70,oil_gas,10,0.32518589503008793,0.021000000000000005,0.015000000000000001,0.3,0.0
action_scale_0.70,oil_gas,11,0.3277393513423213,0.016333333333333335,0.011666666666666667,0.23333333333333334,0.0
action_scale_0.70,oil_gas,12,0.32385995714335203,0.016333333333333335,0.011666666666666667,0.23333333333333334,0.0
action_scale_0.70,oil_gas,13,0.3261591179065616,0.018083333333333337,0.012916666666666667,0.25833333333333336,0.0
action_scale_0.70,oil_gas,14,0.3272536968580963,0.016333333333333335,0.011666666666666667,0.23333333333333334,0.0
action_scale_0.70,oil_gas,15,0.33191571360411853,0.018666666666666668,0.013333333333333334,0.26666666666666666,0.0
action_scale_0.70,oil_gas,16,0.3272780020079929,0.02041666666666667,0.014583333333333334,0.2916666666666667,0.0
action_scale_0.70,oil_gas,17,0.3268844445024276,0.019250000000000003,0.013750000000000002,0.275,0.0
action_scale_0.70,oil_gas,18,0.32779683981744545,0.018083333333333337,0.012916666666666668,0.25833333333333336,0.0
action_scale_0.70,oil_gas,19,0.32328235839564273,0.019833333333333335,0.014166666666666666,0.2833333333333333,0.0
action_scale_0.70,oil_gas,20,0.3208012004572216,0.018666666666666668,0.013333333333333334,0.26666666666666666,0.0
action_scale_0.70,oil_gas,21,0.3315047967288277,0.018083333333333337,0.012916666666666667,0.25833333333333336,0.0
action_scale_0.70,oil_gas,22,0.32521459428178295,0.019833333333333335,0.014166666666666668,0.2833333333333333,0.0
action_scale_0.70,oil_gas,23,0.3239363434081132,0.021000000000000005,0.015000000000000001,0.3,0.0
action_scale_0.70,oil_gas,24,0.3253743798259364,0.019250000000000003,0.013750000000000002,0.275,0.0
action_scale_0.70,oil_gas,25,0.3224393975661792,0.022166666666666668,0.01583333333333333,0.31666666666666665,0.0
action_scale_0.70,oil_gas,26,0.3252358427486268,0.019250000000000003,0.013750000000000002,0.275,0.0
action_scale_0.70,oil_gas,27,0.3303725652850871,0.018083333333333337,0.012916666666666668,0.25833333333333336,0.0
action_scale_0.70,oil_gas,28,0.3214289393720077,0.01925,0.013750000000000002,0.275,0.0
action_scale_0.70,oil_gas,29,0.32585215412886576,0.0175,0.0125,0.25,0.0
action_scale_0.70,oil_gas,30,0.3315296694993075,0.01691666666666667,0.012083333333333335,0.24166666666666667,0.0
action_scale_0.70,oil_gas,31,0.32639108639066783,0.01691666666666667,0.012083333333333335,0.24166666666666667,0.0
action_scale_0.70,oil_gas,32,0.3231652769764419,0.018083333333333337,0.012916666666666668,0.25833333333333336,0.0
action_scale_0.70,oil_gas,33,0.32928084371693156,0.021000000000000005,0.015000000000000001,0.3,0.0
action_scale_0.70,oil_gas,34,0.32094255682726297,0.01691666666666667,0.012083333333333335,0.24166666666666667,0.0
action_scale_0.70,oil_gas,35,0.33195300937826827,0.016333333333333335,0.011666666666666665,0.23333333333333334,0.0
action_scale_0.70,oil_gas,36,0.323327638970261,0.01575,0.011250000000000001,0.225,0.0
action_scale_0.70,oil_gas,37,0.32399999199311463,0.015166666666666669,0.010833333333333335,0.21666666666666667,0.0
action_scale_0.70,oil_gas,38,0.3285391575075027,0.018083333333333337,0.012916666666666667,0.25833333333333336,0.0
action_scale_0.70,oil_gas,39,0.3264556511307442,0.018083333333333333,0.012916666666666667,0.25833333333333336,0.0
action_scale_0.70,factory,0,0.3364285537334386,0.014583333333333334,0.010416666666666666,0.20833333333333334,0.0
action_scale_0.70,factory,1,0.3421734694885092,0.015166666666666669,0.010833333333333335,0.21666666666666667,0.0
action_scale_0.70,factory,2,0.33595650016302553,0.01691666666666667,0.012083333333333335,0.24166666666666667,0.0
action_scale_0.70,factory,3,0.3482904637891696,0.017500000000000005,0.0125,0.25,0.0
action_scale_0.70,factory,4,0.3398094542365237,0.015166666666666669,0.010833333333333335,0.21666666666666667,0.0
action_scale_0.70,factory,5,0.34057128574912754,0.0175,0.0125,0.25,0.0
action_scale_0.70,factory,6,0.3435784608587139,0.019250000000000003,0.01375,0.275,0.0
action_scale_0.70,factory,7,0.34542015975999973,0.015166666666666667,0.010833333333333334,0.21666666666666667,0.0
action_scale_0.70,factory,8,0.34202325614789253,0.016333333333333335,0.011666666666666665,0.23333333333333334,0.0
action_scale_0.70,factory,9,0.34328107622488435,0.016333333333333335,0.011666666666666667,0.23333333333333334,0.0
action_scale_0.70,factory,10,0.3448522862084463,0.016333333333333335,0.011666666666666665,0.23333333333333334,0.0
action_scale_0.70,factory,11,0.34103693656467715,0.02041666666666667,0.014583333333333334,0.2916666666666667,0.0
action_scale_0.70,factory,12,0.34620582661604604,0.016333333333333335,0.011666666666666665,0.23333333333333334,0.0
action_scale_0.70,factory,13,0.34428226964916225,0.01691666666666667,0.012083333333333335,0.24166666666666667,0.0
action_scale_0.70,factory,14,0.3365382290602444,0.018083333333333337,0.012916666666666668,0.25833333333333336,0.0
action_scale_0.70,factory,15,0.3455388414924253,0.01575,0.011250000000000001,0.225,0.0
action_scale_0.70,factory,16,0.3460907416099281,0.017500000000000005,0.0125,0.25,0.0
action_scale_0.70,factory,17,0.3399747034281629,0.01575,0.011250000000000001,0.225,0.0
action_scale_0.70,factory,18,0.34771753129090993,0.01575,0.011250000000000001,0.225,0.0
action_scale_0.70,factory,19,0.3424848618430353,0.016333333333333335,0.011666666666666667,0.23333333333333334,0.0
action_scale_0.70,factory,20,0.34723235220587995,0.015750000000000004,0.011250000000000001,0.225,0.0
action_scale_0.70,factory,21,0.3416998731522874,0.01575,0.011250000000000001,0.225,0.0
action_scale_0.70,factory,22,0.34165911067265936,0.019833333333333335,0.014166666666666668,0.2833333333333333,0.0
action_scale_0.70,factory,23,0.3421350676094805,0.018083333333333333,0.012916666666666667,0.25833333333333336,0.0
action_scale_0.70,factory,24,0.34124582243924967,0.016333333333333335,0.011666666666666667,0.23333333333333334,0.0
action_scale_0.70,factory,25,0.3400076903127855,0.016333333333333335,0.011666666666666665,0.23333333333333334,0.0
action_scale_0.70,factory,26,0.3447570468324053,0.018083333333333333,0.012916666666666667,0.25833333333333336,0.0
action_scale_0.70,factory,27,0.3411783700739987,0.02041666666666667,0.014583333333333334,0.2916666666666667,0.0
action_scale_0.70,factory,28,0.34816503612464506,0.0175,0.0125,0.25,0.0
action_scale_0.70,factory,29,0.33925353683945747,0.019250000000000003,0.01375,0.275,0.0
action_scale_0.70,factory,30,0.3402801793420969,0.01691666666666667,0.012083333333333333,0.24166666666666667,0.0
action_scale_0.70,factory,31,0.3460097239901205,0.016333333333333335,0.011666666666666667,0.23333333333333334,0.0
action_scale_0.70,factory,32,0.33855611023524873,0.0175,0.0125,0.25,0.0
action_scale_0.70,factory,33,0.3449272847745673,0.014000000000000002,0.010000000000000002,0.2,0.0
action_scale_0.70,factory,34,0.33588183369133706,0.01691666666666667,0.012083333333333335,0.24166666666666667,0.0
action_scale_0.70,factory,35,0.3444533464693379,0.017500000000000005,0.0125,0.25,0.0
action_scale_0.70,factory,36,0.3388173652707882,0.01575,0.011250000000000001,0.225,0.0
action_scale_0.70,factory,37,0.33886348540968547,0.013416666666666669,0.009583333333333334,0.19166666666666668,0.0
action_scale_0.70,factory,38,0.34675449450405627,0.012833333333333334,0.009166666666666667,0.18333333333333332,0.0
action_scale_0.70,factory,39,0.3417034578655044,0.017500000000000005,0.0125,0.25,0.0
action_scale_0.85,forklift,0,0.33153303859251093,0.018083333333333337,0.012916666666666668,0.25833333333333336,0.0
action_scale_0.85,forklift,1,0.33169535054368426,0.01575,0.011250000000000001,0.225,0.0
action_scale_0.85,forklift,2,0.33441530279259324,0.01691666666666667,0.012083333333333335,0.24166666666666667,0.0
action_scale_0.85,forklift,3,0.33350251701959166,0.015750000000000004,0.011250000000000001,0.225,0.0
action_scale_0.85,forklift,4,0.331734050326093,0.018083333333333337,0.012916666666666668,0.25833333333333336,0.0
action_scale_0.85,forklift,5,0.32616144932279184,0.017500000000000005,0.012500000000000002,0.25,0.0
action_scale_0.85,forklift,6,0.33610925095079885,0.016333333333333335,0.011666666666666667,0.23333333333333334,0.0
action_scale_0.85,forklift,7,0.3264743775476943,0.018666666666666668,0.013333333333333334,0.26666666666666666,0.0
action_scale_0.85,forklift,8,0.3313189198439524,0.01925,0.013750000000000002,0.275,0.0
action_scale_0.85,forklift,9,0.33116207295274536,0.018083333333333337,0.012916666666666668,0.25833333333333336,0.0
action_scale_0.85,forklift,10,0.3269510511995053,0.016333333333333335,0.011666666666666667,0.23333333333333334,0.0
action_scale_0.85,forklift,11,0.3247511667881324,0.014583333333333335,0.010416666666666668,0.20833333333333334,0.0
action_scale_0.85,forklift,12,0.33222880825443113,0.018083333333333333,0.012916666666666668,0.25833333333333336,0.0
action_scale_0.85,forklift,13,0.33255928077851304,0.0175,0.0125,0.25,0.0
action_scale_0.85,forklift,14,0.331126518515659,0.018083333333333333,0.012916666666666668,0.25833333333333336,0.0
action_scale_0.85,forklift,15,0.32922422073757496,0.014583333333333334,0.010416666666666666,0.20833333333333334,0.0
action_scale_0.85,forklift,16,0.33469767922789323,0.01925,0.01375,0.275,0.0
action_scale_0.85,forklift,17,0.3284099110084761,0.019833333333333335,0.014166666666666668,0.2833333333333333,0.0
action_scale_0.85,forklift,18,0.32697461625956653,0.018083333333333337,0.012916666666666668,0.25833333333333336,0.0
action_scale_0.85,forklift,19,0.3288239850692299,0.021000000000000005,0.015000000000000001,0.3,0.0
action_scale_0.85,forklift,20,0.3327399896029738,0.018666666666666668,0.013333333333333334,0.26666666666666666,0.0
action_scale_0.85,forklift,21,0.33564338911726366,0.018083333333333337,0.012916666666666667,0.25833333333333336,0.0
action_scale_0.85,forklift,22,0.33420694337072754,0.016333333333333335,0.011666666666666667,0.23333333333333334,0.0
action_scale_0.85,forklift,23,0.3329577082786048,0.018083333333333337,0.012916666666666668,0.25833333333333336,0.0
action_scale_0.85,forklift,24,0.32910769714902244,0.018083333333333333,0.012916666666666667,0.25833333333333336,0.0
action_scale_0.85,forklift,25,0.3304190140696658,0.018083333333333333,0.012916666666666667,0.25833333333333336,0.0
action_scale_0.85,forklift,26,0.33013242269828813,0.014000000000000002,0.010000000000000002,0.2,0.0
action_scale_0.85,forklift,27,0.3282769482212167,0.012833333333333334,0.009166666666666667,0.18333333333333332,0.0
action_scale_0.85,forklift,28,0.3312491611005666,0.016333333333333335,0.011666666666666667,0.23333333333333334,0.0
action_scale_0.85,forklift,29,0.3346291094822798,0.01575,0.011250000000000001,0.225,0.0
action_scale_0.85,forklift,30,0.33380645399889747,0.017500000000000005,0.012500000000000002,0.25,0.0
action_scale_0.85,forklift,31,0.3376589940680435,0.018083333333333337,0.012916666666666667,0.25833333333333336,0.0
action_scale_0.85,forklift,32,0.3360003349153979,0.0175,0.0125,0.25,0.0
action_scale_0.85,forklift,33,0.3312513386000404,0.018083333333333337,0.012916666666666667,0.25833333333333336,0.0
action_scale_0.85,forklift,34,0.32938935624266963,0.018083333333333337,0.012916666666666668,0.25833333333333336,0.0
action_scale_0.85,forklift,35,0.3351145066173994,0.018666666666666668,0.013333333333333334,0.26666666666666666,0.0
action_scale_0.85,forklift,36,0.33327177740371144,0.018666666666666668,0.013333333333333334,0.26666666666666666,0.0
action_scale_0.85,forklift,37,0.32729389625595345,0.019250000000000003,0.01375,0.275,0.0
action_scale_0.85,forklift,38,0.32560979982619226,0.019833333333333335,0.014166666666666668,0.2833333333333333,0.0
action_scale_0.85,forklift,39,0.3268455964671798,0.018666666666666668,0.013333333333333334,0.26666666666666666,0.0
action_scale_0.85,crane,0,0.3264087606886278,0.014000000000000002,0.010000000000000002,0.2,0.0
action_scale_0.85,crane,1,0.3195778574953868,0.018083333333333337,0.012916666666666668,0.25833333333333336,0.0
action_scale_0.85,crane,2,0.3239934395201942,0.018666666666666668,0.013333333333333334,0.26666666666666666,0.0
action_scale_0.85,crane,3,0.3261493724679666,0.014000000000000002,0.010000000000000002,0.2,0.0
action_scale_0.85,crane,4,0.32952330446539063,0.016333333333333335,0.011666666666666667,0.23333333333333334,0.0
action_scale_0.85,crane,5,0.3214243714036988,0.01575,0.011250000000000001,0.225,0.0
action_scale_0.85,crane,6,0.32297959753315636,0.018666666666666668,0.013333333333333334,0.26666666666666666,0.0
action_scale_0.85,crane,7,0.3264907561028567,0.014583333333333335,0.010416666666666666,0.20833333333333334,0.0
action_scale_0.85,crane,8,0.32844006871445,0.018666666666666668,0.013333333333333334,0.26666666666666666,0.0
action_scale_0.85,crane,9,0.32022191275570927,0.01575,0.011250000000000001,0.225,0.0
action_scale_0.85,crane,10,0.3249771827534399,0.015166666666666669,0.010833333333333335,0.21666666666666667,0.0
action_scale_0.85,crane,11,0.32819284406395055,0.018083333333333333,0.012916666666666667,0.25833333333333336,0.0
action_scale_0.85,crane,12,0.3232770673494227,0.01691666666666667,0.012083333333333335,0.24166666666666667,0.0
action_scale_0.85,crane,13,0.3259635519822183,0.01691666666666667,0.012083333333333335,0.24166666666666667,0.0
action_scale_0.85,crane,14,0.3199102760675831,0.01983333333333333,0.014166666666666666,0.2833333333333333,0.0
action_scale_0.85,crane,15,0.32369854353770255,0.015166666666666667,0.010833333333333334,0.21666666666666667,0.0
action_scale_0.85,crane,16,0.33113410609799965,0.01691666666666667,0.012083333333333335,0.24166666666666667,0.0
action_scale_0.85,crane,17,0.32765669165781264,0.01691666666666667,0.012083333333333335,0.24166666666666667,0.0
action_scale_0.85,crane,18,0.3238266223332379,0.016333333333333335,0.011666666666666667,0.23333333333333334,0.0
action_scale_0.85,crane,19,0.3290266625377953,0.018083333333333333,0.012916666666666667,0.25833333333333336,0.0
action_scale_0.85,crane,20,0.33391505683829487,0.01575,0.011250000000000001,0.225,0.0
action_scale_0.85,crane,21,0.32718076831746,0.014583333333333335,0.010416666666666666,0.20833333333333334,0.0
action_scale_0.85,crane,22,0.32341118031086713,0.019833333333333335,0.014166666666666668,0.2833333333333333,0.0
action_scale_0.85,crane,23,0.3284609568962431,0.017500000000000005,0.0125,0.25,0.0
action_scale_0.85,crane,24,0.3252310442128328,0.018083333333333333,0.012916666666666667,0.25833333333333336,0.0
action_scale_0.85,crane,25,0.32313849313621684,0.019250000000000003,0.013750000000000002,0.275,0.0
action_scale_0.85,crane,26,0.32269165111804116,0.018083333333333337,0.012916666666666667,0.25833333333333336,0.0
action_scale_0.85,crane,27,0.3209188565411125,0.0175,0.0125,0.25,0.0
action_scale_0.85,crane,28,0.3245271063516808,0.01691666666666667,0.012083333333333335,0.24166666666666667,0.0
action_scale_0.85,crane,29,0.3247425348226162,0.017500000000000005,0.0125,0.25,0.0
action_scale_0.85,crane,30,0.32695936608491677,0.017500000000000005,0.012500000000000002,0.25,0.0
action_scale_0.85,crane,31,0.3277715882132976,0.018083333333333337,0.012916666666666667,0.25833333333333336,0.0
action_scale_0.85,crane,32,0.32268973731435757,0.018083333333333337,0.012916666666666668,0.25833333333333336,0.0
action_scale_0.85,crane,33,0.3271005114693622,0.018083333333333333,0.012916666666666668,0.25833333333333336,0.0
action_scale_0.85,crane,34,0.32718842767547923,0.016333333333333335,0.011666666666666667,0.23333333333333334,0.0
action_scale_0.85,crane,35,0.32479936908480156,0.01691666666666667,0.012083333333333335,0.24166666666666667,0.0
action_scale_0.85,crane,36,0.32248493077985085,0.01691666666666667,0.012083333333333335,0.24166666666666667,0.0
action_scale_0.85,crane,37,0.3189033169848164,0.02041666666666667,0.014583333333333334,0.2916666666666667,0.0
action_scale_0.85,crane,38,0.3330821227314168,0.016333333333333335,0.011666666666666665,0.23333333333333334,0.0
action_scale_0.85,crane,39,0.3124410405869077,0.021000000000000005,0.015000000000000001,0.3,0.0
action_scale_0.85,substation,0,0.3339798240930383,0.01575,0.011250000000000001,0.225,0.0
action_scale_0.85,substation,1,0.3289425266738386,0.014000000000000002,0.010000000000000002,0.2,0.0
action_scale_0.85,substation,2,0.32652906827034806,0.01691666666666667,0.012083333333333335,0.24166666666666667,0.0
action_scale_0.85,substation,3,0.32618127324879703,0.019833333333333335,0.014166666666666668,0.2833333333333333,0.0
action_scale_0.85,substation,4,0.32791537211132454,0.014583333333333334,0.010416666666666666,0.20833333333333334,0.0
action_scale_0.85,substation,5,0.32826035644713014,0.018666666666666668,0.013333333333333334,0.26666666666666666,0.0
action_scale_0.85,substation,6,0.3281383538166731,0.015166666666666669,0.010833333333333334,0.21666666666666667,0.0
action_scale_0.85,substation,7,0.3262773222350321,0.01691666666666667,0.012083333333333333,0.24166666666666667,0.0
action_scale_0.85,substation,8,0.32920889708250145,0.017500000000000005,0.0125,0.25,0.0
action_scale_0.85,substation,9,0.3310635605253183,0.018083333333333333,0.012916666666666667,0.25833333333333336,0.0
action_scale_0.85,substation,10,0.3245755473289701,0.016333333333333335,0.011666666666666665,0.23333333333333334,0.0
action_scale_0.85,substation,11,0.3257988663287765,0.019250000000000003,0.01375,0.275,0.0
action_scale_0.85,substation,12,0.33137120647904167,0.018083333333333333,0.012916666666666667,0.25833333333333336,0.0
action_scale_0.85,substation,13,0.3341619145698285,0.017500000000000005,0.0125,0.25,0.0
action_scale_0.85,substation,14,0.326525205268726,0.01575,0.011250000000000001,0.225,0.0
action_scale_0.85,substation,15,0.3267811461655648,0.016333333333333335,0.011666666666666667,0.23333333333333334,0.0
action_scale_0.85,substation,16,0.32474303776081687,0.018083333333333333,0.012916666666666667,0.25833333333333336,0.0
action_scale_0.85,substation,17,0.3292082169941995,0.018083333333333337,0.012916666666666668,0.25833333333333336,0.0
action_scale_0.85,substation,18,0.3286087047181891,0.02041666666666667,0.014583333333333334,0.2916666666666667,0.0
action_scale_0.85,substation,19,0.33007276909592564,0.018083333333333337,0.012916666666666668,0.25833333333333336,0.0
action_scale_0.85,substation,20,0.32916364959600464,0.017500000000000005,0.012500000000000002,0.25,0.0
action_scale_0.85,substation,21,0.3289915436509299,0.019250000000000003,0.01375,0.275,0.0
action_scale_0.85,substation,22,0.32861653802610996,0.01575,0.011250000000000001,0.225,0.0
action_scale_0.85,substation,23,0.32847472142827583,0.017500000000000005,0.012500000000000002,0.25,0.0
action_scale_0.85,substation,24,0.32432393071286847,0.019250000000000003,0.01375,0.275,0.0
action_scale_0.85,substation,25,0.32555697825433605,0.01691666666666667,0.012083333333333335,0.24166666666666667,0.0
action_scale_0.85,substation,26,0.3297586787217483,0.01691666666666667,0.012083333333333335,0.24166666666666667,0.0
action_scale_0.85,substation,27,0.33524664739098214,0.01691666666666667,0.012083333333333335,0.24166666666666667,0.0
action_scale_0.85,substation,28,0.321291782637001,0.019833333333333335,0.014166666666666668,0.2833333333333333,0.0
action_scale_0.85,substation,29,0.3246412212654313,0.017500000000000005,0.012500000000000002,0.25,0.0
action_scale_0.85,substation,30,0.3330857858567337,0.017500000000000005,0.012500000000000002,0.25,0.0
action_scale_0.85,substation,31,0.33426160243992853,0.015166666666666669,0.010833333333333335,0.21666666666666667,0.0
action_scale_0.85,substation,32,0.332635607077991,0.018083333333333333,0.012916666666666667,0.25833333333333336,0.0
action_scale_0.85,substation,33,0.329305554872705,0.017500000000000005,0.012500000000000002,0.25,0.0
action_scale_0.85,substation,34,0.32727853215784336,0.018083333333333337,0.012916666666666667,0.25833333333333336,0.0
action_scale_0.85,substation,35,0.32693751051269593,0.0175,0.0125,0.25,0.0
action_scale_0.85,substation,36,0.33204874132360584,0.019250000000000003,0.013750000000000002,0.275,0.0
action_scale_0.85,substation,37,0.3261856086717355,0.018666666666666668,0.013333333333333334,0.26666666666666666,0.0
action_scale_0.85,substation,38,0.3259139777259089,0.016333333333333335,0.011666666666666667,0.23333333333333334,0.0
action_scale_0.85,substation,39,0.32787638516929307,0.016333333333333335,0.011666666666666665,0.23333333333333334,0.0
action_scale_0.85,mining,0,0.32029173258678356,0.018083333333333337,0.012916666666666667,0.25833333333333336,0.0
action_scale_0.85,mining,1,0.3211707020689613,0.017500000000000005,0.0125,0.25,0.0
action_scale_0.85,mining,2,0.3260564316188822,0.01691666666666667,0.012083333333333335,0.24166666666666667,0.0
action_scale_0.85,mining,3,0.31995770184608524,0.01691666666666667,0.012083333333333335,0.24166666666666667,0.0
action_scale_0.85,mining,4,0.32501878363993186,0.015166666666666669,0.010833333333333334,0.21666666666666667,0.0
action_scale_0.85,mining,5,0.32652776752865953,0.017500000000000005,0.0125,0.25,0.0
action_scale_0.85,mining,6,0.3199527000827724,0.016333333333333335,0.011666666666666667,0.23333333333333334,0.0
action_scale_0.85,mining,7,0.322588702802955,0.018666666666666668,0.013333333333333334,0.26666666666666666,0.0
action_scale_0.85,mining,8,0.31943913361225024,0.019250000000000003,0.01375,0.275,0.0
action_scale_0.85,mining,9,0.31928101506376916,0.018083333333333333,0.012916666666666667,0.25833333333333336,0.0
action_scale_0.85,mining,10,0.3217051635986042,0.01575,0.011250000000000001,0.225,0.0
action_scale_0.85,mining,11,0.3222133700773687,0.019833333333333335,0.014166666666666668,0.2833333333333333,0.0
action_scale_0.85,mining,12,0.3226147394183404,0.019833333333333335,0.014166666666666668,0.2833333333333333,0.0
action_scale_0.85,mining,13,0.3251191285632827,0.0175,0.0125,0.25,0.0
action_scale_0.85,mining,14,0.3237420192950849,0.016333333333333335,0.011666666666666665,0.23333333333333334,0.0
action_scale_0.85,mining,15,0.32129912953568823,0.018083333333333333,0.012916666666666667,0.25833333333333336,0.0
action_scale_0.85,mining,16,0.3289717315200803,0.015166666666666669,0.010833333333333335,0.21666666666666667,0.0
action_scale_0.85,mining,17,0.3236228026391717,0.017500000000000005,0.0125,0.25,0.0
action_scale_0.85,mining,18,0.3216304913771321,0.016333333333333335,0.011666666666666667,0.23333333333333334,0.0
action_scale_0.85,mining,19,0.32299300493165906,0.018083333333333333,0.012916666666666667,0.25833333333333336,0.0
action_scale_0.85,mining,20,0.3242652897777802,0.01691666666666667,0.012083333333333335,0.24166666666666667,0.0
action_scale_0.85,mining,21,0.3286590646089601,0.019250000000000003,0.01375,0.275,0.0
action_scale_0.85,mining,22,0.3250835176219424,0.01575,0.011250000000000001,0.225,0.0
action_scale_0.85,mining,23,0.3215394768132825,0.0175,0.0125,0.25,0.0
action_scale_0.85,mining,24,0.32493544626883586,0.01575,0.011250000000000001,0.225,0.0
action_scale_0.85,mining,25,0.3242880154932443,0.018083333333333333,0.012916666666666667,0.25833333333333336,0.0
action_scale_0.85,mining,26,0.3140915346650407,0.01575,0.011250000000000001,0.225,0.0
action_scale_0.85,mining,27,0.31928254802341366,0.016333333333333335,0.011666666666666667,0.23333333333333334,0.0
action_scale_0.85,mining,28,0.32064076104999084,0.016333333333333335,0.011666666666666665,0.23333333333333334,0.0
action_scale_0.85,mining,29,0.3190230257883041,0.021000000000000005,0.015000000000000003,0.3,0.0
action_scale_0.85,mining,30,0.3275104271318009,0.018666666666666668,0.013333333333333334,0.26666666666666666,0.0
action_scale_0.85,mining,31,0.31405906661768557,0.01983333333333333,0.014166666666666668,0.2833333333333333,0.0
action_scale_0.85,mining,32,0.32169351452759415,0.018083333333333337,0.012916666666666667,0.25833333333333336,0.0
action_scale_0.85,mining,33,0.31748065361690897,0.019250000000000003,0.013750000000000002,0.275,0.0
action_scale_0.85,mining,34,0.3153630377605733,0.019250000000000003,0.013750000000000002,0.275,0.0
action_scale_0.85,mining,35,0.31907152978663406,0.01691666666666667,0.012083333333333335,0.24166666666666667,0.0
action_scale_0.85,mining,36,0.3240268636586132,0.01691666666666667,0.012083333333333333,0.24166666666666667,0.0
action_scale_0.85,mining,37,0.31818920852733873,0.018083333333333337,0.012916666666666668,0.25833333333333336,0.0
action_scale_0.85,mining,38,0.31753566516027415,0.019833333333333335,0.014166666666666668,0.2833333333333333,0.0
action_scale_0.85,mining,39,0.31776593460675134,0.015166666666666667,0.010833333333333334,0.21666666666666667,0.0
action_scale_0.85,oil_gas,0,0.3149001229814632,0.01691666666666667,0.012083333333333335,0.24166666666666667,0.0
action_scale_0.85,oil_gas,1,0.3141775238070267,0.018083333333333337,0.012916666666666667,0.25833333333333336,0.0
action_scale_0.85,oil_gas,2,0.3129327982990688,0.022166666666666668,0.015833333333333335,0.31666666666666665,0.0
action_scale_0.85,oil_gas,3,0.3188762256683324,0.0175,0.0125,0.25,0.0
action_scale_0.85,oil_gas,4,0.32038643629537666,0.018083333333333337,0.012916666666666668,0.25833333333333336,0.0
action_scale_0.85,oil_gas,5,0.3179976605665502,0.018083333333333333,0.012916666666666667,0.25833333333333336,0.0
action_scale_0.85,oil_gas,6,0.31878384171585916,0.01691666666666667,0.012083333333333335,0.24166666666666667,0.0
action_scale_0.85,oil_gas,7,0.3254403633701238,0.017500000000000005,0.012500000000000002,0.25,0.0
action_scale_0.85,oil_gas,8,0.3186900586536986,0.01575,0.011250000000000001,0.225,0.0
action_scale_0.85,oil_gas,9,0.32066342633587275,0.019250000000000003,0.01375,0.275,0.0
action_scale_0.85,oil_gas,10,0.31911089503008794,0.021000000000000005,0.015000000000000001,0.3,0.0
action_scale_0.85,oil_gas,11,0.32301435134232126,0.016333333333333335,0.011666666666666667,0.23333333333333334,0.0
action_scale_0.85,oil_gas,12,0.3191349571433521,0.016333333333333335,0.011666666666666667,0.23333333333333334,0.0
action_scale_0.85,oil_gas,13,0.32092786790656164,0.018083333333333337,0.012916666666666667,0.25833333333333336,0.0
action_scale_0.85,oil_gas,14,0.3225286968580964,0.016333333333333335,0.011666666666666667,0.23333333333333334,0.0
action_scale_0.85,oil_gas,15,0.3265157136041186,0.018666666666666668,0.013333333333333334,0.26666666666666666,0.0
action_scale_0.85,oil_gas,16,0.32137175200799295,0.02041666666666667,0.014583333333333334,0.2916666666666667,0.0
action_scale_0.85,oil_gas,17,0.3213156945024276,0.019250000000000003,0.013750000000000002,0.275,0.0
action_scale_0.85,oil_gas,18,0.32256558981744554,0.018083333333333337,0.012916666666666668,0.25833333333333336,0.0
action_scale_0.85,oil_gas,19,0.31754485839564267,0.019833333333333335,0.014166666666666666,0.2833333333333333,0.0
action_scale_0.85,oil_gas,20,0.31540120045722164,0.018666666666666668,0.013333333333333334,0.26666666666666666,0.0
action_scale_0.85,oil_gas,21,0.3262735467288277,0.018083333333333337,0.012916666666666667,0.25833333333333336,0.0
action_scale_0.85,oil_gas,22,0.319477094281783,0.019833333333333335,0.014166666666666668,0.2833333333333333,0.0
action_scale_0.85,oil_gas,23,0.3178613434081133,0.021000000000000005,0.015000000000000001,0.3,0.0
action_scale_0.85,oil_gas,24,0.3198056298259365,0.019250000000000003,0.013750000000000002,0.275,0.0
action_scale_0.85,oil_gas,25,0.31602689756617924,0.022166666666666668,0.01583333333333333,0.31666666666666665,0.0
action_scale_0.85,oil_gas,26,0.3196670927486268,0.019250000000000003,0.013750000000000002,0.275,0.0
action_scale_0.85,oil_gas,27,0.32514131528508716,0.018083333333333337,0.012916666666666668,0.25833333333333336,0.0
action_scale_0.85,oil_gas,28,0.3158601893720077,0.01925,0.013750000000000002,0.275,0.0
action_scale_0.85,oil_gas,29,0.32078965412886584,0.0175,0.0125,0.25,0.0
action_scale_0.85,oil_gas,30,0.32663591949930754,0.01691666666666667,0.012083333333333335,0.24166666666666667,0.0
action_scale_0.85,oil_gas,31,0.3214973363906678,0.01691666666666667,0.012083333333333335,0.24166666666666667,0.0
action_scale_0.85,oil_gas,32,0.3179340269764419,0.018083333333333337,0.012916666666666668,0.25833333333333336,0.0
action_scale_0.85,oil_gas,33,0.3232058437169316,0.021000000000000005,0.015000000000000001,0.3,0.0
action_scale_0.85,oil_gas,34,0.316048806827263,0.01691666666666667,0.012083333333333335,0.24166666666666667,0.0
action_scale_0.85,oil_gas,35,0.3272280093782683,0.016333333333333335,0.011666666666666665,0.23333333333333334,0.0
action_scale_0.85,oil_gas,36,0.318771388970261,0.01575,0.011250000000000001,0.225,0.0
action_scale_0.85,oil_gas,37,0.31961249199311464,0.015166666666666669,0.010833333333333335,0.21666666666666667,0.0
action_scale_0.85,oil_gas,38,0.32330790750750266,0.018083333333333337,0.012916666666666667,0.25833333333333336,0.0
action_scale_0.85,oil_gas,39,0.32122440113074424,0.018083333333333333,0.012916666666666667,0.25833333333333336,0.0
action_scale_0.85,factory,0,0.3322098037334386,0.014583333333333334,0.010416666666666666,0.20833333333333334,0.0
action_scale_0.85,factory,1,0.33778596948850914,0.015166666666666669,0.010833333333333335,0.21666666666666667,0.0
action_scale_0.85,factory,2,0.3310627501630255,0.01691666666666667,0.012083333333333335,0.24166666666666667,0.0
action_scale_0.85,factory,3,0.3432279637891697,0.017500000000000005,0.0125,0.25,0.0
action_scale_0.85,factory,4,0.3354219542365237,0.015166666666666669,0.010833333333333335,0.21666666666666667,0.0
action_scale_0.85,factory,5,0.3355087857491276,0.0175,0.0125,0.25,0.0
action_scale_0.85,factory,6,0.3380097108587139,0.019250000000000003,0.01375,0.275,0.0
action_scale_0.85,factory,7,0.34103265975999975,0.015166666666666667,0.010833333333333334,0.21666666666666667,0.0
action_scale_0.85,factory,8,0.33729825614789255,0.016333333333333335,0.011666666666666665,0.23333333333333334,0.0
action_scale_0.85,factory,9,0.3385560762248844,0.016333333333333335,0.011666666666666667,0.23333333333333334,0.0
action_scale_0.85,factory,10,0.34012728620844634,0.016333333333333335,0.011666666666666665,0.23333333333333334,0.0
action_scale_0.85,factory,11,0.33513068656467715,0.02041666666666667,0.014583333333333334,0.2916666666666667,0.0
action_scale_0.85,factory,12,0.3414808266160461,0.016333333333333335,0.011666666666666665,0.23333333333333334,0.0
action_scale_0.85,factory,13,0.3393885196491623,0.01691666666666667,0.012083333333333335,0.24166666666666667,0.0
action_scale_0.85,factory,14,0.33130697906024437,0.018083333333333337,0.012916666666666668,0.25833333333333336,0.0
action_scale_0.85,factory,15,0.3409825914924253,0.01575,0.011250000000000001,0.225,0.0
action_scale_0.85,factory,16,0.34102824160992806,0.017500000000000005,0.0125,0.25,0.0
action_scale_0.85,factory,17,0.3354184534281629,0.01575,0.011250000000000001,0.225,0.0
action_scale_0.85,factory,18,0.3431612812909099,0.01575,0.011250000000000001,0.225,0.0
action_scale_0.85,factory,19,0.33775986184303536,0.016333333333333335,0.011666666666666667,0.23333333333333334,0.0
action_scale_0.85,factory,20,0.34267610220587996,0.015750000000000004,0.011250000000000001,0.225,0.0
action_scale_0.85,factory,21,0.33714362315228746,0.01575,0.011250000000000001,0.225,0.0
action_scale_0.85,factory,22,0.3359216106726593,0.019833333333333335,0.014166666666666668,0.2833333333333333,0.0
action_scale_0.85,factory,23,0.3369038176094804,0.018083333333333333,0.012916666666666667,0.25833333333333336,0.0
action_scale_0.85,factory,24,0.3365208224392497,0.016333333333333335,0.011666666666666667,0.23333333333333334,0.0
action_scale_0.85,factory,25,0.3352826903127855,0.016333333333333335,0.011666666666666665,0.23333333333333334,0.0
action_scale_0.85,factory,26,0.33952579683240536,0.018083333333333333,0.012916666666666667,0.25833333333333336,0.0
action_scale_0.85,factory,27,0.3352721200739987,0.02041666666666667,0.014583333333333334,0.2916666666666667,0.0
action_scale_0.85,factory,28,0.34310253612464503,0.0175,0.0125,0.25,0.0
action_scale_0.85,factory,29,0.33368478683945746,0.019250000000000003,0.01375,0.275,0.0
action_scale_0.85,factory,30,0.3353864293420969,0.01691666666666667,0.012083333333333333,0.24166666666666667,0.0
action_scale_0.85,factory,31,0.3412847239901204,0.016333333333333335,0.011666666666666667,0.23333333333333334,0.0
action_scale_0.85,factory,32,0.33349361023524876,0.0175,0.0125,0.25,0.0
action_scale_0.85,factory,33,0.34087728477456725,0.014000000000000002,0.010000000000000002,0.2,0.0
action_scale_0.85,factory,34,0.3309880836913371,0.01691666666666667,0.012083333333333335,0.24166666666666667,0.0
action_scale_0.85,factory,35,0.33939084646933787,0.017500000000000005,0.0125,0.25,0.0
action_scale_0.85,factory,36,0.3342611152707882,0.01575,0.011250000000000001,0.225,0.0
action_scale_0.85,factory,37,0.33498223540968547,0.013416666666666669,0.009583333333333334,0.19166666666666668,0.0
action_scale_0.85,factory,38,0.3430419945040563,0.012833333333333334,0.009166666666666667,0.18333333333333332,0.0
action_scale_0.85,factory,39,0.33664095786550435,0.017500000000000005,0.0125,0.25,0.0
action_scale_1.00,forklift,0,0.326301788592511,0.018083333333333337,0.012916666666666668,0.25833333333333336,0.0
action_scale_1.00,forklift,1,0.32713910054368417,0.01575,0.011250000000000001,0.225,0.0
action_scale_1.00,forklift,2,0.32952155279259315,0.01691666666666667,0.012083333333333335,0.24166666666666667,0.0
action_scale_1.00,forklift,3,0.3289462670195916,0.015750000000000004,0.011250000000000001,0.225,0.0
action_scale_1.00,forklift,4,0.326502800326093,0.018083333333333337,0.012916666666666668,0.25833333333333336,0.0
action_scale_1.00,forklift,5,0.3210989493227918,0.017500000000000005,0.012500000000000002,0.25,0.0
action_scale_1.00,forklift,6,0.3313842509507989,0.016333333333333335,0.011666666666666667,0.23333333333333334,0.0
action_scale_1.00,forklift,7,0.32107437754769436,0.018666666666666668,0.013333333333333334,0.26666666666666666,0.0
action_scale_1.00,forklift,8,0.3257501698439524,0.01925,0.013750000000000002,0.275,0.0
action_scale_1.00,forklift,9,0.32593082295274534,0.018083333333333337,0.012916666666666668,0.25833333333333336,0.0
action_scale_1.00,forklift,10,0.3222260511995053,0.016333333333333335,0.011666666666666667,0.23333333333333334,0.0
action_scale_1.00,forklift,11,0.3205324167881324,0.014583333333333335,0.010416666666666668,0.20833333333333334,0.0
action_scale_1.00,forklift,12,0.32699755825443116,0.018083333333333333,0.012916666666666668,0.25833333333333336,0.0
action_scale_1.00,forklift,13,0.327496780778513,0.0175,0.0125,0.25,0.0
action_scale_1.00,forklift,14,0.325895268515659,0.018083333333333333,0.012916666666666668,0.25833333333333336,0.0
action_scale_1.00,forklift,15,0.32500547073757496,0.014583333333333334,0.010416666666666666,0.20833333333333334,0.0
action_scale_1.00,forklift,16,0.3291289292278933,0.01925,0.01375,0.275,0.0
action_scale_1.00,forklift,17,0.3226724110084761,0.019833333333333335,0.014166666666666668,0.2833333333333333,0.0
action_scale_1.00,forklift,18,0.32174336625956645,0.018083333333333337,0.012916666666666668,0.25833333333333336,0.0
action_scale_1.00,forklift,19,0.3227489850692299,0.021000000000000005,0.015000000000000001,0.3,0.0
action_scale_1.00,forklift,20,0.32733998960297384,0.018666666666666668,0.013333333333333334,0.26666666666666666,0.0
action_scale_1.00,forklift,21,0.33041213911726364,0.018083333333333337,0.012916666666666667,0.25833333333333336,0.0
action_scale_1.00,forklift,22,0.3294819433707275,0.016333333333333335,0.011666666666666667,0.23333333333333334,0.0
action_scale_1.00,forklift,23,0.3277264582786048,0.018083333333333337,0.012916666666666668,0.25833333333333336,0.0
action_scale_1.00,forklift,24,0.3238764471490224,0.018083333333333333,0.012916666666666667,0.25833333333333336,0.0
action_scale_1.00,forklift,25,0.32518776406966576,0.018083333333333333,0.012916666666666667,0.25833333333333336,0.0
action_scale_1.00,forklift,26,0.32608242269828813,0.014000000000000002,0.010000000000000002,0.2,0.0
action_scale_1.00,forklift,27,0.3245644482212168,0.012833333333333334,0.009166666666666667,0.18333333333333332,0.0
action_scale_1.00,forklift,28,0.3265241611005666,0.016333333333333335,0.011666666666666667,0.23333333333333334,0.0
action_scale_1.00,forklift,29,0.33007285948227977,0.01575,0.011250000000000001,0.225,0.0
action_scale_1.00,forklift,30,0.3287439539988975,0.017500000000000005,0.012500000000000002,0.25,0.0
action_scale_1.00,forklift,31,0.33242774406804354,0.018083333333333337,0.012916666666666667,0.25833333333333336,0.0
action_scale_1.00,forklift,32,0.3309378349153978,0.0175,0.0125,0.25,0.0
action_scale_1.00,forklift,33,0.32602008860004034,0.018083333333333337,0.012916666666666667,0.25833333333333336,0.0
action_scale_1.00,forklift,34,0.3241581062426695,0.018083333333333337,0.012916666666666668,0.25833333333333336,0.0
action_scale_1.00,forklift,35,0.3297145066173994,0.018666666666666668,0.013333333333333334,0.26666666666666666,0.0
action_scale_1.00,forklift,36,0.32787177740371154,0.018666666666666668,0.013333333333333334,0.26666666666666666,0.0
action_scale_1.00,forklift,37,0.3217251462559535,0.019250000000000003,0.01375,0.275,0.0
action_scale_1.00,forklift,38,0.3198722998261923,0.019833333333333335,0.014166666666666668,0.2833333333333333,0.0
action_scale_1.00,forklift,39,0.3214455964671797,0.018666666666666668,0.013333333333333334,0.26666666666666666,0.0
action_scale_1.00,crane,0,0.32235876068862784,0.014000000000000002,0.010000000000000002,0.2,0.0
action_scale_1.00,crane,1,0.31434660749538684,0.018083333333333337,0.012916666666666668,0.25833333333333336,0.0
action_scale_1.00,crane,2,0.31859343952019425,0.018666666666666668,0.013333333333333334,0.26666666666666666,0.0
action_scale_1.00,crane,3,0.32209937246796655,0.014000000000000002,0.010000000000000002,0.2,0.0
action_scale_1.00,crane,4,0.32479830446539054,0.016333333333333335,0.011666666666666667,0.23333333333333334,0.0
action_scale_1.00,crane,5,0.3168681214036988,0.01575,0.011250000000000001,0.225,0.0
action_scale_1.00,crane,6,0.3175795975331564,0.018666666666666668,0.013333333333333334,0.26666666666666666,0.0
action_scale_1.00,crane,7,0.32227200610285667,0.014583333333333335,0.010416666666666666,0.20833333333333334,0.0
action_scale_1.00,crane,8,0.32304006871445,0.018666666666666668,0.013333333333333334,0.26666666666666666,0.0
action_scale_1.00,crane,9,0.3156656627557093,0.01575,0.011250000000000001,0.225,0.0
action_scale_1.00,crane,10,0.3205896827534399,0.015166666666666669,0.010833333333333335,0.21666666666666667,0.0
action_scale_1.00,crane,11,0.3229615940639505,0.018083333333333333,0.012916666666666667,0.25833333333333336,0.0
action_scale_1.00,crane,12,0.3183833173494227,0.01691666666666667,0.012083333333333335,0.24166666666666667,0.0
action_scale_1.00,crane,13,0.3210698019822183,0.01691666666666667,0.012083333333333335,0.24166666666666667,0.0
action_scale_1.00,crane,14,0.3141727760675831,0.01983333333333333,0.014166666666666666,0.2833333333333333,0.0
action_scale_1.00,crane,15,0.31931104353770257,0.015166666666666667,0.010833333333333334,0.21666666666666667,0.0
action_scale_1.00,crane,16,0.3262403560979997,0.01691666666666667,0.012083333333333335,0.24166666666666667,0.0
action_scale_1.00,crane,17,0.32279589449642915,0.01691666666666667,0.012083333333333335,0.24166666666666667,0.0
action_scale_1.00,crane,18,0.31910162233323786,0.016333333333333335,0.011666666666666667,0.23333333333333334,0.0
action_scale_1.00,crane,19,0.3237954125377953,0.018083333333333333,0.012916666666666667,0.25833333333333336,0.0
action_scale_1.00,crane,20,0.3293588068382948,0.01575,0.011250000000000001,0.225,0.0
action_scale_1.00,crane,21,0.32296201831745996,0.014583333333333335,0.010416666666666666,0.20833333333333334,0.0
action_scale_1.00,crane,22,0.3176736803108671,0.019833333333333335,0.014166666666666668,0.2833333333333333,0.0
action_scale_1.00,crane,23,0.3233984568962432,0.017500000000000005,0.0125,0.25,0.0
action_scale_1.00,crane,24,0.3199997942128327,0.018083333333333333,0.012916666666666667,0.25833333333333336,0.0
action_scale_1.00,crane,25,0.3175697431362169,0.019250000000000003,0.013750000000000002,0.275,0.0
action_scale_1.00,crane,26,0.3174604011180412,0.018083333333333337,0.012916666666666667,0.25833333333333336,0.0
action_scale_1.00,crane,27,0.3158563565411125,0.0175,0.0125,0.25,0.0
action_scale_1.00,crane,28,0.31963335635168083,0.01691666666666667,0.012083333333333335,0.24166666666666667,0.0
action_scale_1.00,crane,29,0.3196800348226162,0.017500000000000005,0.0125,0.25,0.0
action_scale_1.00,crane,30,0.3218968660849167,0.017500000000000005,0.012500000000000002,0.25,0.0
action_scale_1.00,crane,31,0.32254033821329753,0.018083333333333337,0.012916666666666667,0.25833333333333336,0.0
action_scale_1.00,crane,32,0.3174584873143575,0.018083333333333337,0.012916666666666668,0.25833333333333336,0.0
action_scale_1.00,crane,33,0.3218692614693622,0.018083333333333333,0.012916666666666668,0.25833333333333336,0.0
action_scale_1.00,crane,34,0.32246342767547925,0.016333333333333335,0.011666666666666667,0.23333333333333334,0.0
action_scale_1.00,crane,35,0.31990561908480164,0.01691666666666667,0.012083333333333335,0.24166666666666667,0.0
action_scale_1.00,crane,36,0.3175911807798508,0.01691666666666667,0.012083333333333335,0.24166666666666667,0.0
action_scale_1.00,crane,37,0.31299706698481633,0.02041666666666667,0.014583333333333334,0.2916666666666667,0.0
action_scale_1.00,crane,38,0.3283571227314168,0.016333333333333335,0.011666666666666665,0.23333333333333334,0.0
action_scale_1.00,crane,39,0.3063660405869077,0.021000000000000005,0.015000000000000001,0.3,0.0
action_scale_1.00,substation,0,0.32942357409303824,0.01575,0.011250000000000001,0.225,0.0
action_scale_1.00,substation,1,0.3248925266738386,0.014000000000000002,0.010000000000000002,0.2,0.0
action_scale_1.00,substation,2,0.321635318270348,0.01691666666666667,0.012083333333333335,0.24166666666666667,0.0
action_scale_1.00,substation,3,0.32044377324879714,0.019833333333333335,0.014166666666666668,0.2833333333333333,0.0
action_scale_1.00,substation,4,0.32369662211132455,0.014583333333333334,0.010416666666666666,0.20833333333333334,0.0
action_scale_1.00,substation,5,0.3228603564471301,0.018666666666666668,0.013333333333333334,0.26666666666666666,0.0
action_scale_1.00,substation,6,0.3237508538166731,0.015166666666666669,0.010833333333333334,0.21666666666666667,0.0
action_scale_1.00,substation,7,0.3213835722350321,0.01691666666666667,0.012083333333333333,0.24166666666666667,0.0
action_scale_1.00,substation,8,0.32414639708250154,0.017500000000000005,0.0125,0.25,0.0
action_scale_1.00,substation,9,0.3258323105253183,0.018083333333333333,0.012916666666666667,0.25833333333333336,0.0
action_scale_1.00,substation,10,0.3198505473289701,0.016333333333333335,0.011666666666666665,0.23333333333333334,0.0
action_scale_1.00,substation,11,0.3202301163287765,0.019250000000000003,0.01375,0.275,0.0
action_scale_1.00,substation,12,0.32613995647904165,0.018083333333333333,0.012916666666666667,0.25833333333333336,0.0
action_scale_1.00,substation,13,0.3290994145698285,0.017500000000000005,0.0125,0.25,0.0
action_scale_1.00,substation,14,0.32196895526872604,0.01575,0.011250000000000001,0.225,0.0
action_scale_1.00,substation,15,0.32205614616556477,0.016333333333333335,0.011666666666666667,0.23333333333333334,0.0
action_scale_1.00,substation,16,0.31951178776081685,0.018083333333333333,0.012916666666666667,0.25833333333333336,0.0
action_scale_1.00,substation,17,0.3239769669941995,0.018083333333333337,0.012916666666666668,0.25833333333333336,0.0
action_scale_1.00,substation,18,0.3227024547181891,0.02041666666666667,0.014583333333333334,0.2916666666666667,0.0
action_scale_1.00,substation,19,0.3248415190959257,0.018083333333333337,0.012916666666666668,0.25833333333333336,0.0
action_scale_1.00,substation,20,0.3241011495960046,0.017500000000000005,0.012500000000000002,0.25,0.0
action_scale_1.00,substation,21,0.32342279365092996,0.019250000000000003,0.01375,0.275,0.0
action_scale_1.00,substation,22,0.3240602880261099,0.01575,0.011250000000000001,0.225,0.0
action_scale_1.00,substation,23,0.3234122214282758,0.017500000000000005,0.012500000000000002,0.25,0.0
action_scale_1.00,substation,24,0.31875518071286846,0.019250000000000003,0.01375,0.275,0.0
action_scale_1.00,substation,25,0.320663228254336,0.01691666666666667,0.012083333333333335,0.24166666666666667,0.0
action_scale_1.00,substation,26,0.3248649287217483,0.01691666666666667,0.012083333333333335,0.24166666666666667,0.0
action_scale_1.00,substation,27,0.33035289739098217,0.01691666666666667,0.012083333333333335,0.24166666666666667,0.0
action_scale_1.00,substation,28,0.31555428263700097,0.019833333333333335,0.014166666666666668,0.2833333333333333,0.0
action_scale_1.00,substation,29,0.3195787212654313,0.017500000000000005,0.012500000000000002,0.25,0.0
action_scale_1.00,substation,30,0.32802328585673374,0.017500000000000005,0.012500000000000002,0.25,0.0
action_scale_1.00,substation,31,0.3298741024399285,0.015166666666666669,0.010833333333333335,0.21666666666666667,0.0
action_scale_1.00,substation,32,0.327404357077991,0.018083333333333333,0.012916666666666667,0.25833333333333336,0.0
action_scale_1.00,substation,33,0.324243054872705,0.017500000000000005,0.012500000000000002,0.25,0.0
action_scale_1.00,substation,34,0.3220472821578433,0.018083333333333337,0.012916666666666667,0.25833333333333336,0.0
action_scale_1.00,substation,35,0.32187501051269585,0.0175,0.0125,0.25,0.0
action_scale_1.00,substation,36,0.3264799913236058,0.019250000000000003,0.013750000000000002,0.275,0.0
action_scale_1.00,substation,37,0.3207856086717355,0.018666666666666668,0.013333333333333334,0.26666666666666666,0.0
action_scale_1.00,substation,38,0.3211889777259089,0.016333333333333335,0.011666666666666667,0.23333333333333334,0.0
action_scale_1.00,substation,39,0.3231513851692931,0.016333333333333335,0.011666666666666665,0.23333333333333334,0.0
action_scale_1.00,mining,0,0.31506048258678354,0.018083333333333337,0.012916666666666667,0.25833333333333336,0.0
action_scale_1.00,mining,1,0.31610820206896134,0.017500000000000005,0.0125,0.25,0.0
action_scale_1.00,mining,2,0.32116268161888223,0.01691666666666667,0.012083333333333335,0.24166666666666667,0.0
action_scale_1.00,mining,3,0.3150639518460852,0.01691666666666667,0.012083333333333335,0.24166666666666667,0.0
action_scale_1.00,mining,4,0.3206312836399319,0.015166666666666669,0.010833333333333334,0.21666666666666667,0.0
action_scale_1.00,mining,5,0.3214652675286596,0.017500000000000005,0.0125,0.25,0.0
action_scale_1.00,mining,6,0.3152277000827724,0.016333333333333335,0.011666666666666667,0.23333333333333334,0.0
action_scale_1.00,mining,7,0.31718870280295497,0.018666666666666668,0.013333333333333334,0.26666666666666666,0.0
action_scale_1.00,mining,8,0.3138703836122502,0.019250000000000003,0.01375,0.275,0.0
action_scale_1.00,mining,9,0.31404976506376914,0.018083333333333333,0.012916666666666667,0.25833333333333336,0.0
action_scale_1.00,mining,10,0.3171489135986042,0.01575,0.011250000000000001,0.225,0.0
action_scale_1.00,mining,11,0.3164758700773687,0.019833333333333335,0.014166666666666668,0.2833333333333333,0.0
action_scale_1.00,mining,12,0.3168772394183404,0.019833333333333335,0.014166666666666668,0.2833333333333333,0.0
action_scale_1.00,mining,13,0.32005662856328265,0.0175,0.0125,0.25,0.0
action_scale_1.00,mining,14,0.3190170192950849,0.016333333333333335,0.011666666666666665,0.23333333333333334,0.0
action_scale_1.00,mining,15,0.3160678795356882,0.018083333333333333,0.012916666666666667,0.25833333333333336,0.0
action_scale_1.00,mining,16,0.32458423152008026,0.015166666666666669,0.010833333333333335,0.21666666666666667,0.0
action_scale_1.00,mining,17,0.31856030263917173,0.017500000000000005,0.0125,0.25,0.0
action_scale_1.00,mining,18,0.31690549137713214,0.016333333333333335,0.011666666666666667,0.23333333333333334,0.0
action_scale_1.00,mining,19,0.31776175493165904,0.018083333333333333,0.012916666666666667,0.25833333333333336,0.0
action_scale_1.00,mining,20,0.3193715397777802,0.01691666666666667,0.012083333333333335,0.24166666666666667,0.0
action_scale_1.00,mining,21,0.3230903146089601,0.019250000000000003,0.01375,0.275,0.0
action_scale_1.00,mining,22,0.3205272676219424,0.01575,0.011250000000000001,0.225,0.0
action_scale_1.00,mining,23,0.31647697681328246,0.0175,0.0125,0.25,0.0
action_scale_1.00,mining,24,0.3203791962688358,0.01575,0.011250000000000001,0.225,0.0
action_scale_1.00,mining,25,0.3190567654932443,0.018083333333333333,0.012916666666666667,0.25833333333333336,0.0
action_scale_1.00,mining,26,0.30953528466504066,0.01575,0.011250000000000001,0.225,0.0
action_scale_1.00,mining,27,0.3146653410801381,0.016333333333333335,0.011666666666666667,0.23333333333333334,0.0
action_scale_1.00,mining,28,0.3159157610499908,0.016333333333333335,0.011666666666666665,0.23333333333333334,0.0
action_scale_1.00,mining,29,0.3129480257883041,0.021000000000000005,0.015000000000000003,0.3,0.0
action_scale_1.00,mining,30,0.3221104271318009,0.018666666666666668,0.013333333333333334,0.26666666666666666,0.0
action_scale_1.00,mining,31,0.3083215666176855,0.01983333333333333,0.014166666666666668,0.2833333333333333,0.0
action_scale_1.00,mining,32,0.3164622645275941,0.018083333333333337,0.012916666666666667,0.25833333333333336,0.0
action_scale_1.00,mining,33,0.311911903616909,0.019250000000000003,0.013750000000000002,0.275,0.0
action_scale_1.00,mining,34,0.30979428776057333,0.019250000000000003,0.013750000000000002,0.275,0.0
action_scale_1.00,mining,35,0.3141777797866341,0.01691666666666667,0.012083333333333335,0.24166666666666667,0.0
action_scale_1.00,mining,36,0.3191331136586132,0.01691666666666667,0.012083333333333333,0.24166666666666667,0.0
action_scale_1.00,mining,37,0.3129579585273387,0.018083333333333337,0.012916666666666668,0.25833333333333336,0.0
action_scale_1.00,mining,38,0.31179816516027414,0.019833333333333335,0.014166666666666668,0.2833333333333333,0.0
action_scale_1.00,mining,39,0.31337843460675135,0.015166666666666667,0.010833333333333334,0.21666666666666667,0.0
action_scale_1.00,oil_gas,0,0.31000637298146316,0.01691666666666667,0.012083333333333335,0.24166666666666667,0.0
action_scale_1.00,oil_gas,1,0.3089462738070266,0.018083333333333337,0.012916666666666667,0.25833333333333336,0.0
action_scale_1.00,oil_gas,2,0.30652029829906874,0.022166666666666668,0.015833333333333335,0.31666666666666665,0.0
action_scale_1.00,oil_gas,3,0.3138137256683323,0.0175,0.0125,0.25,0.0
action_scale_1.00,oil_gas,4,0.31515518629537664,0.018083333333333337,0.012916666666666668,0.25833333333333336,0.0
action_scale_1.00,oil_gas,5,0.31276641056655025,0.018083333333333333,0.012916666666666667,0.25833333333333336,0.0
action_scale_1.00,oil_gas,6,0.3138900917158592,0.01691666666666667,0.012083333333333335,0.24166666666666667,0.0
action_scale_1.00,oil_gas,7,0.3203778633701238,0.017500000000000005,0.012500000000000002,0.25,0.0
action_scale_1.00,oil_gas,8,0.31413380865369855,0.01575,0.011250000000000001,0.225,0.0
action_scale_1.00,oil_gas,9,0.3150946763358727,0.019250000000000003,0.01375,0.275,0.0
action_scale_1.00,oil_gas,10,0.31303589503008794,0.021000000000000005,0.015000000000000001,0.3,0.0
action_scale_1.00,oil_gas,11,0.3182893513423212,0.016333333333333335,0.011666666666666667,0.23333333333333334,0.0
action_scale_1.00,oil_gas,12,0.314409957143352,0.016333333333333335,0.011666666666666667,0.23333333333333334,0.0
action_scale_1.00,oil_gas,13,0.3156966179065616,0.018083333333333337,0.012916666666666667,0.25833333333333336,0.0
action_scale_1.00,oil_gas,14,0.3178036968580963,0.016333333333333335,0.011666666666666667,0.23333333333333334,0.0
action_scale_1.00,oil_gas,15,0.3211157136041185,0.018666666666666668,0.013333333333333334,0.26666666666666666,0.0
action_scale_1.00,oil_gas,16,0.3154655020079929,0.02041666666666667,0.014583333333333334,0.2916666666666667,0.0
action_scale_1.00,oil_gas,17,0.3157469445024276,0.019250000000000003,0.013750000000000002,0.275,0.0
action_scale_1.00,oil_gas,18,0.31733433981744547,0.018083333333333337,0.012916666666666668,0.25833333333333336,0.0
action_scale_1.00,oil_gas,19,0.3118073583956427,0.019833333333333335,0.014166666666666666,0.2833333333333333,0.0
action_scale_1.00,oil_gas,20,0.31000120045722157,0.018666666666666668,0.013333333333333334,0.26666666666666666,0.0
action_scale_1.00,oil_gas,21,0.32104229672882767,0.018083333333333337,0.012916666666666667,0.25833333333333336,0.0
action_scale_1.00,oil_gas,22,0.313739594281783,0.019833333333333335,0.014166666666666668,0.2833333333333333,0.0
action_scale_1.00,oil_gas,23,0.31178634340811323,0.021000000000000005,0.015000000000000001,0.3,0.0
action_scale_1.00,oil_gas,24,0.3142368798259365,0.019250000000000003,0.013750000000000002,0.275,0.0
action_scale_1.00,oil_gas,25,0.3096143975661792,0.022166666666666668,0.01583333333333333,0.31666666666666665,0.0
action_scale_1.00,oil_gas,26,0.31409834274862686,0.019250000000000003,0.013750000000000002,0.275,0.0
action_scale_1.00,oil_gas,27,0.31991006528508714,0.018083333333333337,0.012916666666666668,0.25833333333333336,0.0
action_scale_1.00,oil_gas,28,0.3102914393720077,0.01925,0.013750000000000002,0.275,0.0
action_scale_1.00,oil_gas,29,0.3157271541288658,0.0175,0.0125,0.25,0.0
action_scale_1.00,oil_gas,30,0.3217421694993075,0.01691666666666667,0.012083333333333335,0.24166666666666667,0.0
action_scale_1.00,oil_gas,31,0.3166035863906678,0.01691666666666667,0.012083333333333335,0.24166666666666667,0.0
action_scale_1.00,oil_gas,32,0.3127027769764419,0.018083333333333337,0.012916666666666668,0.25833333333333336,0.0
action_scale_1.00,oil_gas,33,0.3171308437169316,0.021000000000000005,0.015000000000000001,0.3,0.0
action_scale_1.00,oil_gas,34,0.311155056827263,0.01691666666666667,0.012083333333333335,0.24166666666666667,0.0
action_scale_1.00,oil_gas,35,0.32250300937826826,0.016333333333333335,0.011666666666666665,0.23333333333333334,0.0
action_scale_1.00,oil_gas,36,0.31421513897026104,0.01575,0.011250000000000001,0.225,0.0
action_scale_1.00,oil_gas,37,0.31522499199311454,0.015166666666666669,0.010833333333333335,0.21666666666666667,0.0
action_scale_1.00,oil_gas,38,0.31807665750750264,0.018083333333333337,0.012916666666666667,0.25833333333333336,0.0
action_scale_1.00,oil_gas,39,0.3159931511307442,0.018083333333333333,0.012916666666666667,0.25833333333333336,0.0
action_scale_1.00,factory,0,0.3279910537334387,0.014583333333333334,0.010416666666666666,0.20833333333333334,0.0
action_scale_1.00,factory,1,0.33339846948850915,0.015166666666666669,0.010833333333333335,0.21666666666666667,0.0
action_scale_1.00,factory,2,0.3261690001630255,0.01691666666666667,0.012083333333333335,0.24166666666666667,0.0
action_scale_1.00,factory,3,0.3381654637891697,0.017500000000000005,0.0125,0.25,0.0
action_scale_1.00,factory,4,0.3310344542365237,0.015166666666666669,0.010833333333333335,0.21666666666666667,0.0
action_scale_1.00,factory,5,0.3304462857491276,0.0175,0.0125,0.25,0.0
action_scale_1.00,factory,6,0.3324409608587139,0.019250000000000003,0.01375,0.275,0.0
action_scale_1.00,factory,7,0.33664515975999976,0.015166666666666667,0.010833333333333334,0.21666666666666667,0.0
action_scale_1.00,factory,8,0.33257325614789257,0.016333333333333335,0.011666666666666665,0.23333333333333334,0.0
action_scale_1.00,factory,9,0.33383107622488434,0.016333333333333335,0.011666666666666667,0.23333333333333334,0.0
action_scale_1.00,factory,10,0.3354022862084463,0.016333333333333335,0.011666666666666665,0.23333333333333334,0.0
action_scale_1.00,factory,11,0.3292244365646771,0.02041666666666667,0.014583333333333334,0.2916666666666667,0.0
action_scale_1.00,factory,12,0.33675582661604603,0.016333333333333335,0.011666666666666665,0.23333333333333334,0.0
action_scale_1.00,factory,13,0.3344947696491623,0.01691666666666667,0.012083333333333335,0.24166666666666667,0.0
action_scale_1.00,factory,14,0.3260757290602444,0.018083333333333337,0.012916666666666668,0.25833333333333336,0.0
action_scale_1.00,factory,15,0.3364263414924253,0.01575,0.011250000000000001,0.225,0.0
action_scale_1.00,factory,16,0.33596574160992804,0.017500000000000005,0.0125,0.25,0.0
action_scale_1.00,factory,17,0.33086220342816297,0.01575,0.011250000000000001,0.225,0.0
action_scale_1.00,factory,18,0.33860503129090985,0.01575,0.011250000000000001,0.225,0.0
action_scale_1.00,factory,19,0.3330348618430354,0.016333333333333335,0.011666666666666667,0.23333333333333334,0.0
action_scale_1.00,factory,20,0.33811985220587987,0.015750000000000004,0.011250000000000001,0.225,0.0
action_scale_1.00,factory,21,0.33258737315228737,0.01575,0.011250000000000001,0.225,0.0
action_scale_1.00,factory,22,0.3301841106726594,0.019833333333333335,0.014166666666666668,0.2833333333333333,0.0
action_scale_1.00,factory,23,0.3316725676094805,0.018083333333333333,0.012916666666666667,0.25833333333333336,0.0
action_scale_1.00,factory,24,0.3317958224392497,0.016333333333333335,0.011666666666666667,0.23333333333333334,0.0
action_scale_1.00,factory,25,0.3305576903127855,0.016333333333333335,0.011666666666666665,0.23333333333333334,0.0
action_scale_1.00,factory,26,0.33429454683240534,0.018083333333333333,0.012916666666666667,0.25833333333333336,0.0
action_scale_1.00,factory,27,0.3293658700739987,0.02041666666666667,0.014583333333333334,0.2916666666666667,0.0
action_scale_1.00,factory,28,0.338040036124645,0.0175,0.0125,0.25,0.0
action_scale_1.00,factory,29,0.32811603683945745,0.019250000000000003,0.01375,0.275,0.0
action_scale_1.00,factory,30,0.3304926793420969,0.01691666666666667,0.012083333333333333,0.24166666666666667,0.0
action_scale_1.00,factory,31,0.33655972399012046,0.016333333333333335,0.011666666666666667,0.23333333333333334,0.0
action_scale_1.00,factory,32,0.3284311102352488,0.0175,0.0125,0.25,0.0
action_scale_1.00,factory,33,0.3368272847745672,0.014000000000000002,0.010000000000000002,0.2,0.0
action_scale_1.00,factory,34,0.3260943336913371,0.01691666666666667,0.012083333333333335,0.24166666666666667,0.0
action_scale_1.00,factory,35,0.33432834646933784,0.017500000000000005,0.0125,0.25,0.0
action_scale_1.00,factory,36,0.3297048652707882,0.01575,0.011250000000000001,0.225,0.0
action_scale_1.00,factory,37,0.33110098540968547,0.013416666666666669,0.009583333333333334,0.19166666666666668,0.0
action_scale_1.00,factory,38,0.33932949450405625,0.012833333333333334,0.009166666666666667,0.18333333333333332,0.0
action_scale_1.00,factory,39,0.3315784578655044,0.017500000000000005,0.0125,0.25,0.0
action_scale_1.15,forklift,0,0.2987892885925109,0.04133333333333333,0.04133333333333333,0.25833333333333336,0.0
action_scale_1.15,forklift,1,0.30317660054368417,0.036000000000000004,0.036000000000000004,0.225,0.0
action_scale_1.15,forklift,2,0.3037840527925932,0.03866666666666666,0.03866666666666666,0.24166666666666667,0.0
action_scale_1.15,forklift,3,0.30570251701959167,0.035250000000000004,0.035083333333333334,0.225,0.0
action_scale_1.15,forklift,4,0.298990300326093,0.04133333333333333,0.04133333333333333,0.25833333333333336,0.0
action_scale_1.15,forklift,5,0.29447394932279186,0.04,0.04,0.25,0.0
action_scale_1.15,forklift,6,0.3065342509507989,0.037333333333333336,0.037333333333333336,0.23333333333333334,0.0
action_scale_1.15,forklift,7,0.29554937754769445,0.03966666666666666,0.039,0.26666666666666666,0.0
action_scale_1.15,forklift,8,0.29790016984395234,0.042499999999999996,0.04216666666666667,0.275,0.0
action_scale_1.15,forklift,9,0.2984183229527454,0.04133333333333334,0.04133333333333334,0.25833333333333336,0.0
action_scale_1.15,forklift,10,0.2973760511995053,0.037333333333333336,0.037333333333333336,0.23333333333333334,0.0
action_scale_1.15,forklift,11,0.2983449167881324,0.03333333333333333,0.03333333333333333,0.20833333333333334,0.0
action_scale_1.15,forklift,12,0.30020380825443116,0.04058333333333333,0.04041666666666667,0.25833333333333336,0.0
action_scale_1.15,forklift,13,0.3023092807785131,0.03849999999999999,0.03816666666666667,0.25,0.0
action_scale_1.15,forklift,14,0.298382768515659,0.04133333333333334,0.04133333333333334,0.25833333333333336,0.0
action_scale_1.15,forklift,15,0.30281797073757494,0.03333333333333333,0.03333333333333333,0.20833333333333334,0.0
action_scale_1.15,forklift,16,0.2998414292278932,0.044000000000000004,0.044000000000000004,0.275,0.0
action_scale_1.15,forklift,17,0.2924974110084761,0.04533333333333333,0.04533333333333333,0.2833333333333333,0.0
action_scale_1.15,forklift,18,0.29423086625956646,0.04133333333333333,0.04133333333333333,0.25833333333333336,0.0
action_scale_1.15,forklift,19,0.2915177350692299,0.04725,0.04708333333333334,0.3,0.0
action_scale_1.15,forklift,20,0.29893998960297374,0.042666666666666665,0.042666666666666665,0.26666666666666666,0.0
action_scale_1.15,forklift,21,0.3028996391172637,0.04133333333333333,0.04133333333333333,0.25833333333333336,0.0
action_scale_1.15,forklift,22,0.30535069337072757,0.036583333333333336,0.03641666666666667,0.23333333333333334,0.0
action_scale_1.15,forklift,23,0.3002139582786048,0.04133333333333333,0.04133333333333333,0.25833333333333336,0.0
action_scale_1.15,forklift,24,0.29708269714902247,0.04058333333333333,0.04041666666666666,0.25833333333333336,0.0
action_scale_1.15,forklift,25,0.29839401406966576,0.04058333333333333,0.04041666666666666,0.25833333333333336,0.0
action_scale_1.15,forklift,26,0.30478242269828815,0.032,0.032,0.2,0.0
action_scale_1.15,forklift,27,0.3050394482212167,0.029333333333333336,0.029333333333333336,0.18333333333333332,0.0
action_scale_1.15,forklift,28,0.3023929111005666,0.036583333333333336,0.03641666666666667,0.23333333333333334,0.0
action_scale_1.15,forklift,29,0.30611035948227977,0.036000000000000004,0.036000000000000004,0.225,0.0
action_scale_1.15,forklift,30,0.3035564539988975,0.0385,0.03816666666666667,0.25,0.0
action_scale_1.15,forklift,31,0.3056339940680435,0.04058333333333333,0.04041666666666667,0.25833333333333336,0.0
action_scale_1.15,forklift,32,0.3043128349153978,0.04000000000000001,0.04000000000000001,0.25,0.0
action_scale_1.15,forklift,33,0.29850758860004045,0.04133333333333333,0.04133333333333333,0.25833333333333336,0.0
action_scale_1.15,forklift,34,0.2966456062426695,0.04133333333333334,0.04133333333333334,0.25833333333333336,0.0
action_scale_1.15,forklift,35,0.3027520066173993,0.041166666666666664,0.040833333333333326,0.26666666666666666,0.0
action_scale_1.15,forklift,36,0.30090927740371154,0.041166666666666664,0.04083333333333334,0.26666666666666666,0.0
action_scale_1.15,forklift,37,0.2931563962559535,0.04325,0.043083333333333335,0.275,0.0
action_scale_1.15,forklift,38,0.2904160498261923,0.04458333333333333,0.04441666666666667,0.2833333333333333,0.0
action_scale_1.15,forklift,39,0.29376434646717975,0.04191666666666667,0.04175,0.26666666666666666,0.0
action_scale_1.15,crane,0,0.3010587606886279,0.032,0.032,0.2,0.0
action_scale_1.15,crane,1,0.28755285749538684,0.040583333333333325,0.04041666666666666,0.25833333333333336,0.0
action_scale_1.15,crane,2,0.2901934395201942,0.042666666666666665,0.042666666666666665,0.26666666666666666,0.0
action_scale_1.15,crane,3,0.3022368724679666,0.030500000000000003,0.030166666666666668,0.2,0.0
action_scale_1.15,crane,4,0.3013858044653906,0.035833333333333335,0.0355,0.23333333333333334,0.0
action_scale_1.15,crane,5,0.29290562140369875,0.036000000000000004,0.036000000000000004,0.225,0.0
action_scale_1.15,crane,6,0.28917959753315636,0.04266666666666667,0.04266666666666667,0.26666666666666666,0.0
action_scale_1.15,crane,7,0.30080325610285663,0.03258333333333333,0.03241666666666666,0.20833333333333334,0.0
action_scale_1.15,crane,8,0.29464006871445003,0.04266666666666666,0.04266666666666666,0.26666666666666666,0.0
action_scale_1.15,crane,9,0.2917031627557093,0.036000000000000004,0.036000000000000004,0.225,0.0
action_scale_1.15,crane,10,0.29751468275343995,0.034666666666666665,0.034666666666666665,0.21666666666666667,0.0
action_scale_1.15,crane,11,0.2968865940639505,0.03983333333333334,0.0395,0.25833333333333336,0.0
action_scale_1.15,crane,12,0.2933645673494227,0.037916666666666675,0.03775,0.24166666666666667,0.0
action_scale_1.15,crane,13,0.2960510519822183,0.037916666666666675,0.03775,0.24166666666666667,0.0
action_scale_1.15,crane,14,0.2847327975035196,0.044583333333333336,0.04441666666666667,0.2833333333333333,0.0
action_scale_1.15,crane,15,0.29623604353770255,0.034666666666666665,0.034666666666666665,0.21666666666666667,0.0
action_scale_1.15,crane,16,0.30122393355096455,0.037916666666666675,0.03775,0.24166666666666667,0.0
action_scale_1.15,crane,17,0.297983774991146,0.03741666666666667,0.03791666666666667,0.24166666666666667,0.0
action_scale_1.15,crane,18,0.2949703723332378,0.036583333333333336,0.03641666666666667,0.23333333333333334,0.0
action_scale_1.15,crane,19,0.2962829125377953,0.04133333333333334,0.04133333333333334,0.25833333333333336,0.0
action_scale_1.15,crane,20,0.3053963068382949,0.036000000000000004,0.036000000000000004,0.225,0.0
action_scale_1.15,crane,21,0.30077451831746,0.03333333333333333,0.03333333333333333,0.20833333333333334,0.0
action_scale_1.15,crane,22,0.2882174303108671,0.04458333333333333,0.04441666666666667,0.2833333333333333,0.0
action_scale_1.15,crane,23,0.2982109568962431,0.0385,0.03816666666666667,0.25,0.0
action_scale_1.15,crane,24,0.29392479421283274,0.039833333333333325,0.0395,0.25833333333333336,0.0
action_scale_1.15,crane,25,0.28900099313621685,0.043250000000000004,0.043083333333333335,0.275,0.0
action_scale_1.15,crane,26,0.2913854011180412,0.03983333333333334,0.0395,0.25833333333333336,0.0
action_scale_1.15,crane,27,0.29066885654111246,0.03849999999999999,0.03816666666666667,0.25,0.0
action_scale_1.15,crane,28,0.29461460635168085,0.037916666666666675,0.03775,0.24166666666666667,0.0
action_scale_1.15,crane,29,0.2937737848226162,0.03925,0.03908333333333333,0.25,0.0
action_scale_1.15,crane,30,0.2959906160849168,0.03925000000000001,0.03908333333333334,0.25,0.0
action_scale_1.15,crane,31,0.2964653382132976,0.03983333333333334,0.0395,0.25833333333333336,0.0
action_scale_1.15,crane,32,0.2899459873143576,0.04133333333333333,0.04133333333333333,0.25833333333333336,0.0
action_scale_1.15,crane,33,0.2943567614693622,0.04133333333333333,0.04133333333333333,0.25833333333333336,0.0
action_scale_1.15,crane,34,0.29905092767547925,0.03583333333333334,0.0355,0.23333333333333334,0.0
action_scale_1.15,crane,35,0.29416811908480156,0.03866666666666667,0.03866666666666667,0.24166666666666667,0.0
action_scale_1.15,crane,36,0.29257243077985085,0.03791666666666667,0.03775,0.24166666666666667,0.0
action_scale_1.15,crane,37,0.2833720669848164,0.04516666666666667,0.04483333333333334,0.2916666666666667,0.0
action_scale_1.15,crane,38,0.3035071227314168,0.037333333333333336,0.037333333333333336,0.23333333333333334,0.0
action_scale_1.15,crane,39,0.2758535405869077,0.0465,0.04616666666666667,0.3,0.0
action_scale_1.15,substation,0,0.3054610740930383,0.036000000000000004,0.036000000000000004,0.225,0.0
action_scale_1.15,substation,1,0.3035925266738386,0.032,0.032,0.2,0.0
action_scale_1.15,substation,2,0.29733531827034804,0.037166666666666674,0.036833333333333336,0.24166666666666667,0.0
action_scale_1.15,substation,3,0.29170627324879705,0.04383333333333333,0.0435,0.2833333333333333,0.0
action_scale_1.15,substation,4,0.30222787211132457,0.03258333333333333,0.03241666666666667,0.20833333333333334,0.0
action_scale_1.15,substation,5,0.29517910644713014,0.04191666666666667,0.041749999999999995,0.26666666666666666,0.0
action_scale_1.15,substation,6,0.3006758538166731,0.034666666666666665,0.034666666666666665,0.21666666666666667,0.0
action_scale_1.15,substation,7,0.29564607223503214,0.03866666666666667,0.03866666666666667,0.24166666666666667,0.0
action_scale_1.15,substation,8,0.29752139708250147,0.04,0.04,0.25,0.0
action_scale_1.15,substation,9,0.2997573105253183,0.03983333333333334,0.0395,0.25833333333333336,0.0
action_scale_1.15,substation,10,0.29500054732897013,0.037333333333333336,0.037333333333333336,0.23333333333333334,0.0
action_scale_1.15,substation,11,0.29238011632877653,0.042499999999999996,0.04216666666666667,0.275,0.0
action_scale_1.15,substation,12,0.29862745647904165,0.04133333333333334,0.04133333333333334,0.25833333333333336,0.0
action_scale_1.15,substation,13,0.3031931645698285,0.03925,0.03908333333333333,0.25,0.0
action_scale_1.15,substation,14,0.29872520526872604,0.035250000000000004,0.03508333333333334,0.225,0.0
action_scale_1.15,substation,15,0.2972061461655648,0.037333333333333336,0.037333333333333336,0.23333333333333334,0.0
action_scale_1.15,substation,16,0.29199928776081685,0.04133333333333333,0.04133333333333333,0.25833333333333336,0.0
action_scale_1.15,substation,17,0.2979019669941995,0.039833333333333325,0.0395,0.25833333333333336,0.0
action_scale_1.15,substation,18,0.2923587047181891,0.04591666666666667,0.04575,0.2916666666666667,0.0
action_scale_1.15,substation,19,0.29732901909592574,0.04133333333333333,0.04133333333333333,0.25833333333333336,0.0
action_scale_1.15,substation,20,0.2974761495960046,0.04,0.04,0.25,0.0
action_scale_1.15,substation,21,0.29557279365093,0.0425,0.04216666666666667,0.275,0.0
action_scale_1.15,substation,22,0.30153528802611,0.0345,0.034166666666666665,0.225,0.0
action_scale_1.15,substation,23,0.2982247214282758,0.0385,0.03816666666666667,0.25,0.0
action_scale_1.15,substation,24,0.290188805216027,0.04325,0.043083333333333335,0.275,0.0
action_scale_1.15,substation,25,0.29492572825433605,0.03866666666666667,0.03866666666666667,0.24166666666666667,0.0
action_scale_1.15,substation,26,0.2991274287217483,0.03866666666666667,0.03866666666666667,0.24166666666666667,0.0
action_scale_1.15,substation,27,0.30533414739098214,0.03791666666666667,0.03775,0.24166666666666667,0.0
action_scale_1.15,substation,28,0.28681678263700106,0.04383333333333333,0.043500000000000004,0.2833333333333333,0.0
action_scale_1.15,substation,29,0.2929537212654313,0.04,0.04,0.25,0.0
action_scale_1.15,substation,30,0.3013982858567337,0.04,0.04,0.25,0.0
action_scale_1.15,substation,31,0.30751785243992846,0.03391666666666667,0.033749999999999995,0.21666666666666667,0.0
action_scale_1.15,substation,32,0.3006123916532619,0.04058333333333333,0.04041666666666666,0.25833333333333336,0.0
action_scale_1.15,substation,33,0.2976180548727051,0.04,0.04,0.25,0.0
action_scale_1.15,substation,34,0.2945347821578433,0.04133333333333333,0.04133333333333333,0.25833333333333336,0.0
action_scale_1.15,substation,35,0.2966875105126958,0.0385,0.03816666666666667,0.25,0.0
action_scale_1.15,substation,36,0.2979112413236058,0.04325,0.043083333333333335,0.275,0.0
action_scale_1.15,substation,37,0.2923856086717355,0.04266666666666667,0.04266666666666667,0.26666666666666666,0.0
action_scale_1.15,substation,38,0.2977764777259088,0.035833333333333335,0.0355,0.23333333333333334,0.0
action_scale_1.15,substation,39,0.2990201351692931,0.036583333333333336,0.03641666666666667,0.23333333333333334,0.0
action_scale_1.15,mining,0,0.28826673258678354,0.04058333333333333,0.04041666666666666,0.25833333333333336,0.0
action_scale_1.15,mining,1,0.29020195206896127,0.03925,0.03908333333333333,0.25,0.0
action_scale_1.15,mining,2,0.2975814316188822,0.03641666666666666,0.03591666666666667,0.24166666666666667,0.0
action_scale_1.15,mining,3,0.2907639518460852,0.037166666666666674,0.036833333333333336,0.24166666666666667,0.0
action_scale_1.15,mining,4,0.2982750336399319,0.03391666666666667,0.033749999999999995,0.21666666666666667,0.0
action_scale_1.15,mining,5,0.29555901752865954,0.03925,0.03908333333333334,0.25,0.0
action_scale_1.15,mining,6,0.2910964500827724,0.036583333333333336,0.03641666666666667,0.23333333333333334,0.0
action_scale_1.15,mining,7,0.289507452802955,0.041916666666666665,0.041749999999999995,0.26666666666666666,0.0
action_scale_1.15,mining,8,0.2867391336122502,0.041749999999999995,0.041249999999999995,0.275,0.0
action_scale_1.15,mining,9,0.2865372650637692,0.04133333333333333,0.04133333333333333,0.25833333333333336,0.0
action_scale_1.15,mining,10,0.29318641359860415,0.036000000000000004,0.036000000000000004,0.225,0.0
action_scale_1.15,mining,11,0.28701962007736875,0.04458333333333333,0.04441666666666667,0.2833333333333333,0.0
action_scale_1.15,mining,12,0.2874209894183404,0.04458333333333333,0.04441666666666667,0.2833333333333333,0.0
action_scale_1.15,mining,13,0.2934316285632827,0.04000000000000001,0.04000000000000001,0.25,0.0
action_scale_1.15,mining,14,0.2948857692950849,0.036583333333333336,0.03641666666666667,0.23333333333333334,0.0
action_scale_1.15,mining,15,0.28927412953568826,0.04058333333333333,0.04041666666666667,0.25833333333333336,0.0
action_scale_1.15,mining,16,0.30150923152008036,0.034666666666666665,0.034666666666666665,0.21666666666666667,0.0
action_scale_1.15,mining,17,0.2919353026391717,0.04000000000000001,0.04000000000000001,0.25,0.0
action_scale_1.15,mining,18,0.29205549137713216,0.037333333333333336,0.037333333333333336,0.23333333333333334,0.0
action_scale_1.15,mining,19,0.2902492549316591,0.04133333333333334,0.04133333333333334,0.25833333333333336,0.0
action_scale_1.15,mining,20,0.2943527897777802,0.037916666666666675,0.03775,0.24166666666666667,0.0
action_scale_1.15,mining,21,0.29380281460896013,0.044000000000000004,0.044000000000000004,0.275,0.0
action_scale_1.15,mining,22,0.29656476762194234,0.036000000000000004,0.036000000000000004,0.225,0.0
action_scale_1.15,mining,23,0.2898519768132824,0.04000000000000001,0.04000000000000001,0.25,0.0
action_scale_1.15,mining,24,0.29713544626883587,0.035250000000000004,0.03508333333333334,0.225,0.0
action_scale_1.15,mining,25,0.29154426549324436,0.04133333333333334,0.04133333333333334,0.25833333333333336,0.0
action_scale_1.15,mining,26,0.28701028466504064,0.0345,0.034166666666666665,0.225,0.0
action_scale_1.15,mining,27,0.2900132577468047,0.036833333333333336,0.0375,0.23333333333333334,0.0
action_scale_1.15,mining,28,0.2925032610499908,0.03583333333333334,0.0355,0.23333333333333334,0.0
action_scale_1.15,mining,29,0.2817167757883041,0.04725,0.04708333333333334,0.3,0.0
action_scale_1.15,mining,30,0.2937104271318009,0.042666666666666665,0.042666666666666665,0.26666666666666666,0.0
action_scale_1.15,mining,31,0.27814656661768555,0.04533333333333334,0.04533333333333334,0.2833333333333333,0.0
action_scale_1.15,mining,32,0.28966851452759407,0.04058333333333334,0.04041666666666667,0.25833333333333336,0.0
action_scale_1.15,mining,33,0.28334315361690904,0.043250000000000004,0.043083333333333335,0.275,0.0
action_scale_1.15,mining,34,0.2805067877605733,0.044,0.044,0.275,0.0
action_scale_1.15,mining,35,0.2898777797866341,0.03716666666666667,0.036833333333333336,0.24166666666666667,0.0
action_scale_1.15,mining,36,0.2948331136586132,0.037166666666666674,0.036833333333333336,0.24166666666666667,0.0
action_scale_1.15,mining,37,0.28688295852733875,0.03983333333333334,0.0395,0.25833333333333336,0.0
action_scale_1.15,mining,38,0.28377941516027416,0.043083333333333335,0.042583333333333334,0.2833333333333333,0.0
action_scale_1.15,mining,39,0.2903034346067513,0.034666666666666665,0.034666666666666665,0.21666666666666667,0.0
action_scale_1.15,oil_gas,0,0.2842688729814632,0.03866666666666666,0.03866666666666666,0.24166666666666667,0.0
action_scale_1.15,oil_gas,1,0.28287127380702665,0.03983333333333334,0.0395,0.25833333333333336,0.0
action_scale_1.15,oil_gas,2,0.27423279829906877,0.04916666666666667,0.04883333333333335,0.31666666666666665,0.0
action_scale_1.15,oil_gas,3,0.28718872566833237,0.04000000000000001,0.04000000000000001,0.25,0.0
action_scale_1.15,oil_gas,4,0.28764268629537665,0.04133333333333333,0.04133333333333333,0.25833333333333336,0.0
action_scale_1.15,oil_gas,5,0.2852539105665502,0.04133333333333334,0.04133333333333334,0.25833333333333336,0.0
action_scale_1.15,oil_gas,6,0.2881525917158591,0.03866666666666667,0.03866666666666667,0.24166666666666667,0.0
action_scale_1.15,oil_gas,7,0.29375286337012374,0.04,0.04,0.25,0.0
action_scale_1.15,oil_gas,8,0.29160880865369854,0.034499999999999996,0.034166666666666665,0.225,0.0
action_scale_1.15,oil_gas,9,0.2865259263358727,0.04325,0.043083333333333335,0.275,0.0
action_scale_1.15,oil_gas,10,0.28108589503008796,0.048,0.048,0.3,0.0
action_scale_1.15,oil_gas,11,0.2934393513423212,0.037333333333333336,0.037333333333333336,0.23333333333333334,0.0
action_scale_1.15,oil_gas,12,0.2902787071433521,0.036583333333333336,0.03641666666666667,0.23333333333333334,0.0
action_scale_1.15,oil_gas,13,0.28818411790656157,0.04133333333333333,0.04133333333333333,0.25833333333333336,0.0
action_scale_1.15,oil_gas,14,0.2929536968580963,0.037333333333333336,0.037333333333333336,0.23333333333333334,0.0
action_scale_1.15,oil_gas,15,0.29271571360411847,0.042666666666666665,0.042666666666666665,0.26666666666666666,0.0
action_scale_1.15,oil_gas,16,0.28584050200799294,0.04516666666666667,0.04483333333333334,0.2916666666666667,0.0
action_scale_1.15,oil_gas,17,0.28717819450242754,0.04325,0.043083333333333335,0.275,0.0
action_scale_1.15,oil_gas,18,0.2905405898174455,0.04058333333333333,0.04041666666666666,0.25833333333333336,0.0
action_scale_1.15,oil_gas,19,0.28306985839564275,0.04383333333333333,0.043500000000000004,0.2833333333333333,0.0
action_scale_1.15,oil_gas,20,0.2837817994396978,0.04041666666666666,0.03991666666666667,0.26666666666666666,0.0
action_scale_1.15,oil_gas,21,0.29424854672882766,0.04058333333333333,0.04041666666666666,0.25833333333333336,0.0
action_scale_1.15,oil_gas,22,0.28500209428178297,0.04383333333333333,0.043500000000000004,0.2833333333333333,0.0
action_scale_1.15,oil_gas,23,0.2798363434081133,0.048,0.048,0.3,0.0
action_scale_1.15,oil_gas,24,0.28494937982593643,0.044,0.044,0.275,0.0
action_scale_1.15,oil_gas,25,0.2766081475661792,0.04991666666666667,0.04975,0.31666666666666665,0.0
action_scale_1.15,oil_gas,26,0.28481084274862684,0.044,0.044,0.275,0.0
action_scale_1.15,oil_gas,27,0.29311631528508714,0.04058333333333333,0.04041666666666666,0.25833333333333336,0.0
action_scale_1.15,oil_gas,28,0.2824414393720077,0.042499999999999996,0.04216666666666667,0.275,0.0
action_scale_1.15,oil_gas,29,0.2898209041288658,0.03925000000000001,0.03908333333333333,0.25,0.0
action_scale_1.15,oil_gas,30,0.2960046694993075,0.03866666666666667,0.03866666666666667,0.24166666666666667,0.0
action_scale_1.15,oil_gas,31,0.29158483639066785,0.03791666666666667,0.03775,0.24166666666666667,0.0
action_scale_1.15,oil_gas,32,0.28519027697644184,0.04133333333333333,0.04133333333333333,0.25833333333333336,0.0
action_scale_1.15,oil_gas,33,0.28518084371693164,0.048,0.048,0.3,0.0
action_scale_1.15,oil_gas,34,0.285417556827263,0.03866666666666667,0.03866666666666667,0.24166666666666667,0.0
action_scale_1.15,oil_gas,35,0.2976530093782683,0.037333333333333336,0.037333333333333336,0.23333333333333334,0.0
action_scale_1.15,oil_gas,36,0.29025263897026105,0.036000000000000004,0.036000000000000004,0.225,0.0
action_scale_1.15,oil_gas,37,0.2928687419931146,0.03391666666666667,0.03375000000000001,0.21666666666666667,0.0
action_scale_1.15,oil_gas,38,0.2920016575075027,0.03983333333333334,0.0395,0.25833333333333336,0.0
action_scale_1.15,oil_gas,39,0.28848065113074417,0.04133333333333334,0.04133333333333334,0.25833333333333336,0.0
action_scale_1.15,factory,0,0.30724105373343863,0.03183333333333334,0.0315,0.20833333333333334,0.0
action_scale_1.15,factory,1,0.3103234694885091,0.034666666666666665,0.034666666666666665,0.21666666666666667,0.0
action_scale_1.15,factory,2,0.3011502501630255,0.037916666666666675,0.03775,0.24166666666666667,0.0
action_scale_1.15,factory,3,0.3129779637891697,0.0385,0.03816666666666667,0.25,0.0
action_scale_1.15,factory,4,0.30795945423652366,0.034666666666666665,0.034666666666666665,0.21666666666666667,0.0
action_scale_1.15,factory,5,0.30382128574912765,0.04000000000000001,0.04000000000000001,0.25,0.0
action_scale_1.15,factory,6,0.30387221085871396,0.043250000000000004,0.04308333333333334,0.275,0.0
action_scale_1.15,factory,7,0.31357015975999974,0.034666666666666665,0.034666666666666665,0.21666666666666667,0.0
action_scale_1.15,factory,8,0.3077232561478926,0.037333333333333336,0.037333333333333336,0.23333333333333334,0.0
action_scale_1.15,factory,9,0.30898107622488435,0.037333333333333336,0.037333333333333336,0.23333333333333334,0.0
action_scale_1.15,factory,10,0.3105522862084463,0.037333333333333336,0.037333333333333336,0.23333333333333334,0.0
action_scale_1.15,factory,11,0.29816193656467704,0.04666666666666666,0.04666666666666666,0.2916666666666667,0.0
action_scale_1.15,factory,12,0.31262457661604603,0.036583333333333336,0.03641666666666667,0.23333333333333334,0.0
action_scale_1.15,factory,13,0.30947601964916227,0.037916666666666675,0.03775,0.24166666666666667,0.0
action_scale_1.15,factory,14,0.2992819790602444,0.04058333333333333,0.04041666666666667,0.25833333333333336,0.0
action_scale_1.15,factory,15,0.3124638414924253,0.036000000000000004,0.036000000000000004,0.225,0.0
action_scale_1.15,factory,16,0.310059491609928,0.03925,0.03908333333333333,0.25,0.0
action_scale_1.15,factory,17,0.306899703428163,0.036000000000000004,0.036000000000000004,0.225,0.0
action_scale_1.15,factory,18,0.3146425312909099,0.036000000000000004,0.036000000000000004,0.225,0.0
action_scale_1.15,factory,19,0.3089036118430354,0.036583333333333336,0.03641666666666667,0.23333333333333334,0.0
action_scale_1.15,factory,20,0.3141573522058799,0.036000000000000004,0.036000000000000004,0.225,0.0
action_scale_1.15,factory,21,0.3086248731522874,0.036000000000000004,0.036000000000000004,0.225,0.0
action_scale_1.15,factory,22,0.3000091106726594,0.04533333333333334,0.04533333333333334,0.2833333333333333,0.0
action_scale_1.15,factory,23,0.30416006760948044,0.04133333333333333,0.04133333333333333,0.25833333333333336,0.0
action_scale_1.15,factory,24,0.30694582243924967,0.037333333333333336,0.037333333333333336,0.23333333333333334,0.0
action_scale_1.15,factory,25,0.30570789764806533,0.037333333333333336,0.037333333333333336,0.23333333333333334,0.0
action_scale_1.15,factory,26,0.30750079683240533,0.04058333333333333,0.04041666666666667,0.25833333333333336,0.0
action_scale_1.15,factory,27,0.2983033700739987,0.04666666666666666,0.04666666666666666,0.2916666666666667,0.0
action_scale_1.15,factory,28,0.31141503612464505,0.04000000000000001,0.04000000000000001,0.25,0.0
action_scale_1.15,factory,29,0.29954728683945747,0.04325,0.043083333333333335,0.275,0.0
action_scale_1.15,factory,30,0.3054739293420969,0.037916666666666675,0.03775,0.24166666666666667,0.0
action_scale_1.15,factory,31,0.3117097239901205,0.037333333333333336,0.037333333333333336,0.23333333333333334,0.0
action_scale_1.15,factory,32,0.3025248602352487,0.03925000000000001,0.03908333333333334,0.25,0.0
action_scale_1.15,factory,33,0.3155272847745672,0.032,0.032,0.2,0.0
action_scale_1.15,factory,34,0.30035683369133714,0.03866666666666666,0.03866666666666666,0.24166666666666667,0.0
action_scale_1.15,factory,35,0.3077033464693379,0.04000000000000001,0.04000000000000001,0.25,0.0
action_scale_1.15,factory,36,0.30646111527078823,0.035250000000000004,0.03508333333333334,0.225,0.0
action_scale_1.15,factory,37,0.3114072354096855,0.029916666666666664,0.02975,0.19166666666666668,0.0
action_scale_1.15,factory,38,0.3198044945040563,0.029333333333333333,0.029333333333333333,0.18333333333333332,0.0
action_scale_1.15,factory,39,0.3049534578655044,0.04000000000000001,0.04000000000000001,0.25,0.0
action_scale_1.30,forklift,0,0.2915463234892287,0.04058333333333333,0.04041666666666666,0.25833333333333336,0.0
action_scale_1.30,forklift,1,0.29608910054368415,0.036000000000000004,0.036000000000000004,0.225,0.0
action_scale_1.30,forklift,2,0.2970691247235175,0.03791666666666667,0.03775,0.24166666666666667,0.0
action_scale_1.30,forklift,3,0.2988766981648881,0.035250000000000004,0.035083333333333334,0.225,0.0
action_scale_1.30,forklift,4,0.2909235117664014,0.04133333333333333,0.04133333333333333,0.25833333333333336,0.0
action_scale_1.30,forklift,5,0.2883038409353847,0.0385,0.03816666666666667,0.25,0.0
action_scale_1.30,forklift,6,0.299187914430266,0.037333333333333336,0.037333333333333336,0.23333333333333334,0.0
action_scale_1.30,forklift,7,0.2883700607860386,0.03891666666666667,0.03808333333333333,0.26666666666666666,0.0
action_scale_1.30,forklift,8,0.29032184827753477,0.041749999999999995,0.04125,0.275,0.0
action_scale_1.30,forklift,9,0.29195097171817125,0.03983333333333334,0.0395,0.25833333333333336,0.0
action_scale_1.30,forklift,10,0.29098585660181275,0.036583333333333336,0.03641666666666667,0.23333333333333334,0.0
action_scale_1.30,forklift,11,0.2934943730114606,0.03183333333333334,0.0315,0.20833333333333334,0.0
action_scale_1.30,forklift,12,0.2921600582544312,0.04058333333333333,0.04041666666666667,0.25833333333333336,0.0
action_scale_1.30,forklift,13,0.29464408145759563,0.03849999999999999,0.03816666666666667,0.25,0.0
action_scale_1.30,forklift,14,0.291122117955938,0.04058333333333333,0.04041666666666667,0.25833333333333336,0.0
action_scale_1.30,forklift,15,0.29642966477002625,0.03333333333333333,0.03333333333333333,0.20833333333333334,0.0
action_scale_1.30,forklift,16,0.29283497232389827,0.0425,0.04216666666666667,0.275,0.0
action_scale_1.30,forklift,17,0.2844169291020008,0.04458333333333333,0.04441666666666667,0.2833333333333333,0.0
action_scale_1.30,forklift,18,0.2870607141154295,0.04058333333333333,0.04041666666666667,0.25833333333333336,0.0
action_scale_1.30,forklift,19,0.28307337207260796,0.0465,0.04616666666666667,0.3,0.0
action_scale_1.30,forklift,20,0.2915019610151303,0.04191666666666667,0.04175,0.26666666666666666,0.0
action_scale_1.30,forklift,21,0.2956566037287009,0.04058333333333333,0.04041666666666667,0.25833333333333336,0.0
action_scale_1.30,forklift,22,0.29890694337072754,0.03583333333333334,0.0355,0.23333333333333334,0.0
action_scale_1.30,forklift,23,0.29290201005531047,0.040583333333333325,0.04041666666666666,0.25833333333333336,0.0
action_scale_1.30,forklift,24,0.28903894714902234,0.04058333333333333,0.04041666666666666,0.25833333333333336,0.0
action_scale_1.30,forklift,25,0.29130019197712126,0.03983333333333334,0.0395,0.25833333333333336,0.0
action_scale_1.30,forklift,26,0.2985981433626501,0.032,0.032,0.2,0.0
action_scale_1.30,forklift,27,0.3017019482212167,0.027083333333333334,0.026583333333333334,0.18333333333333332,0.0
action_scale_1.30,forklift,28,0.2951366611005665,0.036583333333333336,0.03641666666666667,0.23333333333333334,0.0
action_scale_1.30,forklift,29,0.300699516928618,0.0345,0.034166666666666665,0.225,0.0
action_scale_1.30,forklift,30,0.29751717626420066,0.037,0.03633333333333333,0.25,0.0
action_scale_1.30,forklift,31,0.29765708782684486,0.04058333333333333,0.04041666666666667,0.25833333333333336,0.0
action_scale_1.30,forklift,32,0.2965371018741873,0.04000000000000001,0.04000000000000001,0.25,0.0
action_scale_1.30,forklift,33,0.2912763624268385,0.04058333333333333,0.04041666666666666,0.25833333333333336,0.0
action_scale_1.30,forklift,34,0.29109100241113706,0.03908333333333334,0.03858333333333334,0.25833333333333336,0.0
action_scale_1.30,forklift,35,0.2954309733948156,0.04041666666666666,0.03991666666666666,0.26666666666666666,0.0
action_scale_1.30,forklift,36,0.2935551041359889,0.04041666666666666,0.03991666666666667,0.26666666666666666,0.0
action_scale_1.30,forklift,37,0.28576230305704053,0.042,0.042333333333333334,0.275,0.0
action_scale_1.30,forklift,38,0.2832097998261923,0.043083333333333335,0.042583333333333334,0.2833333333333333,0.0
action_scale_1.30,forklift,39,0.2863419215591696,0.04116666666666667,0.04083333333333334,0.26666666666666666,0.0
action_scale_1.30,crane,0,0.2948417481528683,0.032,0.032,0.2,0.0
action_scale_1.30,crane,1,0.2803216074953868,0.039833333333333325,0.0395,0.25833333333333336,0.0
action_scale_1.30,crane,2,0.2818028972099169,0.042666666666666665,0.042666666666666665,0.26666666666666666,0.0
action_scale_1.30,crane,3,0.2962650021750873,0.030500000000000003,0.030166666666666668,0.2,0.0
action_scale_1.30,crane,4,0.29511348796314724,0.035083333333333334,0.034583333333333334,0.23333333333333334,0.0
action_scale_1.30,crane,5,0.2858181214036988,0.036000000000000004,0.036000000000000004,0.225,0.0
action_scale_1.30,crane,6,0.2807795975331564,0.04266666666666667,0.04266666666666667,0.26666666666666666,0.0
action_scale_1.30,crane,7,0.2945304096297324,0.03258333333333333,0.03241666666666666,0.20833333333333334,0.0
action_scale_1.30,crane,8,0.2864269845064305,0.04266666666666666,0.04266666666666666,0.26666666666666666,0.0
action_scale_1.30,crane,9,0.2855487131989299,0.035250000000000004,0.035083333333333334,0.225,0.0
action_scale_1.30,crane,10,0.29157467036404383,0.03391666666666667,0.03375000000000001,0.21666666666666667,0.0
action_scale_1.30,crane,11,0.2897490940639505,0.03908333333333334,0.03858333333333334,0.25833333333333336,0.0
action_scale_1.30,crane,12,0.28755730022034587,0.03641666666666667,0.03591666666666667,0.24166666666666667,0.0
action_scale_1.30,crane,13,0.28861670154939806,0.037916666666666675,0.03775,0.24166666666666667,0.0
action_scale_1.30,crane,14,0.27621677268507094,0.04408333333333334,0.044583333333333336,0.2833333333333333,0.0
action_scale_1.30,crane,15,0.290362010010208,0.03391666666666667,0.03375000000000001,0.21666666666666667,0.0
action_scale_1.30,crane,16,0.2945153560979997,0.03716666666666667,0.036833333333333336,0.24166666666666667,0.0
action_scale_1.30,crane,17,0.29066514480821204,0.03741666666666667,0.03791666666666667,0.24166666666666667,0.0
action_scale_1.30,crane,18,0.28772412701101835,0.036583333333333336,0.03641666666666667,0.23333333333333334,0.0
action_scale_1.30,crane,19,0.2882139600108888,0.04133333333333334,0.04133333333333334,0.25833333333333336,0.0
action_scale_1.30,crane,20,0.2992234912651692,0.035250000000000004,0.035083333333333334,0.225,0.0
action_scale_1.30,crane,21,0.29430395701708584,0.03333333333333333,0.03333333333333333,0.20833333333333334,0.0
action_scale_1.30,crane,22,0.2810514995785506,0.043083333333333335,0.042583333333333334,0.2833333333333333,0.0
action_scale_1.30,crane,23,0.2921484568962431,0.037000000000000005,0.036333333333333336,0.25,0.0
action_scale_1.30,crane,24,0.28846575900428795,0.03758333333333333,0.03675,0.25833333333333336,0.0
action_scale_1.30,crane,25,0.28133931073700713,0.0425,0.04216666666666667,0.275,0.0
action_scale_1.30,crane,26,0.28351276873703035,0.03983333333333334,0.0395,0.25833333333333336,0.0
action_scale_1.30,crane,27,0.2846287638693514,0.037,0.03633333333333333,0.25,0.0
action_scale_1.30,crane,28,0.2871784301018868,0.037916666666666675,0.03775,0.24166666666666667,0.0
action_scale_1.30,crane,29,0.28762378740321837,0.03775,0.037250000000000005,0.25,0.0
action_scale_1.30,crane,30,0.28775879233429275,0.0395,0.04016666666666667,0.25,0.0
action_scale_1.30,crane,31,0.2909806988212116,0.03758333333333333,0.03675,0.25833333333333336,0.0
action_scale_1.30,crane,32,0.2827733637981574,0.04058333333333333,0.04041666666666666,0.25833333333333336,0.0
action_scale_1.30,crane,33,0.2870474519756281,0.04058333333333333,0.04041666666666666,0.25833333333333336,0.0
action_scale_1.30,crane,34,0.29188842767547923,0.03583333333333334,0.0355,0.23333333333333334,0.0
action_scale_1.30,crane,35,0.2882790813239953,0.03716666666666667,0.036833333333333336,0.24166666666666667,0.0
action_scale_1.30,crane,36,0.2861980489412309,0.03666666666666667,0.037,0.24166666666666667,0.0
action_scale_1.30,crane,37,0.2761316450071384,0.043666666666666666,0.043000000000000003,0.2916666666666667,0.0
action_scale_1.30,crane,38,0.2970504047516533,0.036583333333333336,0.03641666666666667,0.23333333333333334,0.0
action_scale_1.30,crane,39,0.26682996684331123,0.0465,0.04616666666666667,0.3,0.0
action_scale_1.30,substation,0,0.2983735740930383,0.036000000000000004,0.036000000000000004,0.225,0.0
action_scale_1.30,substation,1,0.2981641397032451,0.03125000000000001,0.031083333333333338,0.2,0.0
action_scale_1.30,substation,2,0.2908232742076836,0.036416666666666674,0.03591666666666667,0.24166666666666667,0.0
action_scale_1.30,substation,3,0.2839586996030402,0.043083333333333335,0.04258333333333333,0.2833333333333333,0.0
action_scale_1.30,substation,4,0.29577149926888235,0.03258333333333333,0.03241666666666667,0.20833333333333334,0.0
action_scale_1.30,substation,5,0.286934974497641,0.04191666666666667,0.041749999999999995,0.26666666666666666,0.0
action_scale_1.30,substation,6,0.29467809587915406,0.03391666666666667,0.03375000000000001,0.21666666666666667,0.0
action_scale_1.30,substation,7,0.2881102957592521,0.03866666666666667,0.03866666666666667,0.24166666666666667,0.0
action_scale_1.30,substation,8,0.28964639708250145,0.04,0.04,0.25,0.0
action_scale_1.30,substation,9,0.29343231052531826,0.03833333333333333,0.03766666666666666,0.25833333333333336,0.0
action_scale_1.30,substation,10,0.28851736745320716,0.036583333333333336,0.036416666666666674,0.23333333333333334,0.0
action_scale_1.30,substation,11,0.28396375767661003,0.042499999999999996,0.04216666666666667,0.275,0.0
action_scale_1.30,substation,12,0.2904899564790417,0.04133333333333334,0.04133333333333334,0.25833333333333336,0.0
action_scale_1.30,substation,13,0.29542558584271134,0.03925,0.03908333333333333,0.25,0.0
action_scale_1.30,substation,14,0.29180286684522216,0.035250000000000004,0.03508333333333334,0.225,0.0
action_scale_1.30,substation,15,0.2906686461655648,0.036583333333333336,0.036416666666666674,0.23333333333333334,0.0
action_scale_1.30,substation,16,0.2848820915714827,0.04058333333333333,0.04041666666666667,0.25833333333333336,0.0
action_scale_1.30,substation,17,0.2899519669941995,0.039833333333333325,0.0395,0.25833333333333336,0.0
action_scale_1.30,substation,18,0.2842455229560571,0.04516666666666667,0.04483333333333334,0.2916666666666667,0.0
action_scale_1.30,substation,19,0.2908952550008472,0.03983333333333334,0.0395,0.25833333333333336,0.0
action_scale_1.30,substation,20,0.289640388299995,0.04,0.04,0.25,0.0
action_scale_1.30,substation,21,0.28725707052948896,0.0425,0.04216666666666667,0.275,0.0
action_scale_1.30,substation,22,0.29412747273209644,0.034749999999999996,0.035250000000000004,0.225,0.0
action_scale_1.30,substation,23,0.2905372214282758,0.0385,0.03816666666666667,0.25,0.0
action_scale_1.30,substation,24,0.28333345147471334,0.041749999999999995,0.04125,0.275,0.0
action_scale_1.30,substation,25,0.288125728254336,0.037916666666666675,0.03775,0.24166666666666667,0.0
action_scale_1.30,substation,26,0.2917653761563463,0.03866666666666667,0.03866666666666667,0.24166666666666667,0.0
action_scale_1.30,substation,27,0.29944039739098216,0.03641666666666667,0.03591666666666667,0.24166666666666667,0.0
action_scale_1.30,substation,28,0.2788972486844139,0.043083333333333335,0.042583333333333334,0.2833333333333333,0.0
action_scale_1.30,substation,29,0.28507872126543127,0.04,0.04,0.25,0.0
action_scale_1.30,substation,30,0.29514828585673375,0.0385,0.03816666666666667,0.25,0.0
action_scale_1.30,substation,31,0.30159910243992843,0.033166666666666664,0.03283333333333334,0.21666666666666667,0.0
action_scale_1.30,substation,32,0.29502999772186494,0.03833333333333333,0.03766666666666666,0.25833333333333336,0.0
action_scale_1.30,substation,33,0.2898640686109354,0.04,0.04,0.25,0.0
action_scale_1.30,substation,34,0.287353114913581,0.04058333333333333,0.04041666666666666,0.25833333333333336,0.0
action_scale_1.30,substation,35,0.2899758843425636,0.03775,0.03725,0.25,0.0
action_scale_1.30,substation,36,0.29024350040496183,0.042499999999999996,0.04216666666666667,0.275,0.0
action_scale_1.30,substation,37,0.28400751748831626,0.04266666666666667,0.04266666666666667,0.26666666666666666,0.0
action_scale_1.30,substation,38,0.2906203005856368,0.035833333333333335,0.0355,0.23333333333333334,0.0
action_scale_1.30,substation,39,0.29271843268228537,0.035833333333333335,0.0355,0.23333333333333334,0.0
action_scale_1.30,mining,0,0.28103901348612015,0.03983333333333334,0.0395,0.25833333333333336,0.0
action_scale_1.30,mining,1,0.2825420649097197,0.03925,0.03908333333333333,0.25,0.0
action_scale_1.30,mining,2,0.2903283847870945,0.03641666666666666,0.03591666666666667,0.24166666666666667,0.0
action_scale_1.30,mining,3,0.28415145184608526,0.036416666666666674,0.03591666666666667,0.24166666666666667,0.0
action_scale_1.30,mining,4,0.2915600089243185,0.03391666666666667,0.033749999999999995,0.21666666666666667,0.0
action_scale_1.30,mining,5,0.2878747267323924,0.03925,0.03908333333333334,0.25,0.0
action_scale_1.30,mining,6,0.2848281270636056,0.035833333333333335,0.0355,0.23333333333333334,0.0
action_scale_1.30,mining,7,0.28301105796250886,0.04041666666666666,0.03991666666666667,0.26666666666666666,0.0
action_scale_1.30,mining,8,0.2800751839197658,0.04025,0.03941666666666667,0.275,0.0
action_scale_1.30,mining,9,0.28013536277014434,0.03983333333333334,0.0395,0.25833333333333336,0.0
action_scale_1.30,mining,10,0.28613583195523506,0.036000000000000004,0.036000000000000004,0.225,0.0
action_scale_1.30,mining,11,0.27920260808339253,0.04383333333333333,0.0435,0.2833333333333333,0.0
action_scale_1.30,mining,12,0.27945293095991,0.04383333333333333,0.043500000000000004,0.2833333333333333,0.0
action_scale_1.30,mining,13,0.2865243934101452,0.03925,0.03908333333333333,0.25,0.0
action_scale_1.30,mining,14,0.28767072115490483,0.036583333333333336,0.03641666666666667,0.23333333333333334,0.0
action_scale_1.30,mining,15,0.282060465758113,0.03983333333333334,0.0395,0.25833333333333336,0.0
action_scale_1.30,mining,16,0.29468423152008033,0.034666666666666665,0.034666666666666665,0.21666666666666667,0.0
action_scale_1.30,mining,17,0.28583932277809865,0.0385,0.03816666666666667,0.25,0.0
action_scale_1.30,mining,18,0.28720745267052855,0.035083333333333334,0.034583333333333334,0.23333333333333334,0.0
action_scale_1.30,mining,19,0.28292425493165907,0.04058333333333333,0.04041666666666667,0.25833333333333336,0.0
action_scale_1.30,mining,20,0.28845903977778015,0.03641666666666667,0.035916666666666666,0.24166666666666667,0.0
action_scale_1.30,mining,21,0.28681571666246897,0.0425,0.04216666666666667,0.275,0.0
action_scale_1.30,mining,22,0.2895704724814424,0.036000000000000004,0.036000000000000004,0.225,0.0
action_scale_1.30,mining,23,0.2844693195314374,0.03775,0.037250000000000005,0.25,0.0
action_scale_1.30,mining,24,0.2902105820639813,0.035250000000000004,0.03508333333333334,0.225,0.0
action_scale_1.30,mining,25,0.28503176549324427,0.03983333333333334,0.0395,0.25833333333333336,0.0
action_scale_1.30,mining,26,0.2796202481435776,0.034749999999999996,0.035250000000000004,0.225,0.0
action_scale_1.30,mining,27,0.2828527319741962,0.036833333333333336,0.0375,0.23333333333333334,0.0
action_scale_1.30,mining,28,0.28615326104999084,0.03508333333333334,0.034583333333333334,0.23333333333333334,0.0
action_scale_1.30,mining,29,0.27330962269592457,0.0465,0.046166666666666675,0.3,0.0
action_scale_1.30,mining,30,0.28564718593040334,0.042666666666666665,0.042666666666666665,0.26666666666666666,0.0
action_scale_1.30,mining,31,0.26941794152990833,0.04533333333333334,0.04533333333333334,0.2833333333333333,0.0
action_scale_1.30,mining,32,0.2816369689759982,0.04058333333333334,0.04041666666666667,0.25833333333333336,0.0
action_scale_1.30,mining,33,0.27803160989924897,0.04025,0.03941666666666667,0.275,0.0
action_scale_1.30,mining,34,0.27437323723506163,0.041749999999999995,0.041249999999999995,0.275,0.0
action_scale_1.30,mining,35,0.28254867644706344,0.03716666666666667,0.036833333333333336,0.24166666666666667,0.0
action_scale_1.30,mining,36,0.28753303399743263,0.037166666666666674,0.036833333333333336,0.24166666666666667,0.0
action_scale_1.30,mining,37,0.27980252166486236,0.03908333333333334,0.03858333333333333,0.25833333333333336,0.0
action_scale_1.30,mining,38,0.2768567183414623,0.04158333333333333,0.040749999999999995,0.2833333333333333,0.0
action_scale_1.30,mining,39,0.28672843460675135,0.03166666666666666,0.030999999999999996,0.21666666666666667,0.0
action_scale_1.30,oil_gas,0,0.277649354060422,0.03791666666666667,0.03775,0.24166666666666667,0.0
action_scale_1.30,oil_gas,1,0.27664886717405207,0.03833333333333334,0.03766666666666667,0.25833333333333336,0.0
action_scale_1.30,oil_gas,2,0.2654741237310345,0.04841666666666667,0.04791666666666667,0.31666666666666665,0.0
action_scale_1.30,oil_gas,3,0.2801984018371107,0.03925000000000001,0.03908333333333333,0.25,0.0
action_scale_1.30,oil_gas,4,0.2811301862953766,0.03983333333333334,0.0395,0.25833333333333336,0.0
action_scale_1.30,oil_gas,5,0.27724365753348834,0.04133333333333334,0.04133333333333334,0.25833333333333336,0.0
action_scale_1.30,oil_gas,6,0.2823404177732088,0.037166666666666674,0.036833333333333336,0.24166666666666667,0.0
action_scale_1.30,oil_gas,7,0.2860467833844524,0.04,0.04,0.25,0.0
action_scale_1.30,oil_gas,8,0.28474258054027,0.034499999999999996,0.034166666666666665,0.225,0.0
action_scale_1.30,oil_gas,9,0.27885158240332264,0.042499999999999996,0.04216666666666667,0.275,0.0
action_scale_1.30,oil_gas,10,0.2748858950300879,0.045000000000000005,0.044333333333333336,0.3,0.0
action_scale_1.30,oil_gas,11,0.2878756158597176,0.03583333333333334,0.035500000000000004,0.23333333333333334,0.0
action_scale_1.30,oil_gas,12,0.28486358379786647,0.035083333333333334,0.034583333333333334,0.23333333333333334,0.0
action_scale_1.30,oil_gas,13,0.28097183689561267,0.040583333333333325,0.04041666666666666,0.25833333333333336,0.0
action_scale_1.30,oil_gas,14,0.2865877310698976,0.03658333333333333,0.03641666666666667,0.23333333333333334,0.0
action_scale_1.30,oil_gas,15,0.2852610801792289,0.04191666666666667,0.041749999999999995,0.26666666666666666,0.0
action_scale_1.30,oil_gas,16,0.27695179533990394,0.04516666666666667,0.04483333333333334,0.2916666666666667,0.0
action_scale_1.30,oil_gas,17,0.2794219445024276,0.042499999999999996,0.042166666666666665,0.275,0.0
action_scale_1.30,oil_gas,18,0.28335624574479623,0.03983333333333334,0.0395,0.25833333333333336,0.0
action_scale_1.30,oil_gas,19,0.27447310743898384,0.04383333333333333,0.043500000000000004,0.2833333333333333,0.0
action_scale_1.30,oil_gas,20,0.2775749699413064,0.03841666666666667,0.03825,0.26666666666666666,0.0
action_scale_1.30,oil_gas,21,0.28708512792779733,0.03983333333333334,0.0395,0.25833333333333336,0.0
action_scale_1.30,oil_gas,22,0.278705931594578,0.04158333333333333,0.04075,0.2833333333333333,0.0
action_scale_1.30,oil_gas,23,0.2720758573839712,0.0465,0.04616666666666667,0.3,0.0
action_scale_1.30,oil_gas,24,0.2771442204224242,0.04325,0.043083333333333335,0.275,0.0
action_scale_1.30,oil_gas,25,0.2668020327127418,0.04991666666666667,0.04975,0.31666666666666665,0.0
action_scale_1.30,oil_gas,26,0.27714472636650267,0.04325,0.043083333333333335,0.275,0.0
action_scale_1.30,oil_gas,27,0.2858850652850871,0.03983333333333334,0.0395,0.25833333333333336,0.0
action_scale_1.30,oil_gas,28,0.2741807262392876,0.042499999999999996,0.04216666666666667,0.275,0.0
action_scale_1.30,oil_gas,29,0.28293232539480156,0.0385,0.03816666666666667,0.25,0.0
action_scale_1.30,oil_gas,30,0.2884513168438519,0.03866666666666667,0.03866666666666667,0.24166666666666667,0.0
action_scale_1.30,oil_gas,31,0.2849790585443006,0.03716666666666667,0.036833333333333336,0.24166666666666667,0.0
action_scale_1.30,oil_gas,32,0.28038365294278783,0.03833333333333334,0.03766666666666666,0.25833333333333336,0.0
action_scale_1.30,oil_gas,33,0.27747231524247257,0.0465,0.046166666666666675,0.3,0.0
action_scale_1.30,oil_gas,34,0.27874911289636256,0.037916666666666675,0.03775,0.24166666666666667,0.0
action_scale_1.30,oil_gas,35,0.29035847864235786,0.037333333333333336,0.037333333333333336,0.23333333333333334,0.0
action_scale_1.30,oil_gas,36,0.2832108898468412,0.036000000000000004,0.036000000000000004,0.225,0.0
action_scale_1.30,oil_gas,37,0.28694999199311455,0.03316666666666667,0.03283333333333334,0.21666666666666667,0.0
action_scale_1.30,oil_gas,38,0.28433172607595075,0.03933333333333334,0.03966666666666666,0.25833333333333336,0.0
action_scale_1.30,oil_gas,39,0.28038861103628887,0.04133333333333334,0.04133333333333334,0.25833333333333336,0.0
action_scale_1.30,factory,0,0.302578301511938,0.030333333333333334,0.029666666666666668,0.20833333333333334,0.0
action_scale_1.30,factory,1,0.3043694152965492,0.03391666666666667,0.033749999999999995,0.21666666666666667,0.0
action_scale_1.30,factory,2,0.2936400439582762,0.037916666666666675,0.03775,0.24166666666666667,0.0
action_scale_1.30,factory,3,0.3053526148931303,0.0385,0.03816666666666667,0.25,0.0
action_scale_1.30,factory,4,0.3020667353968619,0.03391666666666667,0.03375000000000001,0.21666666666666667,0.0
action_scale_1.30,factory,5,0.2961508932781402,0.04000000000000001,0.04000000000000001,0.25,0.0
action_scale_1.30,factory,6,0.2961366746750312,0.0425,0.04216666666666667,0.275,0.0
action_scale_1.30,factory,7,0.3075632684627595,0.03391666666666667,0.03375000000000001,0.21666666666666667,0.0
action_scale_1.30,factory,8,0.30199825614789255,0.035833333333333335,0.0355,0.23333333333333334,0.0
action_scale_1.30,factory,9,0.3016577454854517,0.037333333333333336,0.037333333333333336,0.23333333333333334,0.0
action_scale_1.30,factory,10,0.30482728620844635,0.035833333333333335,0.0355,0.23333333333333334,0.0
action_scale_1.30,factory,11,0.2891525062799178,0.04666666666666666,0.04666666666666666,0.2916666666666667,0.0
action_scale_1.30,factory,12,0.30553970188822654,0.036583333333333336,0.03641666666666667,0.23333333333333334,0.0
action_scale_1.30,factory,13,0.3028999098270634,0.037166666666666674,0.036833333333333336,0.24166666666666667,0.0
action_scale_1.30,factory,14,0.2913875751546792,0.04058333333333333,0.04041666666666667,0.25833333333333336,0.0
action_scale_1.30,factory,15,0.306263355977788,0.035250000000000004,0.035083333333333334,0.225,0.0
action_scale_1.30,factory,16,0.30232292720832515,0.03925,0.03908333333333333,0.25,0.0
action_scale_1.30,factory,17,0.3014772254267964,0.0345,0.034166666666666665,0.225,0.0
action_scale_1.30,factory,18,0.30755503129090994,0.036000000000000004,0.036000000000000004,0.225,0.0
action_scale_1.30,factory,19,0.30172660580265276,0.036583333333333336,0.03641666666666667,0.23333333333333334,0.0
action_scale_1.30,factory,20,0.30716742115279344,0.036000000000000004,0.036000000000000004,0.225,0.0
action_scale_1.30,factory,21,0.3025565888740654,0.035250000000000004,0.035083333333333334,0.225,0.0
action_scale_1.30,factory,22,0.2920089117488022,0.044583333333333336,0.04441666666666667,0.2833333333333333,0.0
action_scale_1.30,factory,23,0.29846006760948046,0.03908333333333334,0.03858333333333333,0.25833333333333336,0.0
action_scale_1.30,factory,24,0.29966172980162187,0.037333333333333336,0.037333333333333336,0.23333333333333334,0.0
action_scale_1.30,factory,25,0.2991701903127855,0.036583333333333336,0.03641666666666667,0.23333333333333334,0.0
action_scale_1.30,factory,26,0.3002695468324053,0.039833333333333325,0.0395,0.25833333333333336,0.0
action_scale_1.30,factory,27,0.2900572564284994,0.04591666666666667,0.04575,0.2916666666666667,0.0
action_scale_1.30,factory,28,0.3045160771162792,0.03925,0.03908333333333334,0.25,0.0
action_scale_1.30,factory,29,0.29098000735178065,0.04325,0.043083333333333335,0.275,0.0
action_scale_1.30,factory,30,0.2989621610786583,0.037166666666666674,0.03683333333333334,0.24166666666666667,0.0
action_scale_1.30,factory,31,0.30517777583373645,0.036583333333333336,0.03641666666666667,0.23333333333333334,0.0
action_scale_1.30,factory,32,0.2949046058735519,0.03925000000000001,0.03908333333333334,0.25,0.0
action_scale_1.30,factory,33,0.30932259381401106,0.032,0.032,0.2,0.0
action_scale_1.30,factory,34,0.2929862982487368,0.03866666666666666,0.03866666666666666,0.24166666666666667,0.0
action_scale_1.30,factory,35,0.29984010063235744,0.04000000000000001,0.04000000000000001,0.25,0.0
action_scale_1.30,factory,36,0.300303160363307,0.0345,0.034166666666666665,0.225,0.0
action_scale_1.30,factory,37,0.3054634854096855,0.029916666666666664,0.02975,0.19166666666666668,0.0
action_scale_1.30,factory,38,0.3141066388843755,0.029333333333333333,0.029333333333333333,0.18333333333333332,0.0
action_scale_1.30,factory,39,0.29794232135164384,0.03925000000000001,0.03908333333333334,0.25,0.0
ablation_learning_on,forklift,0,0.326301788592511,0.018083333333333337,0.012916666666666668,0.25833333333333336,0.0
ablation_learning_on,forklift,1,0.32713910054368417,0.01575,0.011250000000000001,0.225,0.0
ablation_learning_on,forklift,2,0.32952155279259315,0.01691666666666667,0.012083333333333335,0.24166666666666667,0.0
ablation_learning_on,forklift,3,0.3289462670195916,0.015750000000000004,0.011250000000000001,0.225,0.0
ablation_learning_on,forklift,4,0.326502800326093,0.018083333333333337,0.012916666666666668,0.25833333333333336,0.0
ablation_learning_on,forklift,5,0.3210989493227918,0.017500000000000005,0.012500000000000002,0.25,0.0
ablation_learning_on,forklift,6,0.3313842509507989,0.016333333333333335,0.011666666666666667,0.23333333333333334,0.0
ablation_learning_on,forklift,7,0.32107437754769436,0.018666666666666668,0.013333333333333334,0.26666666666666666,0.0
ablation_learning_on,forklift,8,0.3257501698439524,0.01925,0.013750000000000002,0.275,0.0
ablation_learning_on,forklift,9,0.32593082295274534,0.018083333333333337,0.012916666666666668,0.25833333333333336,0.0
ablation_learning_on,forklift,10,0.3222260511995053,0.016333333333333335,0.011666666666666667,0.23333333333333334,0.0
ablation_learning_on,forklift,11,0.3205324167881324,0.014583333333333335,0.010416666666666668,0.20833333333333334,0.0
ablation_learning_on,forklift,12,0.32699755825443116,0.018083333333333333,0.012916666666666668,0.25833333333333336,0.0
ablation_learning_on,forklift,13,0.327496780778513,0.0175,0.0125,0.25,0.0
ablation_learning_on,forklift,14,0.325895268515659,0.018083333333333333,0.012916666666666668,0.25833333333333336,0.0
ablation_learning_on,forklift,15,0.32500547073757496,0.014583333333333334,0.010416666666666666,0.20833333333333334,0.0
ablation_learning_on,forklift,16,0.3291289292278933,0.01925,0.01375,0.275,0.0
ablation_learning_on,forklift,17,0.3226724110084761,0.019833333333333335,0.014166666666666668,0.2833333333333333,0.0
ablation_learning_on,forklift,18,0.32174336625956645,0.018083333333333337,0.012916666666666668,0.25833333333333336,0.0
ablation_learning_on,forklift,19,0.3227489850692299,0.021000000000000005,0.015000000000000001,0.3,0.0
ablation_learning_on,forklift,20,0.32733998960297384,0.018666666666666668,0.013333333333333334,0.26666666666666666,0.0
ablation_learning_on,forklift,21,0.33041213911726364,0.018083333333333337,0.012916666666666667,0.25833333333333336,0.0
ablation_learning_on,forklift,22,0.3294819433707275,0.016333333333333335,0.011666666666666667,0.23333333333333334,0.0
ablation_learning_on,forklift,23,0.3277264582786048,0.018083333333333337,0.012916666666666668,0.25833333333333336,0.0
ablation_learning_on,forklift,24,0.3238764471490224,0.018083333333333333,0.012916666666666667,0.25833333333333336,0.0
ablation_learning_on,forklift,25,0.32518776406966576,0.018083333333333333,0.012916666666666667,0.25833333333333336,0.0
ablation_learning_on,forklift,26,0.32608242269828813,0.014000000000000002,0.010000000000000002,0.2,0.0
ablation_learning_on,forklift,27,0.3245644482212168,0.012833333333333334,0.009166666666666667,0.18333333333333332,0.0
ablation_learning_on,forklift,28,0.3265241611005666,0.016333333333333335,0.011666666666666667,0.23333333333333334,0.0
ablation_learning_on,forklift,29,0.33007285948227977,0.01575,0.011250000000000001,0.225,0.0
ablation_learning_on,forklift,30,0.3287439539988975,0.017500000000000005,0.012500000000000002,0.25,0.0
ablation_learning_on,forklift,31,0.33242774406804354,0.018083333333333337,0.012916666666666667,0.25833333333333336,0.0
ablation_learning_on,forklift,32,0.3309378349153978,0.0175,0.0125,0.25,0.0
ablation_learning_on,forklift,33,0.32602008860004034,0.018083333333333337,0.012916666666666667,0.25833333333333336,0.0
ablation_learning_on,forklift,34,0.3241581062426695,0.018083333333333337,0.012916666666666668,0.25833333333333336,0.0
ablation_learning_on,forklift,35,0.3297145066173994,0.018666666666666668,0.013333333333333334,0.26666666666666666,0.0
ablation_learning_on,forklift,36,0.32787177740371154,0.018666666666666668,0.013333333333333334,0.26666666666666666,0.0
ablation_learning_on,forklift,37,0.3217251462559535,0.019250000000000003,0.01375,0.275,0.0
ablation_learning_on,forklift,38,0.3198722998261923,0.019833333333333335,0.014166666666666668,0.2833333333333333,0.0
ablation_learning_on,forklift,39,0.3214455964671797,0.018666666666666668,0.013333333333333334,0.26666666666666666,0.0
ablation_learning_on,crane,0,0.32235876068862784,0.014000000000000002,0.010000000000000002,0.2,0.0
ablation_learning_on,crane,1,0.31434660749538684,0.018083333333333337,0.012916666666666668,0.25833333333333336,0.0
ablation_learning_on,crane,2,0.31859343952019425,0.018666666666666668,0.013333333333333334,0.26666666666666666,0.0
ablation_learning_on,crane,3,0.32209937246796655,0.014000000000000002,0.010000000000000002,0.2,0.0
ablation_learning_on,crane,4,0.32479830446539054,0.016333333333333335,0.011666666666666667,0.23333333333333334,0.0
ablation_learning_on,crane,5,0.3168681214036988,0.01575,0.011250000000000001,0.225,0.0
ablation_learning_on,crane,6,0.3175795975331564,0.018666666666666668,0.013333333333333334,0.26666666666666666,0.0
ablation_learning_on,crane,7,0.32227200610285667,0.014583333333333335,0.010416666666666666,0.20833333333333334,0.0
ablation_learning_on,crane,8,0.32304006871445,0.018666666666666668,0.013333333333333334,0.26666666666666666,0.0
ablation_learning_on,crane,9,0.3156656627557093,0.01575,0.011250000000000001,0.225,0.0
ablation_learning_on,crane,10,0.3205896827534399,0.015166666666666669,0.010833333333333335,0.21666666666666667,0.0
ablation_learning_on,crane,11,0.3229615940639505,0.018083333333333333,0.012916666666666667,0.25833333333333336,0.0
ablation_learning_on,crane,12,0.3183833173494227,0.01691666666666667,0.012083333333333335,0.24166666666666667,0.0
ablation_learning_on,crane,13,0.3210698019822183,0.01691666666666667,0.012083333333333335,0.24166666666666667,0.0
ablation_learning_on,crane,14,0.3141727760675831,0.01983333333333333,0.014166666666666666,0.2833333333333333,0.0
ablation_learning_on,crane,15,0.31931104353770257,0.015166666666666667,0.010833333333333334,0.21666666666666667,0.0
ablation_learning_on,crane,16,0.3262403560979997,0.01691666666666667,0.012083333333333335,0.24166666666666667,0.0
ablation_learning_on,crane,17,0.32279589449642915,0.01691666666666667,0.012083333333333335,0.24166666666666667,0.0
ablation_learning_on,crane,18,0.31910162233323786,0.016333333333333335,0.011666666666666667,0.23333333333333334,0.0
ablation_learning_on,crane,19,0.3237954125377953,0.018083333333333333,0.012916666666666667,0.25833333333333336,0.0
ablation_learning_on,crane,20,0.3293588068382948,0.01575,0.011250000000000001,0.225,0.0
ablation_learning_on,crane,21,0.32296201831745996,0.014583333333333335,0.010416666666666666,0.20833333333333334,0.0
ablation_learning_on,crane,22,0.3176736803108671,0.019833333333333335,0.014166666666666668,0.2833333333333333,0.0
ablation_learning_on,crane,23,0.3233984568962432,0.017500000000000005,0.0125,0.25,0.0
ablation_learning_on,crane,24,0.3199997942128327,0.018083333333333333,0.012916666666666667,0.25833333333333336,0.0
ablation_learning_on,crane,25,0.3175697431362169,0.019250000000000003,0.013750000000000002,0.275,0.0
ablation_learning_on,crane,26,0.3174604011180412,0.018083333333333337,0.012916666666666667,0.25833333333333336,0.0
ablation_learning_on,crane,27,0.3158563565411125,0.0175,0.0125,0.25,0.0
ablation_learning_on,crane,28,0.31963335635168083,0.01691666666666667,0.012083333333333335,0.24166666666666667,0.0
ablation_learning_on,crane,29,0.3196800348226162,0.017500000000000005,0.0125,0.25,0.0
ablation_learning_on,crane,30,0.3218968660849167,0.017500000000000005,0.012500000000000002,0.25,0.0
ablation_learning_on,crane,31,0.32254033821329753,0.018083333333333337,0.012916666666666667,0.25833333333333336,0.0
ablation_learning_on,crane,32,0.3174584873143575,0.018083333333333337,0.012916666666666668,0.25833333333333336,0.0
ablation_learning_on,crane,33,0.3218692614693622,0.018083333333333333,0.012916666666666668,0.25833333333333336,0.0
ablation_learning_on,crane,34,0.32246342767547925,0.016333333333333335,0.011666666666666667,0.23333333333333334,0.0
ablation_learning_on,crane,35,0.31990561908480164,0.01691666666666667,0.012083333333333335,0.24166666666666667,0.0
ablation_learning_on,crane,36,0.3175911807798508,0.01691666666666667,0.012083333333333335,0.24166666666666667,0.0
ablation_learning_on,crane,37,0.31299706698481633,0.02041666666666667,0.014583333333333334,0.2916666666666667,0.0
ablation_learning_on,crane,38,0.3283571227314168,0.016333333333333335,0.011666666666666665,0.23333333333333334,0.0
ablation_learning_on,crane,39,0.3063660405869077,0.021000000000000005,0.015000000000000001,0.3,0.0
ablation_learning_on,substation,0,0.32942357409303824,0.01575,0.011250000000000001,0.225,0.0
ablation_learning_on,substation,1,0.3248925266738386,0.014000000000000002,0.010000000000000002,0.2,0.0
ablation_learning_on,substation,2,0.321635318270348,0.01691666666666667,0.012083333333333335,0.24166666666666667,0.0
ablation_learning_on,substation,3,0.32044377324879714,0.019833333333333335,0.014166666666666668,0.2833333333333333,0.0
ablation_learning_on,substation,4,0.32369662211132455,0.014583333333333334,0.010416666666666666,0.20833333333333334,0.0
ablation_learning_on,substation,5,0.3228603564471301,0.018666666666666668,0.013333333333333334,0.26666666666666666,0.0
ablation_learning_on,substation,6,0.3237508538166731,0.015166666666666669,0.010833333333333334,0.21666666666666667,0.0
ablation_learning_on,substation,7,0.3213835722350321,0.01691666666666667,0.012083333333333333,0.24166666666666667,0.0
ablation_learning_on,substation,8,0.32414639708250154,0.017500000000000005,0.0125,0.25,0.0
ablation_learning_on,substation,9,0.3258323105253183,0.018083333333333333,0.012916666666666667,0.25833333333333336,0.0
ablation_learning_on,substation,10,0.3198505473289701,0.016333333333333335,0.011666666666666665,0.23333333333333334,0.0
ablation_learning_on,substation,11,0.3202301163287765,0.019250000000000003,0.01375,0.275,0.0
ablation_learning_on,substation,12,0.32613995647904165,0.018083333333333333,0.012916666666666667,0.25833333333333336,0.0
ablation_learning_on,substation,13,0.3290994145698285,0.017500000000000005,0.0125,0.25,0.0
ablation_learning_on,substation,14,0.32196895526872604,0.01575,0.011250000000000001,0.225,0.0
ablation_learning_on,substation,15,0.32205614616556477,0.016333333333333335,0.011666666666666667,0.23333333333333334,0.0
ablation_learning_on,substation,16,0.31951178776081685,0.018083333333333333,0.012916666666666667,0.25833333333333336,0.0
ablation_learning_on,substation,17,0.3239769669941995,0.018083333333333337,0.012916666666666668,0.25833333333333336,0.0
ablation_learning_on,substation,18,0.3227024547181891,0.02041666666666667,0.014583333333333334,0.2916666666666667,0.0
ablation_learning_on,substation,19,0.3248415190959257,0.018083333333333337,0.012916666666666668,0.25833333333333336,0.0
ablation_learning_on,substation,20,0.3241011495960046,0.017500000000000005,0.012500000000000002,0.25,0.0
ablation_learning_on,substation,21,0.32342279365092996,0.019250000000000003,0.01375,0.275,0.0
ablation_learning_on,substation,22,0.3240602880261099,0.01575,0.011250000000000001,0.225,0.0
ablation_learning_on,substation,23,0.3234122214282758,0.017500000000000005,0.012500000000000002,0.25,0.0
ablation_learning_on,substation,24,0.31875518071286846,0.019250000000000003,0.01375,0.275,0.0
ablation_learning_on,substation,25,0.320663228254336,0.01691666666666667,0.012083333333333335,0.24166666666666667,0.0
ablation_learning_on,substation,26,0.3248649287217483,0.01691666666666667,0.012083333333333335,0.24166666666666667,0.0
ablation_learning_on,substation,27,0.33035289739098217,0.01691666666666667,0.012083333333333335,0.24166666666666667,0.0
ablation_learning_on,substation,28,0.31555428263700097,0.019833333333333335,0.014166666666666668,0.2833333333333333,0.0
ablation_learning_on,substation,29,0.3195787212654313,0.017500000000000005,0.012500000000000002,0.25,0.0
ablation_learning_on,substation,30,0.32802328585673374,0.017500000000000005,0.012500000000000002,0.25,0.0
ablation_learning_on,substation,31,0.3298741024399285,0.015166666666666669,0.010833333333333335,0.21666666666666667,0.0
ablation_learning_on,substation,32,0.327404357077991,0.018083333333333333,0.012916666666666667,0.25833333333333336,0.0
ablation_learning_on,substation,33,0.324243054872705,0.017500000000000005,0.012500000000000002,0.25,0.0
ablation_learning_on,substation,34,0.3220472821578433,0.018083333333333337,0.012916666666666667,0.25833333333333336,0.0
ablation_learning_on,substation,35,0.32187501051269585,0.0175,0.0125,0.25,0.0
ablation_learning_on,substation,36,0.3264799913236058,0.019250000000000003,0.013750000000000002,0.275,0.0
ablation_learning_on,substation,37,0.3207856086717355,0.018666666666666668,0.013333333333333334,0.26666666666666666,0.0
ablation_learning_on,substation,38,0.3211889777259089,0.016333333333333335,0.011666666666666667,0.23333333333333334,0.0
ablation_learning_on,substation,39,0.3231513851692931,0.016333333333333335,0.011666666666666665,0.23333333333333334,0.0
ablation_learning_on,mining,0,0.31506048258678354,0.018083333333333337,0.012916666666666667,0.25833333333333336,0.0
ablation_learning_on,mining,1,0.31610820206896134,0.017500000000000005,0.0125,0.25,0.0
ablation_learning_on,mining,2,0.32116268161888223,0.01691666666666667,0.012083333333333335,0.24166666666666667,0.0
ablation_learning_on,mining,3,0.3150639518460852,0.01691666666666667,0.012083333333333335,0.24166666666666667,0.0
ablation_learning_on,mining,4,0.3206312836399319,0.015166666666666669,0.010833333333333334,0.21666666666666667,0.0
ablation_learning_on,mining,5,0.3214652675286596,0.017500000000000005,0.0125,0.25,0.0
ablation_learning_on,mining,6,0.3152277000827724,0.016333333333333335,0.011666666666666667,0.23333333333333334,0.0
ablation_learning_on,mining,7,0.31718870280295497,0.018666666666666668,0.013333333333333334,0.26666666666666666,0.0
ablation_learning_on,mining,8,0.3138703836122502,0.019250000000000003,0.01375,0.275,0.0
ablation_learning_on,mining,9,0.31404976506376914,0.018083333333333333,0.012916666666666667,0.25833333333333336,0.0
ablation_learning_on,mining,10,0.3171489135986042,0.01575,0.011250000000000001,0.225,0.0
ablation_learning_on,mining,11,0.3164758700773687,0.019833333333333335,0.014166666666666668,0.2833333333333333,0.0
ablation_learning_on,mining,12,0.3168772394183404,0.019833333333333335,0.014166666666666668,0.2833333333333333,0.0
ablation_learning_on,mining,13,0.32005662856328265,0.0175,0.0125,0.25,0.0
ablation_learning_on,mining,14,0.3190170192950849,0.016333333333333335,0.011666666666666665,0.23333333333333334,0.0
ablation_learning_on,mining,15,0.3160678795356882,0.018083333333333333,0.012916666666666667,0.25833333333333336,0.0
ablation_learning_on,mining,16,0.32458423152008026,0.015166666666666669,0.010833333333333335,0.21666666666666667,0.0
ablation_learning_on,mining,17,0.31856030263917173,0.017500000000000005,0.0125,0.25,0.0
ablation_learning_on,mining,18,0.31690549137713214,0.016333333333333335,0.011666666666666667,0.23333333333333334,0.0
ablation_learning_on,mining,19,0.31776175493165904,0.018083333333333333,0.012916666666666667,0.25833333333333336,0.0
ablation_learning_on,mining,20,0.3193715397777802,0.01691666666666667,0.012083333333333335,0.24166666666666667,0.0
ablation_learning_on,mining,21,0.3230903146089601,0.019250000000000003,0.01375,0.275,0.0
ablation_learning_on,mining,22,0.3205272676219424,0.01575,0.011250000000000001,0.225,0.0
ablation_learning_on,mining,23,0.31647697681328246,0.0175,0.0125,0.25,0.0
ablation_learning_on,mining,24,0.3203791962688358,0.01575,0.011250000000000001,0.225,0.0
ablation_learning_on,mining,25,0.3190567654932443,0.018083333333333333,0.012916666666666667,0.25833333333333336,0.0
ablation_learning_on,mining,26,0.30953528466504066,0.01575,0.011250000000000001,0.225,0.0
ablation_learning_on,mining,27,0.3146653410801381,0.016333333333333335,0.011666666666666667,0.23333333333333334,0.0
ablation_learning_on,mining,28,0.3159157610499908,0.016333333333333335,0.011666666666666665,0.23333333333333334,0.0
ablation_learning_on,mining,29,0.3129480257883041,0.021000000000000005,0.015000000000000003,0.3,0.0
ablation_learning_on,mining,30,0.3221104271318009,0.018666666666666668,0.013333333333333334,0.26666666666666666,0.0
ablation_learning_on,mining,31,0.3083215666176855,0.01983333333333333,0.014166666666666668,0.2833333333333333,0.0
ablation_learning_on,mining,32,0.3164622645275941,0.018083333333333337,0.012916666666666667,0.25833333333333336,0.0
ablation_learning_on,mining,33,0.311911903616909,0.019250000000000003,0.013750000000000002,0.275,0.0
ablation_learning_on,mining,34,0.30979428776057333,0.019250000000000003,0.013750000000000002,0.275,0.0
ablation_learning_on,mining,35,0.3141777797866341,0.01691666666666667,0.012083333333333335,0.24166666666666667,0.0
ablation_learning_on,mining,36,0.3191331136586132,0.01691666666666667,0.012083333333333333,0.24166666666666667,0.0
ablation_learning_on,mining,37,0.3129579585273387,0.018083333333333337,0.012916666666666668,0.25833333333333336,0.0
ablation_learning_on,mining,38,0.31179816516027414,0.019833333333333335,0.014166666666666668,0.2833333333333333,0.0
ablation_learning_on,mining,39,0.31337843460675135,0.015166666666666667,0.010833333333333334,0.21666666666666667,0.0
ablation_learning_on,oil_gas,0,0.31000637298146316,0.01691666666666667,0.012083333333333335,0.24166666666666667,0.0
ablation_learning_on,oil_gas,1,0.3089462738070266,0.018083333333333337,0.012916666666666667,0.25833333333333336,0.0
ablation_learning_on,oil_gas,2,0.30652029829906874,0.022166666666666668,0.015833333333333335,0.31666666666666665,0.0
ablation_learning_on,oil_gas,3,0.3138137256683323,0.0175,0.0125,0.25,0.0
ablation_learning_on,oil_gas,4,0.31515518629537664,0.018083333333333337,0.012916666666666668,0.25833333333333336,0.0
ablation_learning_on,oil_gas,5,0.31276641056655025,0.018083333333333333,0.012916666666666667,0.25833333333333336,0.0
ablation_learning_on,oil_gas,6,0.3138900917158592,0.01691666666666667,0.012083333333333335,0.24166666666666667,0.0
ablation_learning_on,oil_gas,7,0.3203778633701238,0.017500000000000005,0.012500000000000002,0.25,0.0
ablation_learning_on,oil_gas,8,0.31413380865369855,0.01575,0.011250000000000001,0.225,0.0
ablation_learning_on,oil_gas,9,0.3150946763358727,0.019250000000000003,0.01375,0.275,0.0
ablation_learning_on,oil_gas,10,0.31303589503008794,0.021000000000000005,0.015000000000000001,0.3,0.0
ablation_learning_on,oil_gas,11,0.3182893513423212,0.016333333333333335,0.011666666666666667,0.23333333333333334,0.0
ablation_learning_on,oil_gas,12,0.314409957143352,0.016333333333333335,0.011666666666666667,0.23333333333333334,0.0
ablation_learning_on,oil_gas,13,0.3156966179065616,0.018083333333333337,0.012916666666666667,0.25833333333333336,0.0
ablation_learning_on,oil_gas,14,0.3178036968580963,0.016333333333333335,0.011666666666666667,0.23333333333333334,0.0
ablation_learning_on,oil_gas,15,0.3211157136041185,0.018666666666666668,0.013333333333333334,0.26666666666666666,0.0
ablation_learning_on,oil_gas,16,0.3154655020079929,0.02041666666666667,0.014583333333333334,0.2916666666666667,0.0
ablation_learning_on,oil_gas,17,0.3157469445024276,0.019250000000000003,0.013750000000000002,0.275,0.0
ablation_learning_on,oil_gas,18,0.31733433981744547,0.018083333333333337,0.012916666666666668,0.25833333333333336,0.0
ablation_learning_on,oil_gas,19,0.3118073583956427,0.019833333333333335,0.014166666666666666,0.2833333333333333,0.0
ablation_learning_on,oil_gas,20,0.31000120045722157,0.018666666666666668,0.013333333333333334,0.26666666666666666,0.0
ablation_learning_on,oil_gas,21,0.32104229672882767,0.018083333333333337,0.012916666666666667,0.25833333333333336,0.0
ablation_learning_on,oil_gas,22,0.313739594281783,0.019833333333333335,0.014166666666666668,0.2833333333333333,0.0
ablation_learning_on,oil_gas,23,0.31178634340811323,0.021000000000000005,0.015000000000000001,0.3,0.0
ablation_learning_on,oil_gas,24,0.3142368798259365,0.019250000000000003,0.013750000000000002,0.275,0.0
ablation_learning_on,oil_gas,25,0.3096143975661792,0.022166666666666668,0.01583333333333333,0.31666666666666665,0.0
ablation_learning_on,oil_gas,26,0.31409834274862686,0.019250000000000003,0.013750000000000002,0.275,0.0
ablation_learning_on,oil_gas,27,0.31991006528508714,0.018083333333333337,0.012916666666666668,0.25833333333333336,0.0
ablation_learning_on,oil_gas,28,0.3102914393720077,0.01925,0.013750000000000002,0.275,0.0
ablation_learning_on,oil_gas,29,0.3157271541288658,0.0175,0.0125,0.25,0.0
ablation_learning_on,oil_gas,30,0.3217421694993075,0.01691666666666667,0.012083333333333335,0.24166666666666667,0.0
ablation_learning_on,oil_gas,31,0.3166035863906678,0.01691666666666667,0.012083333333333335,0.24166666666666667,0.0
ablation_learning_on,oil_gas,32,0.3127027769764419,0.018083333333333337,0.012916666666666668,0.25833333333333336,0.0
ablation_learning_on,oil_gas,33,0.3171308437169316,0.021000000000000005,0.015000000000000001,0.3,0.0
ablation_learning_on,oil_gas,34,0.311155056827263,0.01691666666666667,0.012083333333333335,0.24166666666666667,0.0
ablation_learning_on,oil_gas,35,0.32250300937826826,0.016333333333333335,0.011666666666666665,0.23333333333333334,0.0
ablation_learning_on,oil_gas,36,0.31421513897026104,0.01575,0.011250000000000001,0.225,0.0
ablation_learning_on,oil_gas,37,0.31522499199311454,0.015166666666666669,0.010833333333333335,0.21666666666666667,0.0
ablation_learning_on,oil_gas,38,0.31807665750750264,0.018083333333333337,0.012916666666666667,0.25833333333333336,0.0
ablation_learning_on,oil_gas,39,0.3159931511307442,0.018083333333333333,0.012916666666666667,0.25833333333333336,0.0
ablation_learning_on,factory,0,0.3279910537334387,0.014583333333333334,0.010416666666666666,0.20833333333333334,0.0
ablation_learning_on,factory,1,0.33339846948850915,0.015166666666666669,0.010833333333333335,0.21666666666666667,0.0
ablation_learning_on,factory,2,0.3261690001630255,0.01691666666666667,0.012083333333333335,0.24166666666666667,0.0
ablation_learning_on,factory,3,0.3381654637891697,0.017500000000000005,0.0125,0.25,0.0
ablation_learning_on,factory,4,0.3310344542365237,0.015166666666666669,0.010833333333333335,0.21666666666666667,0.0
ablation_learning_on,factory,5,0.3304462857491276,0.0175,0.0125,0.25,0.0
ablation_learning_on,factory,6,0.3324409608587139,0.019250000000000003,0.01375,0.275,0.0
ablation_learning_on,factory,7,0.33664515975999976,0.015166666666666667,0.010833333333333334,0.21666666666666667,0.0
ablation_learning_on,factory,8,0.33257325614789257,0.016333333333333335,0.011666666666666665,0.23333333333333334,0.0
ablation_learning_on,factory,9,0.33383107622488434,0.016333333333333335,0.011666666666666667,0.23333333333333334,0.0
ablation_learning_on,factory,10,0.3354022862084463,0.016333333333333335,0.011666666666666665,0.23333333333333334,0.0
ablation_learning_on,factory,11,0.3292244365646771,0.02041666666666667,0.014583333333333334,0.2916666666666667,0.0
ablation_learning_on,factory,12,0.33675582661604603,0.016333333333333335,0.011666666666666665,0.23333333333333334,0.0
ablation_learning_on,factory,13,0.3344947696491623,0.01691666666666667,0.012083333333333335,0.24166666666666667,0.0
ablation_learning_on,factory,14,0.3260757290602444,0.018083333333333337,0.012916666666666668,0.25833333333333336,0.0
ablation_learning_on,factory,15,0.3364263414924253,0.01575,0.011250000000000001,0.225,0.0
ablation_learning_on,factory,16,0.33596574160992804,0.017500000000000005,0.0125,0.25,0.0
ablation_learning_on,factory,17,0.33086220342816297,0.01575,0.011250000000000001,0.225,0.0
ablation_learning_on,factory,18,0.33860503129090985,0.01575,0.011250000000000001,0.225,0.0
ablation_learning_on,factory,19,0.3330348618430354,0.016333333333333335,0.011666666666666667,0.23333333333333334,0.0
ablation_learning_on,factory,20,0.33811985220587987,0.015750000000000004,0.011250000000000001,0.225,0.0
ablation_learning_on,factory,21,0.33258737315228737,0.01575,0.011250000000000001,0.225,0.0
ablation_learning_on,factory,22,0.3301841106726594,0.019833333333333335,0.014166666666666668,0.2833333333333333,0.0
ablation_learning_on,factory,23,0.3316725676094805,0.018083333333333333,0.012916666666666667,0.25833333333333336,0.0
ablation_learning_on,factory,24,0.3317958224392497,0.016333333333333335,0.011666666666666667,0.23333333333333334,0.0
ablation_learning_on,factory,25,0.3305576903127855,0.016333333333333335,0.011666666666666665,0.23333333333333334,0.0
ablation_learning_on,factory,26,0.33429454683240534,0.018083333333333333,0.012916666666666667,0.25833333333333336,0.0
ablation_learning_on,factory,27,0.3293658700739987,0.02041666666666667,0.014583333333333334,0.2916666666666667,0.0
ablation_learning_on,factory,28,0.338040036124645,0.0175,0.0125,0.25,0.0
ablation_learning_on,factory,29,0.32811603683945745,0.019250000000000003,0.01375,0.275,0.0
ablation_learning_on,factory,30,0.3304926793420969,0.01691666666666667,0.012083333333333333,0.24166666666666667,0.0
ablation_learning_on,factory,31,0.33655972399012046,0.016333333333333335,0.011666666666666667,0.23333333333333334,0.0
ablation_learning_on,factory,32,0.3284311102352488,0.0175,0.0125,0.25,0.0
ablation_learning_on,factory,33,0.3368272847745672,0.014000000000000002,0.010000000000000002,0.2,0.0
ablation_learning_on,factory,34,0.3260943336913371,0.01691666666666667,0.012083333333333335,0.24166666666666667,0.0
ablation_learning_on,factory,35,0.33432834646933784,0.017500000000000005,0.0125,0.25,0.0
ablation_learning_on,factory,36,0.3297048652707882,0.01575,0.011250000000000001,0.225,0.0
ablation_learning_on,factory,37,0.33110098540968547,0.013416666666666669,0.009583333333333334,0.19166666666666668,0.0
ablation_learning_on,factory,38,0.33932949450405625,0.012833333333333334,0.009166666666666667,0.18333333333333332,0.0
ablation_learning_on,factory,39,0.3315784578655044,0.017500000000000005,0.0125,0.25,0.0
ablation_learning_off,forklift,0,0.3133851219258442,0.025833333333333337,0.0465,0.25833333333333336,0.0
ablation_learning_off,forklift,1,0.3158891005436842,0.022500000000000003,0.040499999999999994,0.225,0.0
ablation_learning_off,forklift,2,0.3174382194592598,0.02416666666666667,0.0435,0.24166666666666667,0.0
ablation_learning_off,forklift,3,0.31769626701959164,0.022500000000000003,0.040499999999999994,0.225,0.0
ablation_learning_off,forklift,4,0.3135861336594263,0.025833333333333337,0.0465,0.25833333333333336,0.0
ablation_learning_off,forklift,5,0.3085989493227918,0.025000000000000005,0.045,0.25,0.0
ablation_learning_off,forklift,6,0.31971758428413216,0.023333333333333334,0.042,0.23333333333333334,0.0
ablation_learning_off,forklift,7,0.30774104421436105,0.02666666666666667,0.048,0.26666666666666666,0.0
ablation_learning_off,forklift,8,0.31200016984395235,0.027500000000000004,0.049499999999999995,0.275,0.0
ablation_learning_off,forklift,9,0.3130141562860787,0.025833333333333337,0.0465,0.25833333333333336,0.0
ablation_learning_off,forklift,10,0.31055938453283866,0.023333333333333334,0.042,0.23333333333333334,0.0
ablation_learning_off,forklift,11,0.31011575012146575,0.020833333333333336,0.0375,0.20833333333333334,0.0
ablation_learning_off,forklift,12,0.3140808915877645,0.025833333333333337,0.0465,0.25833333333333336,0.0
ablation_learning_off,forklift,13,0.314996780778513,0.025,0.045000000000000005,0.25,0.0
ablation_learning_off,forklift,14,0.31297860184899223,0.025833333333333337,0.0465,0.25833333333333336,0.0
ablation_learning_off,forklift,15,0.3145888040709083,0.020833333333333332,0.0375,0.20833333333333334,0.0
ablation_learning_off,forklift,16,0.3153789292278932,0.0275,0.049499999999999995,0.275,0.0
ablation_learning_off,forklift,17,0.30850574434180944,0.028333333333333335,0.051,0.2833333333333333,0.0
ablation_learning_off,forklift,18,0.3088266995928998,0.025833333333333337,0.0465,0.25833333333333336,0.0
ablation_learning_off,forklift,19,0.3077489850692299,0.030000000000000002,0.054,0.3,0.0
ablation_learning_off,forklift,20,0.3140066562696404,0.02666666666666667,0.048,0.26666666666666666,0.0
ablation_learning_off,forklift,21,0.317495472450597,0.025833333333333333,0.0465,0.25833333333333336,0.0
ablation_learning_off,forklift,22,0.3178152767040609,0.023333333333333334,0.042,0.23333333333333334,0.0
ablation_learning_off,forklift,23,0.3148097916119382,0.025833333333333337,0.0465,0.25833333333333336,0.0
ablation_learning_off,forklift,24,0.3109597804823557,0.025833333333333333,0.0465,0.25833333333333336,0.0
ablation_learning_off,forklift,25,0.31227109740299913,0.025833333333333333,0.0465,0.25833333333333336,0.0
ablation_learning_off,forklift,26,0.31608242269828807,0.020000000000000004,0.036000000000000004,0.2,0.0
ablation_learning_off,forklift,27,0.31539778155455,0.018333333333333333,0.033,0.18333333333333332,0.0
ablation_learning_off,forklift,28,0.3148574944338999,0.023333333333333334,0.042,0.23333333333333334,0.0
ablation_learning_off,forklift,29,0.3188228594822798,0.022500000000000003,0.040499999999999994,0.225,0.0
ablation_learning_off,forklift,30,0.3162439539988975,0.025000000000000005,0.045,0.25,0.0
ablation_learning_off,forklift,31,0.31951107740137685,0.025833333333333333,0.0465,0.25833333333333336,0.0
ablation_learning_off,forklift,32,0.3184378349153978,0.025,0.045000000000000005,0.25,0.0
ablation_learning_off,forklift,33,0.3131034219333737,0.025833333333333333,0.0465,0.25833333333333336,0.0
ablation_learning_off,forklift,34,0.3112414395760028,0.025833333333333337,0.0465,0.25833333333333336,0.0
ablation_learning_off,forklift,35,0.31638117328406595,0.02666666666666667,0.048,0.26666666666666666,0.0
ablation_learning_off,forklift,36,0.3145384440703782,0.02666666666666667,0.048,0.26666666666666666,0.0
ablation_learning_off,forklift,37,0.30797514625595357,0.0275,0.049499999999999995,0.275,0.0
ablation_learning_off,forklift,38,0.3057056331595256,0.028333333333333335,0.051,0.2833333333333333,0.0
ablation_learning_off,forklift,39,0.30811226313384643,0.02666666666666667,0.048,0.26666666666666666,0.0
ablation_learning_off,crane,0,0.3123587606886279,0.020000000000000004,0.036,0.2,0.0
ablation_learning_off,crane,1,0.30142994082872016,0.025833333333333337,0.0465,0.25833333333333336,0.0
ablation_learning_off,crane,2,0.3052601061868609,0.02666666666666667,0.048,0.26666666666666666,0.0
ablation_learning_off,crane,3,0.31209937246796654,0.020000000000000004,0.036000000000000004,0.2,0.0
ablation_learning_off,crane,4,0.31313163779872394,0.023333333333333334,0.042,0.23333333333333334,0.0
ablation_learning_off,crane,5,0.30561812140369876,0.022500000000000003,0.0405,0.225,0.0
ablation_learning_off,crane,6,0.3042462641998231,0.02666666666666667,0.048,0.26666666666666666,0.0
ablation_learning_off,crane,7,0.31185533943619,0.020833333333333332,0.0375,0.20833333333333334,0.0
ablation_learning_off,crane,8,0.30970673538111665,0.02666666666666667,0.048,0.26666666666666666,0.0
ablation_learning_off,crane,9,0.30441566275570925,0.022500000000000003,0.040499999999999994,0.225,0.0
ablation_learning_off,crane,10,0.3097563494201066,0.02166666666666667,0.039,0.21666666666666667,0.0
ablation_learning_off,crane,11,0.3100449273972838,0.025833333333333333,0.0465,0.25833333333333336,0.0
ablation_learning_off,crane,12,0.3062999840160893,0.02416666666666667,0.043500000000000004,0.24166666666666667,0.0
ablation_learning_off,crane,13,0.30898646864888496,0.02416666666666667,0.043500000000000004,0.24166666666666667,0.0
ablation_learning_off,crane,14,0.30000610940091643,0.028333333333333332,0.051000000000000004,0.2833333333333333,0.0
ablation_learning_off,crane,15,0.30847771020436926,0.021666666666666667,0.039,0.21666666666666667,0.0
ablation_learning_off,crane,16,0.31415702276466634,0.02416666666666667,0.0435,0.24166666666666667,0.0
ablation_learning_off,crane,17,0.3106796083244793,0.02416666666666667,0.0435,0.24166666666666667,0.0
ablation_learning_off,crane,18,0.3074349556665712,0.023333333333333334,0.042,0.23333333333333334,0.0
ablation_learning_off,crane,19,0.3108787458711287,0.025833333333333333,0.0465,0.25833333333333336,0.0
ablation_learning_off,crane,20,0.3181088068382948,0.022500000000000003,0.040499999999999994,0.225,0.0
ablation_learning_off,crane,21,0.3125453516507933,0.020833333333333332,0.0375,0.20833333333333334,0.0
ablation_learning_off,crane,22,0.3035070136442004,0.028333333333333335,0.051,0.2833333333333333,0.0
ablation_learning_off,crane,23,0.3108984568962431,0.025,0.045,0.25,0.0
ablation_learning_off,crane,24,0.30708312754616607,0.025833333333333333,0.0465,0.25833333333333336,0.0
ablation_learning_off,crane,25,0.3038197431362169,0.027500000000000004,0.049499999999999995,0.275,0.0
ablation_learning_off,crane,26,0.30454373445137445,0.025833333333333333,0.04649999999999999,0.25833333333333336,0.0
ablation_learning_off,crane,27,0.3033563565411124,0.025,0.045000000000000005,0.25,0.0
ablation_learning_off,crane,28,0.30755002301834744,0.02416666666666667,0.0435,0.24166666666666667,0.0
ablation_learning_off,crane,29,0.3071800348226162,0.025,0.045000000000000005,0.25,0.0
ablation_learning_off,crane,30,0.3093968660849168,0.025000000000000005,0.045,0.25,0.0
ablation_learning_off,crane,31,0.3096236715466309,0.025833333333333333,0.0465,0.25833333333333336,0.0
ablation_learning_off,crane,32,0.30454182064769086,0.025833333333333337,0.0465,0.25833333333333336,0.0
ablation_learning_off,crane,33,0.30895259480269555,0.025833333333333337,0.0465,0.25833333333333336,0.0
ablation_learning_off,crane,34,0.31079676100881254,0.023333333333333334,0.042,0.23333333333333334,0.0
ablation_learning_off,crane,35,0.30782228575146825,0.02416666666666667,0.043500000000000004,0.24166666666666667,0.0
ablation_learning_off,crane,36,0.30550784744651754,0.02416666666666667,0.0435,0.24166666666666667,0.0
ablation_learning_off,crane,37,0.298413733651483,0.029166666666666667,0.0525,0.2916666666666667,0.0
ablation_learning_off,crane,38,0.3166904560647501,0.02333333333333333,0.042,0.23333333333333334,0.0
ablation_learning_off,crane,39,0.29136604058690774,0.030000000000000002,0.054,0.3,0.0
ablation_learning_off,substation,0,0.3181735740930383,0.022500000000000003,0.0405,0.225,0.0
ablation_learning_off,substation,1,0.31489252667383855,0.020000000000000004,0.036000000000000004,0.2,0.0
ablation_learning_off,substation,2,0.3095519849370147,0.02416666666666667,0.043500000000000004,0.24166666666666667,0.0
ablation_learning_off,substation,3,0.30627710658213037,0.028333333333333335,0.051,0.2833333333333333,0.0
ablation_learning_off,substation,4,0.3132799554446579,0.020833333333333332,0.0375,0.20833333333333334,0.0
ablation_learning_off,substation,5,0.3095270231137968,0.02666666666666667,0.048,0.26666666666666666,0.0
ablation_learning_off,substation,6,0.31291752048333976,0.021666666666666667,0.039,0.21666666666666667,0.0
ablation_learning_off,substation,7,0.3093002389016988,0.024166666666666666,0.0435,0.24166666666666667,0.0
ablation_learning_off,substation,8,0.3116463970825015,0.025,0.045,0.25,0.0
ablation_learning_off,substation,9,0.3129156438586516,0.025833333333333333,0.0465,0.25833333333333336,0.0
ablation_learning_off,substation,10,0.3081838806623034,0.02333333333333333,0.042,0.23333333333333334,0.0
ablation_learning_off,substation,11,0.3064801163287765,0.0275,0.049499999999999995,0.275,0.0
ablation_learning_off,substation,12,0.31322328981237496,0.025833333333333333,0.0465,0.25833333333333336,0.0
ablation_learning_off,substation,13,0.3165994145698285,0.025,0.045000000000000005,0.25,0.0
ablation_learning_off,substation,14,0.31071895526872606,0.022500000000000003,0.0405,0.225,0.0
ablation_learning_off,substation,15,0.3103894794988981,0.023333333333333334,0.042,0.23333333333333334,0.0
ablation_learning_off,substation,16,0.3065951210941502,0.025833333333333333,0.0465,0.25833333333333336,0.0
ablation_learning_off,substation,17,0.31106030032753285,0.025833333333333337,0.0465,0.25833333333333336,0.0
ablation_learning_off,substation,18,0.30811912138485575,0.029166666666666667,0.0525,0.2916666666666667,0.0
ablation_learning_off,substation,19,0.311924852429259,0.025833333333333337,0.0465,0.25833333333333336,0.0
ablation_learning_off,substation,20,0.3116011495960046,0.025000000000000005,0.045,0.25,0.0
ablation_learning_off,substation,21,0.30967279365093003,0.0275,0.049499999999999995,0.275,0.0
ablation_learning_off,substation,22,0.31281028802611,0.022500000000000003,0.0405,0.225,0.0
ablation_learning_off,substation,23,0.31091222142827574,0.025000000000000005,0.045,0.25,0.0
ablation_learning_off,substation,24,0.3050051807128685,0.0275,0.049499999999999995,0.275,0.0
ablation_learning_off,substation,25,0.3085798949210027,0.02416666666666667,0.0435,0.24166666666666667,0.0
ablation_learning_off,substation,26,0.312781595388415,0.02416666666666667,0.0435,0.24166666666666667,0.0
ablation_learning_off,substation,27,0.31826956405764883,0.02416666666666667,0.0435,0.24166666666666667,0.0
ablation_learning_off,substation,28,0.30138761597033437,0.028333333333333335,0.051,0.2833333333333333,0.0
ablation_learning_off,substation,29,0.3070787212654313,0.025000000000000005,0.045,0.25,0.0
ablation_learning_off,substation,30,0.31552328585673367,0.025000000000000005,0.045,0.25,0.0
ablation_learning_off,substation,31,0.3190407691065952,0.02166666666666667,0.039,0.21666666666666667,0.0
ablation_learning_off,substation,32,0.3144876904113243,0.025833333333333333,0.0465,0.25833333333333336,0.0
ablation_learning_off,substation,33,0.31174305487270504,0.025000000000000005,0.045,0.25,0.0
ablation_learning_off,substation,34,0.30913061549117665,0.025833333333333333,0.0465,0.25833333333333336,0.0
ablation_learning_off,substation,35,0.30937501051269584,0.025,0.045000000000000005,0.25,0.0
ablation_learning_off,substation,36,0.3127299913236058,0.027500000000000004,0.049499999999999995,0.275,0.0
ablation_learning_off,substation,37,0.3074522753384022,0.02666666666666667,0.048,0.26666666666666666,0.0
ablation_learning_off,substation,38,0.30952231105924227,0.023333333333333334,0.042,0.23333333333333334,0.0
ablation_learning_off,substation,39,0.31148471850262643,0.02333333333333333,0.042,0.23333333333333334,0.0
ablation_learning_off,mining,0,0.3021438159201169,0.025833333333333333,0.04649999999999999,0.25833333333333336,0.0
ablation_learning_off,mining,1,0.3036082020689613,0.025,0.045,0.25,0.0
ablation_learning_off,mining,2,0.30907934828554884,0.02416666666666667,0.0435,0.24166666666666667,0.0
ablation_learning_off,mining,3,0.3029806185127519,0.02416666666666667,0.043500000000000004,0.24166666666666667,0.0
ablation_learning_off,mining,4,0.3097979503065985,0.021666666666666667,0.039,0.21666666666666667,0.0
ablation_learning_off,mining,5,0.3089652675286596,0.025,0.045,0.25,0.0
ablation_learning_off,mining,6,0.30356103341610574,0.023333333333333334,0.042,0.23333333333333334,0.0
ablation_learning_off,mining,7,0.30385536946962166,0.02666666666666667,0.048,0.26666666666666666,0.0
ablation_learning_off,mining,8,0.3001203836122502,0.0275,0.049499999999999995,0.275,0.0
ablation_learning_off,mining,9,0.30113309839710245,0.025833333333333333,0.0465,0.25833333333333336,0.0
ablation_learning_off,mining,10,0.3058989135986041,0.022500000000000003,0.040499999999999994,0.225,0.0
ablation_learning_off,mining,11,0.30230920341070205,0.028333333333333335,0.051,0.2833333333333333,0.0
ablation_learning_off,mining,12,0.30271057275167373,0.028333333333333335,0.051,0.2833333333333333,0.0
ablation_learning_off,mining,13,0.30755662856328264,0.025,0.045000000000000005,0.25,0.0
ablation_learning_off,mining,14,0.30735035262841826,0.02333333333333333,0.041999999999999996,0.23333333333333334,0.0
ablation_learning_off,mining,15,0.3031512128690215,0.025833333333333333,0.0465,0.25833333333333336,0.0
ablation_learning_off,mining,16,0.31375089818674695,0.02166666666666667,0.039,0.21666666666666667,0.0
ablation_learning_off,mining,17,0.30606030263917167,0.025,0.045,0.25,0.0
ablation_learning_off,mining,18,0.30523882471046543,0.023333333333333334,0.042,0.23333333333333334,0.0
ablation_learning_off,mining,19,0.30484508826499235,0.025833333333333333,0.0465,0.25833333333333336,0.0
ablation_learning_off,mining,20,0.3072882064444469,0.02416666666666667,0.043500000000000004,0.24166666666666667,0.0
ablation_learning_off,mining,21,0.3093403146089601,0.0275,0.049499999999999995,0.275,0.0
ablation_learning_off,mining,22,0.30927726762194235,0.022500000000000003,0.040499999999999994,0.225,0.0
ablation_learning_off,mining,23,0.30397697681328245,0.025,0.045000000000000005,0.25,0.0
ablation_learning_off,mining,24,0.3091291962688358,0.022500000000000003,0.0405,0.225,0.0
ablation_learning_off,mining,25,0.3061400988265776,0.025833333333333333,0.0465,0.25833333333333336,0.0
ablation_learning_off,mining,26,0.29828528466504073,0.022500000000000003,0.0405,0.225,0.0
ablation_learning_off,mining,27,0.302890881356747,0.023333333333333334,0.042,0.23333333333333334,0.0
ablation_learning_off,mining,28,0.3042490943833241,0.02333333333333333,0.042,0.23333333333333334,0.0
ablation_learning_off,mining,29,0.2979480257883041,0.030000000000000006,0.054,0.3,0.0
ablation_learning_off,mining,30,0.3087770937984676,0.02666666666666667,0.048,0.26666666666666666,0.0
ablation_learning_off,mining,31,0.2941548999510189,0.028333333333333335,0.051,0.2833333333333333,0.0
ablation_learning_off,mining,32,0.30354559786092744,0.025833333333333333,0.04649999999999999,0.25833333333333336,0.0
ablation_learning_off,mining,33,0.298161903616909,0.027500000000000004,0.049499999999999995,0.275,0.0
ablation_learning_off,mining,34,0.2960442877605733,0.027500000000000004,0.049499999999999995,0.275,0.0
ablation_learning_off,mining,35,0.3020944464533007,0.02416666666666667,0.0435,0.24166666666666667,0.0
ablation_learning_off,mining,36,0.3070497803252799,0.024166666666666666,0.0435,0.24166666666666667,0.0
ablation_learning_off,mining,37,0.3000412918606721,0.025833333333333337,0.0465,0.25833333333333336,0.0
ablation_learning_off,mining,38,0.2976314984936074,0.028333333333333335,0.051,0.2833333333333333,0.0
ablation_learning_off,mining,39,0.302545101273418,0.021666666666666667,0.039,0.21666666666666667,0.0
ablation_learning_off,oil_gas,0,0.2979230396481299,0.02416666666666667,0.0435,0.24166666666666667,0.0
ablation_learning_off,oil_gas,1,0.29602960714036,0.025833333333333333,0.0465,0.25833333333333336,0.0
ablation_learning_off,oil_gas,2,0.29068696496573543,0.03166666666666667,0.057,0.31666666666666665,0.0
ablation_learning_off,oil_gas,3,0.30131372566833237,0.025,0.045000000000000005,0.25,0.0
ablation_learning_off,oil_gas,4,0.30223851962870996,0.025833333333333337,0.0465,0.25833333333333336,0.0
ablation_learning_off,oil_gas,5,0.29984974389988356,0.025833333333333333,0.0465,0.25833333333333336,0.0
ablation_learning_off,oil_gas,6,0.3018067583825258,0.02416666666666667,0.0435,0.24166666666666667,0.0
ablation_learning_off,oil_gas,7,0.30787786337012374,0.025000000000000005,0.045,0.25,0.0
ablation_learning_off,oil_gas,8,0.30288380865369846,0.022500000000000003,0.040499999999999994,0.225,0.0
ablation_learning_off,oil_gas,9,0.3013446763358727,0.0275,0.049499999999999995,0.275,0.0
ablation_learning_off,oil_gas,10,0.298035895030088,0.030000000000000002,0.054,0.3,0.0
ablation_learning_off,oil_gas,11,0.30662268467565457,0.023333333333333334,0.041999999999999996,0.23333333333333334,0.0
ablation_learning_off,oil_gas,12,0.3027432904766853,0.023333333333333334,0.042,0.23333333333333334,0.0
ablation_learning_off,oil_gas,13,0.302779951239895,0.025833333333333333,0.0465,0.25833333333333336,0.0
ablation_learning_off,oil_gas,14,0.3061370301914297,0.023333333333333334,0.042,0.23333333333333334,0.0
ablation_learning_off,oil_gas,15,0.3077823802707852,0.02666666666666667,0.048,0.26666666666666666,0.0
ablation_learning_off,oil_gas,16,0.30088216867465956,0.029166666666666667,0.0525,0.2916666666666667,0.0
ablation_learning_off,oil_gas,17,0.3019969445024276,0.027500000000000004,0.049499999999999995,0.275,0.0
ablation_learning_off,oil_gas,18,0.30441767315077883,0.025833333333333337,0.0465,0.25833333333333336,0.0
ablation_learning_off,oil_gas,19,0.297640691728976,0.028333333333333332,0.051000000000000004,0.2833333333333333,0.0
ablation_learning_off,oil_gas,20,0.29666786712388826,0.02666666666666667,0.048,0.26666666666666666,0.0
ablation_learning_off,oil_gas,21,0.30812563006216104,0.025833333333333333,0.0465,0.25833333333333336,0.0
ablation_learning_off,oil_gas,22,0.29957292761511634,0.028333333333333335,0.051,0.2833333333333333,0.0
ablation_learning_off,oil_gas,23,0.2967863434081133,0.030000000000000002,0.054,0.3,0.0
ablation_learning_off,oil_gas,24,0.3004868798259365,0.027500000000000004,0.049499999999999995,0.275,0.0
ablation_learning_off,oil_gas,25,0.2937810642328458,0.03166666666666666,0.057,0.31666666666666665,0.0
ablation_learning_off,oil_gas,26,0.3003483427486268,0.027500000000000004,0.049499999999999995,0.275,0.0
ablation_learning_off,oil_gas,27,0.30699339861842045,0.025833333333333337,0.0465,0.25833333333333336,0.0
ablation_learning_off,oil_gas,28,0.2965414393720077,0.027500000000000004,0.049499999999999995,0.275,0.0
ablation_learning_off,oil_gas,29,0.30322715412886575,0.025,0.045000000000000005,0.25,0.0
ablation_learning_off,oil_gas,30,0.30965883616597417,0.02416666666666667,0.043500000000000004,0.24166666666666667,0.0
ablation_learning_off,oil_gas,31,0.3045202530573344,0.02416666666666667,0.0435,0.24166666666666667,0.0
ablation_learning_off,oil_gas,32,0.29978611030977526,0.025833333333333337,0.0465,0.25833333333333336,0.0
ablation_learning_off,oil_gas,33,0.3021308437169316,0.030000000000000002,0.054,0.3,0.0
ablation_learning_off,oil_gas,34,0.29907172349392963,0.02416666666666667,0.0435,0.24166666666666667,0.0
ablation_learning_off,oil_gas,35,0.3108363427116016,0.02333333333333333,0.041999999999999996,0.23333333333333334,0.0
ablation_learning_off,oil_gas,36,0.30296513897026106,0.022500000000000003,0.040499999999999994,0.225,0.0
ablation_learning_off,oil_gas,37,0.3043916586597812,0.02166666666666667,0.039,0.21666666666666667,0.0
ablation_learning_off,oil_gas,38,0.30515999084083595,0.025833333333333333,0.0465,0.25833333333333336,0.0
ablation_learning_off,oil_gas,39,0.30307648446407753,0.025833333333333333,0.0465,0.25833333333333336,0.0
ablation_learning_off,factory,0,0.31757438706677193,0.020833333333333332,0.0375,0.20833333333333334,0.0
ablation_learning_off,factory,1,0.32256513615517585,0.02166666666666667,0.039,0.21666666666666667,0.0
ablation_learning_off,factory,2,0.3140856668296922,0.02416666666666667,0.043500000000000004,0.24166666666666667,0.0
ablation_learning_off,factory,3,0.3256654637891697,0.025,0.045,0.25,0.0
ablation_learning_off,factory,4,0.3202011209031904,0.02166666666666667,0.039,0.21666666666666667,0.0
ablation_learning_off,factory,5,0.3179462857491276,0.025,0.045000000000000005,0.25,0.0
ablation_learning_off,factory,6,0.31869096085871385,0.0275,0.049499999999999995,0.275,0.0
ablation_learning_off,factory,7,0.32581182642666645,0.021666666666666667,0.039,0.21666666666666667,0.0
ablation_learning_off,factory,8,0.32090658948122586,0.02333333333333333,0.041999999999999996,0.23333333333333334,0.0
ablation_learning_off,factory,9,0.3221644095582176,0.023333333333333334,0.042,0.23333333333333334,0.0
ablation_learning_off,factory,10,0.3237356195417797,0.02333333333333333,0.042,0.23333333333333334,0.0
ablation_learning_off,factory,11,0.31464110323134376,0.029166666666666667,0.05249999999999999,0.2916666666666667,0.0
ablation_learning_off,factory,12,0.3250891599493793,0.02333333333333333,0.042,0.23333333333333334,0.0
ablation_learning_off,factory,13,0.3224114363158289,0.02416666666666667,0.0435,0.24166666666666667,0.0
ablation_learning_off,factory,14,0.31315906239357777,0.025833333333333337,0.0465,0.25833333333333336,0.0
ablation_learning_off,factory,15,0.3251763414924253,0.022500000000000003,0.040499999999999994,0.225,0.0
ablation_learning_off,factory,16,0.323465741609928,0.025,0.045,0.25,0.0
ablation_learning_off,factory,17,0.3196122034281629,0.022500000000000003,0.040499999999999994,0.225,0.0
ablation_learning_off,factory,18,0.3273550312909099,0.022500000000000003,0.0405,0.225,0.0
ablation_learning_off,factory,19,0.3213681951763687,0.023333333333333334,0.042,0.23333333333333334,0.0
ablation_learning_off,factory,20,0.32686985220587983,0.022500000000000003,0.040499999999999994,0.225,0.0
ablation_learning_off,factory,21,0.32133737315228744,0.022500000000000003,0.0405,0.225,0.0
ablation_learning_off,factory,22,0.3160174440059927,0.028333333333333335,0.051,0.2833333333333333,0.0
ablation_learning_off,factory,23,0.3187559009428138,0.025833333333333333,0.0465,0.25833333333333336,0.0
ablation_learning_off,factory,24,0.320129155772583,0.023333333333333334,0.042,0.23333333333333334,0.0
ablation_learning_off,factory,25,0.3188910236461188,0.02333333333333333,0.042,0.23333333333333334,0.0
ablation_learning_off,factory,26,0.32137788016573865,0.025833333333333333,0.0465,0.25833333333333336,0.0
ablation_learning_off,factory,27,0.31478253674066536,0.029166666666666667,0.05249999999999999,0.2916666666666667,0.0
ablation_learning_off,factory,28,0.325540036124645,0.025,0.045000000000000005,0.25,0.0
ablation_learning_off,factory,29,0.3143660368394574,0.0275,0.049499999999999995,0.275,0.0
ablation_learning_off,factory,30,0.3184093460087636,0.024166666666666666,0.0435,0.24166666666666667,0.0
ablation_learning_off,factory,31,0.32489305732345375,0.023333333333333334,0.042,0.23333333333333334,0.0
ablation_learning_off,factory,32,0.3159311102352487,0.025,0.045000000000000005,0.25,0.0
ablation_learning_off,factory,33,0.3268272847745672,0.020000000000000004,0.036000000000000004,0.2,0.0
ablation_learning_off,factory,34,0.3140110003580038,0.02416666666666667,0.0435,0.24166666666666667,0.0
ablation_learning_off,factory,35,0.32182834646933783,0.025,0.045000000000000005,0.25,0.0
ablation_learning_off,factory,36,0.3184548652707882,0.022500000000000003,0.040499999999999994,0.225,0.0
ablation_learning_off,factory,37,0.32151765207635213,0.01916666666666667,0.0345,0.19166666666666668,0.0
ablation_learning_off,factory,38,0.3301628278373896,0.018333333333333333,0.033,0.18333333333333332,0.0
ablation_learning_off,factory,39,0.31907845786550443,0.025,0.045000000000000005,0.25,0.0
