scenario,session,policy,mean_human_risk,mean_operational_risk,mean_joint_risk,mean_disruption,mean_learning_loss,intervention_rate,stop_rate
forklift,0,Fixed Training,0.3329603621194668,0.38939321506555513,0.36117678859251096,0.0,0.0,0.0,0.0
forklift,0,Safety-First,0.20166456511135772,0.2502287193817013,0.22594664224652952,0.09041666666666665,0.12916666666666668,0.25833333333333336,0.25833333333333336
forklift,0,Comfort-First,0.27162702878613343,0.3702265483988885,0.32092678859251095,0.03066666666666667,0.03066666666666667,0.19166666666666668,0.0
forklift,0,VR Guardian,0.2709603621194668,0.3816432150655551,0.326301788592511,0.018083333333333337,0.012916666666666668,0.25833333333333336,0.0
forklift,1,Fixed Training,0.32906959791103624,0.3859586031763321,0.3575141005436842,0.0,0.0,0.0,0.0
forklift,1,Safety-First,0.21445596433286057,0.2650680224250817,0.23976199337897117,0.07875,0.1125,0.225,0.225
forklift,1,Comfort-First,0.27573626457770295,0.36929193650966546,0.32251410054368423,0.02666666666666667,0.02666666666666667,0.16666666666666666,0.0
forklift,1,VR Guardian,0.27506959791103625,0.3792086031763321,0.32713910054368417,0.01575,0.011250000000000001,0.225,0.0
forklift,2,Fixed Training,0.33105389989461087,0.39323920569057563,0.3621465527925932,0.0,0.0,0.0,0.0
forklift,2,Safety-First,0.20816500105299082,0.2622605936975685,0.23521279737527964,0.08458333333333332,0.12083333333333333,0.24166666666666667,0.24166666666666667
forklift,2,Comfort-First,0.2750538998946109,0.3757392056905756,0.32539655279259316,0.028000000000000004,0.028000000000000004,0.175,0.0
forklift,2,VR Guardian,0.27305389989461076,0.38598920569057554,0.32952155279259315,0.01691666666666667,0.012083333333333335,0.24166666666666667,0.0
forklift,3,Fixed Training,0.32819213020866467,0.39045040383051866,0.35932126701959166,0.0,0.0,0.0,0.0
forklift,3,Safety-First,0.2155783845578971,0.26794600866574114,0.2417621966118191,0.07875,0.1125,0.225,0.225
forklift,3,Comfort-First,0.28285879687533133,0.37628373716385194,0.3295712670195916,0.02266666666666667,0.02266666666666667,0.14166666666666666,0.0
forklift,3,VR Guardian,0.2741921302086647,0.3837004038305186,0.3289462670195916,0.015750000000000004,0.011250000000000001,0.225,0.0
forklift,4,Fixed Training,0.33236601187084225,0.3903895887813436,0.36137780032609296,0.0,0.0,0.0,0.0
forklift,4,Safety-First,0.20152359656354843,0.24991874150331964,0.22572116903343403,0.09041666666666665,0.12916666666666668,0.25833333333333336,0.25833333333333336
forklift,4,Comfort-First,0.27903267853750896,0.373722922114677,0.326377800326093,0.02666666666666667,0.02666666666666667,0.16666666666666666,0.0
forklift,4,VR Guardian,0.2703660118708423,0.38263958878134363,0.326502800326093,0.018083333333333337,0.012916666666666668,0.25833333333333336,0.0
forklift,5,Fixed Training,0.321345890916892,0.3883520077286917,0.3548489493227918,0.0,0.0,0.0,0.0
forklift,5,Safety-First,0.19670073080597947,0.25276368936220045,0.22473221008408997,0.08749999999999998,0.125,0.25,0.25
forklift,5,Comfort-First,0.27334589091689193,0.37335200772869176,0.3233489493227919,0.024,0.024,0.15,0.0
forklift,5,VR Guardian,0.2613458909168919,0.3808520077286917,0.3210989493227918,0.017500000000000005,0.012500000000000002,0.25,0.0
forklift,6,Fixed Training,0.34044813455073375,0.3853203673508639,0.36288425095079885,0.0,0.0,0.0,0.0
forklift,6,Safety-First,0.2160899025330058,0.2597327185285712,0.2379113105307885,0.08166666666666665,0.11666666666666667,0.23333333333333334,0.23333333333333334
forklift,6,Comfort-First,0.2764481345507338,0.36532036735086393,0.32088425095079887,0.032,0.032,0.2,0.0
forklift,6,VR Guardian,0.28444813455073376,0.3783203673508639,0.3313842509507989,0.016333333333333335,0.011666666666666667,0.23333333333333334,0.0
forklift,7,Fixed Training,0.3267234661634223,0.38742528893196637,0.35707437754769433,0.0,0.0,0.0,0.0
forklift,7,Safety-First,0.19870845961679254,0.243604624269375,0.22115654194308373,0.09333333333333332,0.13333333333333333,0.26666666666666666,0.26666666666666666
forklift,7,Comfort-First,0.2787234661634223,0.37242528893196636,0.3255743775476943,0.024,0.024,0.15,0.0
forklift,7,VR Guardian,0.2627234661634224,0.3794252889319664,0.32107437754769436,0.018666666666666668,0.013333333333333334,0.26666666666666666,0.0
forklift,8,Fixed Training,0.33569445816177484,0.39005588152612986,0.36287516984395235,0.0,0.0,0.0,0.0
forklift,8,Safety-First,0.19839107164521644,0.24188877531831773,0.22013992348176709,0.09625,0.1375,0.275,0.275
forklift,8,Comfort-First,0.2823611248284415,0.3733892148594632,0.3278751698439523,0.02666666666666667,0.02666666666666667,0.16666666666666666,0.0
forklift,8,VR Guardian,0.26969445816177484,0.38180588152612976,0.3257501698439524,0.01925,0.013750000000000002,0.275,0.0
forklift,9,Fixed Training,0.33203243327182264,0.3895792126336681,0.3608058229527453,0.0,0.0,0.0,0.0
forklift,9,Safety-First,0.2034861152883495,0.2523860099327321,0.2279360626105408,0.09041666666666665,0.12916666666666668,0.25833333333333336,0.25833333333333336
forklift,9,Comfort-First,0.27069909993848934,0.37041254596700146,0.3205558229527454,0.030666666666666665,0.030666666666666665,0.19166666666666668,0.0
forklift,9,VR Guardian,0.27003243327182264,0.38182921263366804,0.32593082295274534,0.018083333333333337,0.012916666666666668,0.25833333333333336,0.0
forklift,10,Fixed Training,0.3282218795134514,0.37923022288555924,0.3537260511995053,0.0,0.0,0.0,0.0
forklift,10,Safety-First,0.2118312397774505,0.2523266384375423,0.23207893910749647,0.08166666666666665,0.11666666666666667,0.23333333333333334,0.23333333333333334
forklift,10,Comfort-First,0.28288854618011805,0.3650635562188925,0.32397605119950534,0.022666666666666665,0.022666666666666665,0.14166666666666666,0.0
forklift,10,VR Guardian,0.2722218795134514,0.3722302228855592,0.3222260511995053,0.016333333333333335,0.011666666666666667,0.23333333333333334,0.0
forklift,11,Fixed Training,0.3217754297272123,0.37553940384905254,0.3486574167881324,0.0,0.0,0.0,0.0
forklift,11,Safety-First,0.21792776025255592,0.2624499372111905,0.2401888487318732,0.07291666666666666,0.10416666666666667,0.20833333333333334,0.20833333333333334
forklift,11,Comfort-First,0.28177542972721226,0.36303940384905253,0.3224074167881324,0.020000000000000004,0.020000000000000004,0.125,0.0
forklift,11,VR Guardian,0.2717754297272122,0.3692894038490525,0.3205324167881324,0.014583333333333335,0.010416666666666668,0.20833333333333334,0.0
forklift,12,Fixed Training,0.32839631976993455,0.39534879673892775,0.36187255825443115,0.0,0.0,0.0,0.0
forklift,12,Safety-First,0.20142623727297415,0.25557486939013535,0.22850055333155475,0.09041666666666666,0.12916666666666668,0.25833333333333336,0.25833333333333336
forklift,12,Comfort-First,0.28572965310326787,0.38201546340559445,0.3338725582544312,0.021333333333333333,0.021333333333333333,0.13333333333333333,0.0
forklift,12,VR Guardian,0.26639631976993455,0.3875987967389277,0.32699755825443116,0.018083333333333333,0.012916666666666668,0.25833333333333336,0.0
forklift,13,Fixed Training,0.33012674018771526,0.3923668213693109,0.3612467807785131,0.0,0.0,0.0,0.0
forklift,13,Safety-First,0.20581870496599358,0.2586298948057633,0.23222429988587845,0.0875,0.125,0.25,0.25
forklift,13,Comfort-First,0.27946007352104857,0.3765334880359775,0.327996780778513,0.025333333333333333,0.025333333333333333,0.15833333333333333,0.0
forklift,13,VR Guardian,0.2701267401877152,0.38486682136931083,0.327496780778513,0.0175,0.0125,0.25,0.0
forklift,14,Fixed Training,0.3340084221653267,0.3875321148659912,0.36077026851565897,0.0,0.0,0.0,0.0
forklift,14,Safety-First,0.20260808085206067,0.24778814928945092,0.2251981150707558,0.09041666666666665,0.12916666666666668,0.25833333333333336,0.25833333333333336
forklift,14,Comfort-First,0.27267508883199343,0.36836544819932454,0.32052026851565896,0.03066666666666667,0.03066666666666667,0.19166666666666668,0.0
forklift,14,VR Guardian,0.2720084221653268,0.37978211486599117,0.325895268515659,0.018083333333333333,0.012916666666666668,0.25833333333333336,0.0
forklift,15,Fixed Training,0.32173149227869263,0.3845294491964573,0.353130470737575,0.0,0.0,0.0,0.0
forklift,15,Safety-First,0.21860628081425273,0.2706535918375566,0.24462993632590466,0.07291666666666667,0.10416666666666667,0.20833333333333334,0.20833333333333334
forklift,15,Comfort-First,0.279064825612026,0.3711961158631239,0.32513047073757495,0.021333333333333333,0.021333333333333333,0.13333333333333333,0.0
forklift,15,VR Guardian,0.27173149227869264,0.37827944919645723,0.32500547073757496,0.014583333333333334,0.010416666666666666,0.20833333333333334,0.0
forklift,16,Fixed Training,0.3383425301539005,0.394165328301886,0.36625392922789324,0.0,0.0,0.0,0.0
forklift,16,Safety-First,0.20009699923679705,0.2438991100485153,0.2219980546426562,0.09625,0.1375,0.275,0.275
forklift,16,Comfort-First,0.2743425301539004,0.3741653283018859,0.3242539292278932,0.032,0.032,0.2,0.0
forklift,16,VR Guardian,0.2723425301539005,0.38591532830188596,0.3291289292278933,0.01925,0.01375,0.275,0.0
forklift,17,Fixed Training,0.33291906715452474,0.3889257548624274,0.36092241100847616,0.0,0.0,0.0,0.0
forklift,17,Safety-First,0.19245864583544242,0.23738566348423026,0.21492215465983636,0.09916666666666665,0.14166666666666666,0.2833333333333333,0.2833333333333333
forklift,17,Comfort-First,0.2715857338211914,0.3697590881957608,0.32067241100847615,0.03066666666666667,0.03066666666666667,0.19166666666666668,0.0
forklift,17,VR Guardian,0.2649190671545247,0.38042575486242747,0.3226724110084761,0.019833333333333335,0.014166666666666668,0.2833333333333333,0.0
forklift,18,Fixed Training,0.3280240840065183,0.38521264851261466,0.3566183662595665,0.0,0.0,0.0,0.0
forklift,18,Safety-First,0.1988825395087165,0.2449607941895319,0.22192166684912423,0.09041666666666665,0.12916666666666668,0.25833333333333336,0.25833333333333336
forklift,18,Comfort-First,0.2826907506731849,0.37104598184594806,0.3268683662595665,0.022666666666666665,0.022666666666666665,0.14166666666666666,0.0
forklift,18,VR Guardian,0.2660240840065182,0.3774626485126147,0.32174336625956645,0.018083333333333337,0.012916666666666668,0.25833333333333336,0.0
forklift,19,Fixed Training,0.33676702149857185,0.38973094863988783,0.3632489850692299,0.0,0.0,0.0,0.0
forklift,19,Safety-First,0.18920650803396596,0.2285597472659107,0.2088831276499383,0.105,0.15,0.3,0.3
forklift,19,Comfort-First,0.2834336881652385,0.3730642819732213,0.32824898506922995,0.02666666666666667,0.02666666666666667,0.16666666666666666,0.0
forklift,19,VR Guardian,0.2647670214985719,0.38073094863988793,0.3227489850692299,0.021000000000000005,0.015000000000000001,0.3,0.0
forklift,20,Fixed Training,0.3321389967620772,0.3945409824438703,0.36333998960297376,0.0,0.0,0.0,0.0
forklift,20,Safety-First,0.20001590937367453,0.2498938801255664,0.22495489474962047,0.09333333333333332,0.13333333333333333,0.26666666666666666,0.26666666666666666
forklift,20,Comfort-First,0.2734723300954106,0.37620764911053695,0.32483998960297383,0.029333333333333333,0.029333333333333333,0.18333333333333332,0.0
forklift,20,VR Guardian,0.26813899676207725,0.3865409824438703,0.32733998960297384,0.018666666666666668,0.013333333333333334,0.26666666666666666,0.0
forklift,21,Fixed Training,0.3396101068973333,0.39096417133719413,0.3652871391172637,0.0,0.0,0.0,0.0
forklift,21,Safety-First,0.2111515290297656,0.25216484779061266,0.23165818841018915,0.09041666666666665,0.12916666666666668,0.25833333333333336,0.25833333333333336
forklift,21,Comfort-First,0.29161010689733324,0.37596417133719406,0.3337871391172637,0.024,0.024,0.15,0.0
forklift,21,VR Guardian,0.27761010689733323,0.38321417133719404,0.33041213911726364,0.018083333333333337,0.012916666666666667,0.25833333333333336,0.0
forklift,22,Fixed Training,0.33074161239066047,0.39122227435079454,0.3609819433707276,0.0,0.0,0.0,0.0
forklift,22,Safety-First,0.21388553991852366,0.2640817021585633,0.23898362103854348,0.08166666666666665,0.11666666666666667,0.23333333333333334,0.23333333333333334
forklift,22,Comfort-First,0.28274161239066053,0.3762222743507946,0.32948194337072756,0.024,0.024,0.15,0.0
forklift,22,VR Guardian,0.2747416123906605,0.3842222743507946,0.3294819433707275,0.016333333333333335,0.011666666666666667,0.23333333333333334,0.0
forklift,23,Fixed Training,0.3344698424224679,0.3907330741347417,0.3626014582786048,0.0,0.0,0.0,0.0
forklift,23,Safety-First,0.2017625598530073,0.2508151130719589,0.22628883646248313,0.09041666666666665,0.12916666666666668,0.25833333333333336,0.25833333333333336
forklift,23,Comfort-First,0.2678031757558012,0.36989974080140836,0.3188514582786048,0.03333333333333333,0.03333333333333333,0.20833333333333334,0.0
forklift,23,VR Guardian,0.27246984242246786,0.3829830741347417,0.3277264582786048,0.018083333333333337,0.012916666666666668,0.25833333333333336,0.0
forklift,24,Fixed Training,0.3307423106361464,0.3867605836618984,0.35875144714902246,0.0,0.0,0.0,0.0
forklift,24,Safety-First,0.20090412072196717,0.24870258884003257,0.22480335478099983,0.09041666666666666,0.12916666666666668,0.25833333333333336,0.25833333333333336
forklift,24,Comfort-First,0.27207564396947975,0.36842725032856516,0.32025144714902243,0.029333333333333333,0.029333333333333333,0.18333333333333332,0.0
forklift,24,VR Guardian,0.26874231063614645,0.37901058366189844,0.3238764471490224,0.018083333333333333,0.012916666666666667,0.25833333333333336,0.0
forklift,25,Fixed Training,0.3279358159160632,0.3921897122232683,0.36006276406966575,0.0,0.0,0.0,0.0
forklift,25,Safety-First,0.20067670927658302,0.2515286637632268,0.22610268651990495,0.09041666666666666,0.12916666666666668,0.25833333333333336,0.25833333333333336
forklift,25,Comfort-First,0.2826024825827299,0.37802304555660166,0.33031276406966575,0.022666666666666665,0.022666666666666665,0.14166666666666666,0.0
forklift,25,VR Guardian,0.26593581591606325,0.3844397122232683,0.32518776406966576,0.018083333333333333,0.012916666666666667,0.25833333333333336,0.0
forklift,26,Fixed Training,0.32310328832083923,0.383061557075737,0.35308242269828816,0.0,0.0,0.0,0.0
forklift,26,Safety-First,0.22256106247037918,0.2738728039340469,0.24821693320221302,0.06999999999999999,0.1,0.2,0.2
forklift,26,Comfort-First,0.27776995498750595,0.36889489040907036,0.32333242269828816,0.022666666666666665,0.022666666666666665,0.14166666666666666,0.0
forklift,26,VR Guardian,0.2751032883208392,0.377061557075737,0.32608242269828813,0.014000000000000002,0.010000000000000002,0.2,0.0
forklift,27,Fixed Training,0.3230778844301157,0.3755510120123177,0.34931444822121677,0.0,0.0,0.0,0.0
forklift,27,Safety-First,0.230993707621299,0.27670947734552664,0.25385159248341277,0.06416666666666666,0.09166666666666666,0.18333333333333332,0.18333333333333332
forklift,27,Comfort-First,0.2857445510967824,0.36388434534565106,0.32481444822121674,0.018666666666666668,0.018666666666666668,0.11666666666666667,0.0
forklift,27,VR Guardian,0.2790778844301157,0.37005101201231766,0.3245644482212168,0.012833333333333334,0.009166666666666667,0.18333333333333332,0.0
forklift,28,Fixed Training,0.3260147141040525,0.3900336080970806,0.3580241611005666,0.0,0.0,0.0,0.0
forklift,28,Safety-First,0.20971183889247647,0.2658934839348055,0.237802661413641,0.08166666666666665,0.11666666666666667,0.23333333333333334,0.23333333333333334
forklift,28,Comfort-First,0.28068138077071925,0.37586694143041394,0.32827416110056656,0.022666666666666665,0.022666666666666665,0.14166666666666666,0.0
forklift,28,VR Guardian,0.2700147141040526,0.3830336080970806,0.3265241611005666,0.016333333333333335,0.011666666666666667,0.23333333333333334,0.0
forklift,29,Fixed Training,0.3302269426791797,0.39066877628537994,0.36044785948227975,0.0,0.0,0.0,0.0
forklift,29,Safety-First,0.216948257062158,0.2676165043741914,0.24228238071817465,0.07875,0.1125,0.225,0.225
forklift,29,Comfort-First,0.287560276012513,0.3773354429520467,0.3324478594822798,0.021333333333333333,0.021333333333333333,0.13333333333333333,0.0
forklift,29,VR Guardian,0.27622694267917963,0.3839187762853799,0.33007285948227977,0.01575,0.011250000000000001,0.225,0.0
forklift,30,Fixed Training,0.3324614060380149,0.3925265019597802,0.3624939539988975,0.0,0.0,0.0,0.0
forklift,30,Safety-First,0.21175448488762957,0.25689733906305723,0.23432591197534341,0.08749999999999998,0.125,0.25,0.25
forklift,30,Comfort-First,0.28446140603801484,0.3775265019597802,0.3309939539988976,0.024,0.024,0.15,0.0
forklift,30,VR Guardian,0.27246140603801483,0.38502650195978017,0.3287439539988975,0.017500000000000005,0.012500000000000002,0.25,0.0
forklift,31,Fixed Training,0.3364124593181514,0.3981930288179356,0.36730274406804353,0.0,0.0,0.0,0.0
forklift,31,Safety-First,0.20766917097415435,0.25870745094583925,0.23318831095999676,0.09041666666666665,0.12916666666666668,0.25833333333333336,0.25833333333333336
forklift,31,Comfort-First,0.29107912598481805,0.3840263621512689,0.3375527440680435,0.02266666666666667,0.02266666666666667,0.14166666666666666,0.0
forklift,31,VR Guardian,0.2744124593181514,0.39044302881793563,0.33242774406804354,0.018083333333333337,0.012916666666666667,0.25833333333333336,0.0
forklift,32,Fixed Training,0.3354389809442017,0.3939366888865939,0.36468783491539786,0.0,0.0,0.0,0.0
forklift,32,Safety-First,0.20774862485200712,0.25833004461799275,0.2330393347349999,0.0875,0.125,0.25,0.25
forklift,32,Comfort-First,0.2767723142775351,0.3756033555532606,0.3261878349153978,0.029333333333333336,0.029333333333333336,0.18333333333333332,0.0
forklift,32,VR Guardian,0.2754389809442017,0.3864366888865939,0.3309378349153978,0.0175,0.0125,0.25,0.0
forklift,33,Fixed Training,0.33104410507087006,0.39074607212921075,0.36089508860004044,0.0,0.0,0.0,0.0
forklift,33,Safety-First,0.20055600595885317,0.25078812987640436,0.22567206791762875,0.09041666666666665,0.12916666666666668,0.25833333333333336,0.25833333333333336
forklift,33,Comfort-First,0.2723774384042034,0.3724127387958774,0.3223950886000404,0.029333333333333333,0.029333333333333333,0.18333333333333332,0.0
forklift,33,VR Guardian,0.2690441050708701,0.38299607212921066,0.32602008860004034,0.018083333333333337,0.012916666666666667,0.25833333333333336,0.0
forklift,34,Fixed Training,0.3292033922331997,0.3888628202521394,0.35903310624266954,0.0,0.0,0.0,0.0
forklift,34,Safety-First,0.20506587702191617,0.24759686707094317,0.22633137204642964,0.09041666666666665,0.12916666666666668,0.25833333333333336,0.25833333333333336
forklift,34,Comfort-First,0.2865367255665331,0.37552948691880605,0.3310331062426695,0.021333333333333333,0.021333333333333333,0.13333333333333333,0.0
forklift,34,VR Guardian,0.2672033922331997,0.38111282025213933,0.3241581062426695,0.018083333333333337,0.012916666666666668,0.25833333333333336,0.0
forklift,35,Fixed Training,0.3368835356105288,0.3945454776242699,0.36571450661739935,0.0,0.0,0.0,0.0
forklift,35,Safety-First,0.20411292964125083,0.24997801574384687,0.22704547269254885,0.09333333333333332,0.13333333333333333,0.26666666666666666,0.26666666666666666
forklift,35,Comfort-First,0.28888353561052876,0.3795454776242699,0.3342145066173993,0.024,0.024,0.15,0.0
forklift,35,VR Guardian,0.2728835356105288,0.3865454776242699,0.3297145066173994,0.018666666666666668,0.013333333333333334,0.26666666666666666,0.0
forklift,36,Fixed Training,0.3299783639544949,0.39776519085292805,0.36387177740371157,0.0,0.0,0.0,0.0
forklift,36,Safety-First,0.20178681277187133,0.25234268516556146,0.2270647489687164,0.09333333333333332,0.13333333333333333,0.26666666666666666,0.26666666666666666
forklift,36,Comfort-First,0.28197836395449494,0.3827651908529281,0.3323717774037115,0.024,0.024,0.15,0.0
forklift,36,VR Guardian,0.2659783639544949,0.3897651908529281,0.32787177740371154,0.018666666666666668,0.013333333333333334,0.26666666666666666,0.0
forklift,37,Fixed Training,0.3329824325656163,0.38471785994629065,0.35885014625595346,0.0,0.0,0.0,0.0
forklift,37,Safety-First,0.19428247184024544,0.23606946969980017,0.21517597077002282,0.09625,0.1375,0.275,0.275
forklift,37,Comfort-First,0.2743157658989496,0.3663845266129574,0.32035014625595354,0.029333333333333333,0.029333333333333333,0.18333333333333332,0.0
forklift,37,VR Guardian,0.2669824325656164,0.37646785994629073,0.3217251462559535,0.019250000000000003,0.01375,0.275,0.0
forklift,38,Fixed Training,0.3261469724750162,0.3900976271773685,0.35812229982619226,0.0,0.0,0.0,0.0
forklift,38,Safety-First,0.18716717730051363,0.2376147382972701,0.21239095779889183,0.09916666666666665,0.14166666666666666,0.2833333333333333,0.2833333333333333
forklift,38,Comfort-First,0.27281363914168283,0.37343096051070185,0.3231222998261923,0.02666666666666667,0.02666666666666667,0.16666666666666666,0.0
forklift,38,VR Guardian,0.2581469724750161,0.3815976271773685,0.3198722998261923,0.019833333333333335,0.014166666666666668,0.2833333333333333,0.0
forklift,39,Fixed Training,0.3244024249065614,0.3904887680277981,0.35744559646717977,0.0,0.0,0.0,0.0
forklift,39,Safety-First,0.1990375308578983,0.24715422788462202,0.22309587937126016,0.09333333333333332,0.13333333333333333,0.26666666666666666,0.26666666666666666
forklift,39,Comfort-First,0.2924024249065614,0.38048876802779813,0.3364455964671797,0.016,0.016,0.1,0.0
forklift,39,VR Guardian,0.26040242490656135,0.3824887680277981,0.3214455964671797,0.018666666666666668,0.013333333333333334,0.26666666666666666,0.0
crane,0,Fixed Training,0.31798987859142824,0.38072764278582744,0.34935876068862787,0.0,0.0,0.0,0.0
crane,0,Safety-First,0.21705244069922186,0.27215760815395146,0.24460502442658666,0.07,0.1,0.2,0.2
crane,0,Comfort-First,0.27532321192476156,0.3673943094524941,0.32135876068862784,0.021333333333333333,0.021333333333333333,0.13333333333333333,0.0
crane,0,VR Guardian,0.2699898785914282,0.37472764278582743,0.32235876068862784,0.014000000000000002,0.010000000000000002,0.2,0.0
crane,1,Fixed Training,0.3187557812095026,0.3796874337812711,0.34922160749538683,0.0,0.0,0.0,0.0
crane,1,Safety-First,0.19199638831842097,0.23978750080941869,0.21589194456391983,0.09041666666666665,0.12916666666666668,0.25833333333333336,0.25833333333333336
crane,1,Comfort-First,0.27075578120950256,0.36468743378127105,0.31772160749538686,0.024,0.024,0.15,0.0
crane,1,VR Guardian,0.25675578120950254,0.3719374337812711,0.31434660749538684,0.018083333333333337,0.012916666666666668,0.25833333333333336,0.0
crane,2,Fixed Training,0.3256224289778553,0.38356445006253315,0.35459343952019423,0.0,0.0,0.0,0.0
crane,2,Safety-First,0.1906584599739907,0.23991165093406372,0.2152850554540272,0.09333333333333332,0.13333333333333333,0.26666666666666666,0.26666666666666666
crane,2,Comfort-First,0.27228909564452203,0.3668977833958665,0.3195934395201942,0.02666666666666667,0.02666666666666667,0.16666666666666666,0.0
crane,2,VR Guardian,0.2616224289778553,0.3755644500625331,0.31859343952019425,0.018666666666666668,0.013333333333333334,0.26666666666666666,0.0
crane,3,Fixed Training,0.318994473523407,0.37920427141252605,0.3490993724679666,0.0,0.0,0.0,0.0
crane,3,Safety-First,0.21996928286961057,0.26992761697864137,0.24494844992412598,0.06999999999999999,0.1,0.2,0.2
crane,3,Comfort-First,0.2843278068567404,0.36837093807919274,0.3263493724679666,0.017333333333333333,0.017333333333333333,0.10833333333333334,0.0
crane,3,VR Guardian,0.270994473523407,0.37320427141252605,0.32209937246796655,0.014000000000000002,0.010000000000000002,0.2,0.0
crane,4,Fixed Training,0.3257910454089454,0.3868055635218358,0.35629830446539057,0.0,0.0,0.0,0.0
crane,4,Safety-First,0.20819754538074872,0.2607969648275382,0.23449725510414346,0.08166666666666665,0.11666666666666667,0.23333333333333334,0.23333333333333334
crane,4,Comfort-First,0.27245771207561204,0.37013889685516915,0.32129830446539054,0.02666666666666667,0.02666666666666667,0.16666666666666666,0.0
crane,4,VR Guardian,0.2697910454089454,0.37980556352183575,0.32479830446539054,0.016333333333333335,0.011666666666666667,0.23333333333333334,0.0
crane,5,Fixed Training,0.31968009587509166,0.37480614693230596,0.34724312140369873,0.0,0.0,0.0,0.0
crane,5,Safety-First,0.20798360678702643,0.25255897404979755,0.230271290418412,0.07875,0.1125,0.225,0.225
crane,5,Comfort-First,0.2743467625417582,0.3606394802656393,0.31749312140369873,0.02266666666666667,0.02266666666666667,0.14166666666666666,0.0
crane,5,VR Guardian,0.2656800958750916,0.3680561469323059,0.3168681214036988,0.01575,0.011250000000000001,0.225,0.0
crane,6,Fixed Training,0.32321830688281666,0.3839408881834962,0.35357959753315643,0.0,0.0,0.0,0.0
crane,6,Safety-First,0.18639105707569692,0.24177916332521074,0.2140851102004538,0.09333333333333332,0.13333333333333333,0.26666666666666666,0.26666666666666666
crane,6,Comfort-First,0.25921830688281666,0.36394088818349624,0.3115795975331564,0.032,0.032,0.2,0.0
crane,6,VR Guardian,0.2592183068828166,0.3759408881834962,0.3175795975331564,0.018666666666666668,0.013333333333333334,0.26666666666666666,0.0
crane,7,Fixed Training,0.31580888032294124,0.38498513188277206,0.3503970061028567,0.0,0.0,0.0,0.0
crane,7,Safety-First,0.21111535405344087,0.27119533984986643,0.24115534695165367,0.07291666666666667,0.10416666666666667,0.20833333333333334,0.20833333333333334
crane,7,Comfort-First,0.27314221365627456,0.3716517985494388,0.32239700610285665,0.021333333333333333,0.021333333333333333,0.13333333333333333,0.0
crane,7,VR Guardian,0.2658088803229412,0.3787351318827721,0.32227200610285667,0.014583333333333335,0.010416666666666666,0.20833333333333334,0.0
crane,8,Fixed Training,0.3215829467584151,0.3964971906704849,0.35904006871445004,0.0,0.0,0.0,0.0
crane,8,Safety-First,0.19010710202062606,0.2520064488095863,0.22105677541510618,0.09333333333333332,0.13333333333333333,0.26666666666666666,0.26666666666666666
crane,8,Comfort-First,0.2735829467584151,0.38149719067048493,0.32754006871445,0.024,0.024,0.15,0.0
crane,8,VR Guardian,0.2575829467584151,0.38849719067048494,0.32304006871445,0.018666666666666668,0.013333333333333334,0.26666666666666666,0.0
crane,9,Fixed Training,0.31791823291947646,0.3741630925919421,0.34604066275570927,0.0,0.0,0.0,0.0
crane,9,Safety-First,0.2058034053517325,0.25241440567428414,0.22910890551300833,0.07875,0.1125,0.225,0.225
crane,9,Comfort-First,0.2699182329194765,0.359163092591942,0.31454066275570924,0.024,0.024,0.15,0.0
crane,9,VR Guardian,0.26391823291947647,0.367413092591942,0.3156656627557093,0.01575,0.011250000000000001,0.225,0.0
crane,10,Fixed Training,0.3219832032621016,0.37769616224477837,0.34983968275343996,0.0,0.0,0.0,0.0
crane,10,Safety-First,0.21428927624395208,0.26014886103323165,0.23721906863859185,0.07583333333333332,0.10833333333333334,0.21666666666666667,0.21666666666666667
crane,10,Comfort-First,0.28198320326210163,0.36519616224477836,0.3235896827534399,0.020000000000000004,0.020000000000000004,0.125,0.0
crane,10,VR Guardian,0.26998320326210157,0.3711961622447783,0.3205896827534399,0.015166666666666669,0.010833333333333335,0.21666666666666667,0.0
crane,11,Fixed Training,0.32635168558986544,0.38932150253803555,0.35783659406395046,0.0,0.0,0.0,0.0
crane,11,Safety-First,0.20119968204152305,0.24877282032953343,0.22498625118552826,0.09041666666666666,0.12916666666666668,0.25833333333333336,0.25833333333333336
crane,11,Comfort-First,0.2756850189231988,0.3734881692047022,0.32458659406395046,0.025333333333333333,0.025333333333333333,0.15833333333333333,0.0
crane,11,VR Guardian,0.2643516855898655,0.38157150253803546,0.3229615940639505,0.018083333333333333,0.012916666666666667,0.25833333333333336,0.0
crane,12,Fixed Training,0.31974332134850186,0.38227331335034337,0.35100831734942267,0.0,0.0,0.0,0.0
crane,12,Safety-First,0.20107268103897902,0.25052013098022013,0.22579640600959958,0.08458333333333332,0.12083333333333333,0.24166666666666667,0.24166666666666667
crane,12,Comfort-First,0.2744099880151686,0.36810664668367665,0.3212583173494226,0.022666666666666665,0.022666666666666665,0.14166666666666666,0.0
crane,12,VR Guardian,0.261743321348502,0.37502331335034333,0.3183833173494227,0.01691666666666667,0.012083333333333335,0.24166666666666667,0.0
crane,13,Fixed Training,0.3222500089515954,0.38513959501284134,0.35369480198221837,0.0,0.0,0.0,0.0
crane,13,Safety-First,0.19911370668716072,0.25439536315974814,0.22675453492345443,0.08458333333333332,0.12083333333333333,0.24166666666666667,0.24166666666666667
crane,13,Comfort-First,0.2662500089515954,0.3676395950128413,0.31694480198221825,0.028000000000000004,0.028000000000000004,0.175,0.0
crane,13,VR Guardian,0.2642500089515954,0.3778895950128413,0.3210698019822183,0.01691666666666667,0.012083333333333335,0.24166666666666667,0.0
crane,14,Fixed Training,0.3195406896405571,0.38530486249460905,0.3524227760675831,0.0,0.0,0.0,0.0
crane,14,Safety-First,0.18219997245222447,0.23081475687568326,0.2065073646639539,0.09916666666666667,0.14166666666666666,0.2833333333333333,0.2833333333333333
crane,14,Comfort-First,0.27420735630722376,0.37113819582794244,0.3226727760675831,0.022666666666666665,0.022666666666666665,0.14166666666666666,0.0
crane,14,VR Guardian,0.2515406896405571,0.3768048624946091,0.3141727760675831,0.01983333333333333,0.014166666666666666,0.2833333333333333,0.0
crane,15,Fixed Training,0.31833755061033175,0.37878453646507343,0.3485610435377026,0.0,0.0,0.0,0.0
crane,15,Safety-First,0.21292563173030712,0.26083413553156237,0.23687988363093473,0.07583333333333334,0.10833333333333334,0.21666666666666667,0.21666666666666667
crane,15,Comfort-First,0.2783375506103318,0.3662845364650734,0.32231104353770257,0.020000000000000004,0.020000000000000004,0.125,0.0
crane,15,VR Guardian,0.26633755061033176,0.3722845364650734,0.31931104353770257,0.015166666666666667,0.010833333333333334,0.21666666666666667,0.0
crane,16,Fixed Training,0.3268882214157968,0.3908424907802026,0.3588653560979997,0.0,0.0,0.0,0.0
crane,16,Safety-First,0.20665119526335035,0.25992754509313526,0.2332893701782428,0.08458333333333332,0.12083333333333333,0.24166666666666667,0.24166666666666667
crane,16,Comfort-First,0.2735548880824635,0.3741758241135359,0.32386535609799966,0.02666666666666667,0.02666666666666667,0.16666666666666666,0.0
crane,16,VR Guardian,0.26888822141579677,0.38359249078020263,0.3262403560979997,0.01691666666666667,0.012083333333333335,0.24166666666666667,0.0
crane,17,Fixed Training,0.3245511309904394,0.3862247523251858,0.3553879416578126,0.0,0.0,0.0,0.0
crane,17,Safety-First,0.20346503826515433,0.25524845129285684,0.2293567447790056,0.08458333333333332,0.12083333333333333,0.24166666666666667,0.24166666666666667
crane,17,Comfort-First,0.2658844643237727,0.36789141899185246,0.3168879416578126,0.029333333333333333,0.029333333333333333,0.18333333333333332,0.0
crane,17,VR Guardian,0.2666170366676725,0.3789747523251858,0.32279589449642915,0.01691666666666667,0.012083333333333335,0.24166666666666667,0.0
crane,18,Fixed Training,0.32144921234117046,0.37975403232530525,0.35060162233323783,0.0,0.0,0.0,0.0
crane,18,Safety-First,0.20458636959367632,0.2526506132296555,0.2286184914116659,0.08166666666666665,0.11666666666666667,0.23333333333333334,0.23333333333333334
crane,18,Comfort-First,0.26811587900783707,0.3630873656586386,0.3156016223332378,0.02666666666666667,0.02666666666666667,0.16666666666666666,0.0
crane,18,VR Guardian,0.2654492123411704,0.37275403232530524,0.31910162233323786,0.016333333333333335,0.011666666666666667,0.23333333333333334,0.0
crane,19,Fixed Training,0.32857252108790524,0.3887683039876854,0.3586704125377953,0.0,0.0,0.0,0.0
crane,19,Safety-First,0.19828606069095184,0.2513276221871933,0.22480684143907256,0.09041666666666666,0.12916666666666668,0.25833333333333336,0.25833333333333336
crane,19,Comfort-First,0.26990585442123854,0.37043497065435205,0.3201704125377953,0.029333333333333333,0.029333333333333333,0.18333333333333332,0.0
crane,19,VR Guardian,0.2665725210879052,0.38101830398768544,0.3237954125377953,0.018083333333333333,0.012916666666666667,0.25833333333333336,0.0
crane,20,Fixed Training,0.3289031305570942,0.3905644831194954,0.35973380683829487,0.0,0.0,0.0,0.0
crane,20,Safety-First,0.21826765016358637,0.2676016356975814,0.24293464293058384,0.07875,0.1125,0.225,0.225
crane,20,Comfort-First,0.2942364638904275,0.37973114978616207,0.3369838068382948,0.017333333333333333,0.017333333333333333,0.10833333333333334,0.0
crane,20,VR Guardian,0.2749031305570942,0.3838144831194954,0.3293588068382948,0.01575,0.011250000000000001,0.225,0.0
crane,21,Fixed Training,0.32064326644615837,0.38153077018876164,0.35108701831746,0.0,0.0,0.0,0.0
crane,21,Safety-First,0.21676881224194922,0.26810314982964223,0.24243598103579575,0.07291666666666667,0.10416666666666667,0.20833333333333334,0.20833333333333334
crane,21,Comfort-First,0.2806432664461584,0.3690307701887617,0.32483701831746004,0.020000000000000004,0.020000000000000004,0.125,0.0
crane,21,VR Guardian,0.2706432664461584,0.3752807701887616,0.32296201831745996,0.014583333333333335,0.010416666666666666,0.20833333333333334,0.0
crane,22,Fixed Training,0.32018561854935446,0.3916617420723798,0.3559236803108671,0.0,0.0,0.0,0.0
crane,22,Safety-First,0.1796249193700302,0.23801848629099048,0.20882170283051033,0.09916666666666665,0.14166666666666666,0.2833333333333333,0.2833333333333333
crane,22,Comfort-First,0.2641856185493544,0.3741617420723798,0.3191736803108671,0.028000000000000004,0.028000000000000004,0.175,0.0
crane,22,VR Guardian,0.2521856185493544,0.38316174207237974,0.3176736803108671,0.019833333333333335,0.014166666666666668,0.2833333333333333,0.0
crane,23,Fixed Training,0.324729610690946,0.3895673031015402,0.35714845689624314,0.0,0.0,0.0,0.0
crane,23,Safety-First,0.20116423614989554,0.2543267506110461,0.22774549338047081,0.0875,0.125,0.25,0.25
crane,23,Comfort-First,0.27406294402427933,0.3737339697682069,0.32389845689624314,0.025333333333333333,0.025333333333333333,0.15833333333333333,0.0
crane,23,VR Guardian,0.264729610690946,0.3820673031015402,0.3233984568962432,0.017500000000000005,0.0125,0.25,0.0
crane,24,Fixed Training,0.3183156056619039,0.39143398276376157,0.35487479421283274,0.0,0.0,0.0,0.0
crane,24,Safety-First,0.19687261575226647,0.2504884126199475,0.22368051418610693,0.09041666666666666,0.12916666666666668,0.25833333333333336,0.25833333333333336
crane,24,Comfort-First,0.28098227232857054,0.37976731609709496,0.3303747942128327,0.018666666666666668,0.018666666666666668,0.11666666666666667,0.0
crane,24,VR Guardian,0.25631560566190387,0.38368398276376153,0.3199997942128327,0.018083333333333333,0.012916666666666667,0.25833333333333336,0.0
crane,25,Fixed Training,0.32257010938571884,0.38681937688671486,0.3546947431362169,0.0,0.0,0.0,0.0
crane,25,Safety-First,0.18632424577835646,0.23847480913931515,0.2123995274588358,0.09624999999999999,0.1375,0.275,0.275
crane,25,Comfort-First,0.27457010938571885,0.37181937688671485,0.3231947431362169,0.024,0.024,0.15,0.0
crane,25,VR Guardian,0.2565701093857189,0.3785693768867148,0.3175697431362169,0.019250000000000003,0.013750000000000002,0.275,0.0
crane,26,Fixed Training,0.3216182812170279,0.3830525210190545,0.3523354011180411,0.0,0.0,0.0,0.0
crane,26,Safety-First,0.19234004204701344,0.24185277535392438,0.21709640870046892,0.09041666666666666,0.12916666666666668,0.25833333333333336,0.25833333333333336
crane,26,Comfort-First,0.27095161455036115,0.3672191876857211,0.3190854011180412,0.025333333333333333,0.025333333333333333,0.15833333333333333,0.0
crane,26,VR Guardian,0.25961828121702785,0.3753025210190544,0.3174604011180412,0.018083333333333337,0.012916666666666667,0.25833333333333336,0.0
crane,27,Fixed Training,0.31714249775299863,0.3820702153292263,0.3496063565411125,0.0,0.0,0.0,0.0
crane,27,Safety-First,0.19300494103101407,0.2468153957004954,0.21991016836575478,0.0875,0.125,0.25,0.25
crane,27,Comfort-First,0.2638091644196653,0.36540354866255964,0.31460635654111246,0.02666666666666667,0.02666666666666667,0.16666666666666666,0.0
crane,27,VR Guardian,0.25714249775299863,0.37457021532922635,0.3158563565411125,0.0175,0.0125,0.25,0.0
crane,28,Fixed Training,0.3214010993056785,0.38311561339768313,0.35225835635168085,0.0,0.0,0.0,0.0
crane,28,Safety-First,0.1999487624543575,0.2522660816603323,0.2261074220573449,0.08458333333333332,0.12083333333333333,0.24166666666666667,0.24166666666666667
crane,28,Comfort-First,0.2654010993056786,0.3656156133976831,0.31550835635168084,0.028000000000000004,0.028000000000000004,0.175,0.0
crane,28,VR Guardian,0.26340109930567857,0.3758656133976831,0.31963335635168083,0.01691666666666667,0.012083333333333335,0.24166666666666667,0.0
crane,29,Fixed Training,0.3195140889949448,0.3873459806502875,0.3534300348226162,0.0,0.0,0.0,0.0
crane,29,Safety-First,0.19827682618864131,0.25141846456204864,0.22484764537534502,0.0875,0.125,0.25,0.25
crane,29,Comfort-First,0.27951408899494484,0.37484598065028746,0.3271800348226162,0.020000000000000004,0.020000000000000004,0.125,0.0
crane,29,VR Guardian,0.2595140889949449,0.3798459806502875,0.3196800348226162,0.017500000000000005,0.0125,0.25,0.0
crane,30,Fixed Training,0.32544172083029477,0.3858520113395387,0.35564686608491675,0.0,0.0,0.0,0.0
crane,30,Safety-First,0.19768233062143245,0.24931565256686541,0.22349899159414893,0.08749999999999998,0.125,0.25,0.25
crane,30,Comfort-First,0.2694417208302948,0.36835201133953865,0.3188968660849167,0.028000000000000004,0.028000000000000004,0.175,0.0
crane,30,VR Guardian,0.2654417208302948,0.37835201133953866,0.3218968660849167,0.017500000000000005,0.012500000000000002,0.25,0.0
crane,31,Fixed Training,0.32375310196485046,0.39107757446174474,0.3574153382132976,0.0,0.0,0.0,0.0
crane,31,Safety-First,0.19923093512732012,0.2515401919738619,0.225385563550591,0.09041666666666666,0.12916666666666668,0.25833333333333336,0.25833333333333336
crane,31,Comfort-First,0.2810864352981838,0.3777442411284114,0.32941533821329755,0.021333333333333333,0.021333333333333333,0.13333333333333333,0.0
crane,31,VR Guardian,0.26175310196485047,0.38332757446174465,0.32254033821329753,0.018083333333333337,0.012916666666666667,0.25833333333333336,0.0
crane,32,Fixed Training,0.3268014906537974,0.37786548397491776,0.3523334873143576,0.0,0.0,0.0,0.0
crane,32,Safety-First,0.19575756828235324,0.23766112930280325,0.21670934879257825,0.09041666666666665,0.12916666666666668,0.25833333333333336,0.25833333333333336
crane,32,Comfort-First,0.2761348239871308,0.3620321506415844,0.3190834873143576,0.025333333333333333,0.025333333333333333,0.15833333333333333,0.0
crane,32,VR Guardian,0.2648014906537974,0.3701154839749177,0.3174584873143575,0.018083333333333337,0.012916666666666668,0.25833333333333336,0.0
crane,33,Fixed Training,0.3241561165080613,0.38933240643066314,0.3567442614693622,0.0,0.0,0.0,0.0
crane,33,Safety-First,0.19351807099023557,0.2500995149925215,0.2218087929913785,0.09041666666666666,0.12916666666666668,0.25833333333333336,0.25833333333333336
crane,33,Comfort-First,0.2734894498413946,0.3734990730973298,0.32349426146936217,0.025333333333333333,0.025333333333333333,0.15833333333333333,0.0
crane,33,VR Guardian,0.26215611650806125,0.3815824064306631,0.3218692614693622,0.018083333333333333,0.012916666666666668,0.25833333333333336,0.0
crane,34,Fixed Training,0.3236681243282224,0.38425873102273606,0.3539634276754793,0.0,0.0,0.0,0.0
crane,34,Safety-First,0.20733297678199755,0.25869932640081633,0.23301615159140696,0.08166666666666665,0.11666666666666667,0.23333333333333334,0.23333333333333334
crane,34,Comfort-First,0.27300145766155576,0.36842539768940274,0.3207134276754792,0.025333333333333333,0.025333333333333333,0.15833333333333333,0.0
crane,34,VR Guardian,0.26766812432822246,0.37725873102273605,0.32246342767547925,0.016333333333333335,0.011666666666666667,0.23333333333333334,0.0
crane,35,Fixed Training,0.3202382113178165,0.38482302685178676,0.3525306190848016,0.0,0.0,0.0,0.0
crane,35,Safety-First,0.20293917738403783,0.2539332431449614,0.22843621026449962,0.08458333333333332,0.12083333333333333,0.24166666666666667,0.24166666666666667
crane,35,Comfort-First,0.2749048779844831,0.3706563601851201,0.32278061908480155,0.02266666666666667,0.02266666666666667,0.14166666666666666,0.0
crane,35,VR Guardian,0.26223821131781644,0.37757302685178673,0.31990561908480164,0.01691666666666667,0.012083333333333335,0.24166666666666667,0.0
crane,36,Fixed Training,0.3201892763689081,0.3802430851907936,0.35021618077985084,0.0,0.0,0.0,0.0
crane,36,Safety-First,0.2008887557588511,0.2498605634501043,0.2253746596044777,0.08458333333333332,0.12083333333333333,0.24166666666666667,0.24166666666666667
crane,36,Comfort-First,0.26685594303557475,0.3635764185241269,0.31521618077985086,0.02666666666666667,0.02666666666666667,0.16666666666666666,0.0
crane,36,VR Guardian,0.2621892763689081,0.3729930851907936,0.3175911807798508,0.01691666666666667,0.012083333333333335,0.24166666666666667,0.0
crane,37,Fixed Training,0.3173165168601374,0.3874276171094954,0.3523720669848164,0.0,0.0,0.0,0.0
crane,37,Safety-First,0.17492053954932438,0.22897661661330881,0.20194857808131655,0.10208333333333333,0.14583333333333334,0.2916666666666667,0.2916666666666667
crane,37,Comfort-First,0.25864985019347075,0.369094283776162,0.3138720669848164,0.029333333333333336,0.029333333333333336,0.18333333333333332,0.0
crane,37,VR Guardian,0.24731651686013742,0.3786776171094953,0.31299706698481633,0.02041666666666667,0.014583333333333334,0.2916666666666667,0.0
crane,38,Fixed Training,0.3282791632175604,0.39143508224527324,0.35985712273141673,0.0,0.0,0.0,0.0
crane,38,Safety-First,0.2093876384200657,0.26500443579152777,0.23719603710579673,0.08166666666666665,0.11666666666666667,0.23333333333333334,0.23333333333333334
crane,38,Comfort-First,0.2722791632175604,0.37393508224527316,0.32310712273141673,0.028,0.028,0.175,0.0
crane,38,VR Guardian,0.27227916321756035,0.38443508224527323,0.3283571227314168,0.016333333333333335,0.011666666666666665,0.23333333333333334,0.0
crane,39,Fixed Training,0.3179878687880846,0.3757442123857308,0.3468660405869077,0.0,0.0,0.0,0.0
crane,39,Safety-First,0.1711965006344883,0.21429501653955277,0.1927457585870205,0.105,0.15,0.3,0.3
crane,39,Comfort-First,0.25932120212141796,0.3574108790523975,0.30836604058690775,0.029333333333333336,0.029333333333333336,0.18333333333333332,0.0
crane,39,VR Guardian,0.2459878687880846,0.36674421238573085,0.3063660405869077,0.021000000000000005,0.015000000000000001,0.3,0.0
substation,0,Fixed Training,0.33934981704452816,0.38024733114154835,0.3597985740930383,0.0,0.0,0.0,0.0
substation,0,Safety-First,0.22417333830310052,0.2567969898528172,0.24048516407795886,0.07875,0.1125,0.225,0.225
substation,0,Comfort-First,0.28601648371119487,0.36358066447488174,0.32479857409303825,0.02666666666666667,0.02666666666666667,0.16666666666666666,0.0
substation,0,VR Guardian,0.2853498170445282,0.37349733114154837,0.32942357409303824,0.01575,0.011250000000000001,0.225,0.0
substation,1,Fixed Training,0.3344135742593636,0.36937147908831364,0.3518925266738386,0.0,0.0,0.0,0.0
substation,1,Safety-First,0.2367052553457006,0.2600473802225593,0.24837631778412997,0.06999999999999999,0.1,0.2,0.2
substation,1,Comfort-First,0.2970802409260303,0.3577048124216469,0.3273925266738386,0.018666666666666668,0.018666666666666668,0.11666666666666667,0.0
substation,1,VR Guardian,0.2864135742593637,0.36337147908831363,0.3248925266738386,0.014000000000000002,0.010000000000000002,0.2,0.0
substation,2,Fixed Training,0.3318564626845688,0.37666417385612727,0.35426031827034804,0.0,0.0,0.0,0.0
substation,2,Safety-First,0.21592592735790866,0.2451892690232982,0.23055759819060345,0.08458333333333332,0.12083333333333333,0.24166666666666667,0.24166666666666667
substation,2,Comfort-First,0.2918564626845688,0.36416417385612737,0.32801031827034804,0.020000000000000004,0.020000000000000004,0.125,0.0
substation,2,VR Guardian,0.2738564626845688,0.36941417385612735,0.321635318270348,0.01691666666666667,0.012083333333333335,0.24166666666666667,0.0
substation,3,Fixed Training,0.3379081095183765,0.3794794369792175,0.35869377324879703,0.0,0.0,0.0,0.0
substation,3,Safety-First,0.20143080019093934,0.2268416199034103,0.2141362100471748,0.09916666666666665,0.14166666666666666,0.2833333333333333,0.2833333333333333
substation,3,Comfort-First,0.2845747761850433,0.3628127703125508,0.323693773248797,0.02666666666666667,0.02666666666666667,0.16666666666666666,0.0
substation,3,VR Guardian,0.2699081095183766,0.37097943697921754,0.32044377324879714,0.019833333333333335,0.014166666666666668,0.2833333333333333,0.0
substation,4,Fixed Training,0.3329867912010975,0.37065645302155176,0.35182162211132456,0.0,0.0,0.0,0.0
substation,4,Safety-First,0.23138700825317216,0.25692118991154034,0.24415409908235627,0.07291666666666667,0.10416666666666667,0.20833333333333334,0.20833333333333334
substation,4,Comfort-First,0.29298679120109744,0.3581564530215517,0.3255716221113245,0.020000000000000004,0.020000000000000004,0.125,0.0
substation,4,VR Guardian,0.2829867912010975,0.3644064530215516,0.32369662211132455,0.014583333333333334,0.010416666666666666,0.20833333333333334,0.0
substation,5,Fixed Training,0.33603516227875546,0.38168555061550485,0.35886035644713016,0.0,0.0,0.0,0.0
substation,5,Safety-First,0.202979048967369,0.23702183730231055,0.2200004431348398,0.09333333333333332,0.13333333333333333,0.26666666666666666,0.26666666666666666
substation,5,Comfort-First,0.28003516227875547,0.3641855506155048,0.32211035644713015,0.028000000000000004,0.028000000000000004,0.175,0.0
substation,5,VR Guardian,0.2720351622787555,0.37368555061550474,0.3228603564471301,0.018666666666666668,0.013333333333333334,0.26666666666666666,0.0
substation,6,Fixed Training,0.3322914395489754,0.37371026808437086,0.35300085381667307,0.0,0.0,0.0,0.0
substation,6,Safety-First,0.22346980262781652,0.25618611790288914,0.23982796026535286,0.07583333333333334,0.10833333333333334,0.21666666666666667,0.21666666666666667
substation,6,Comfort-First,0.2842914395489754,0.35871026808437084,0.32150085381667315,0.024,0.024,0.15,0.0
substation,6,VR Guardian,0.2802914395489754,0.3672102680843708,0.3237508538166731,0.015166666666666669,0.010833333333333334,0.21666666666666667,0.0
substation,7,Fixed Training,0.33156801431130417,0.37644913015876,0.35400857223503207,0.0,0.0,0.0,0.0
substation,7,Safety-First,0.21140361690873888,0.24536311309480885,0.22838336500177386,0.08458333333333333,0.12083333333333333,0.24166666666666667,0.24166666666666667
substation,7,Comfort-First,0.28090134764463753,0.3606157968254267,0.3207585722350321,0.025333333333333333,0.025333333333333333,0.15833333333333333,0.0
substation,7,VR Guardian,0.2735680143113042,0.36919913015876005,0.3213835722350321,0.01691666666666667,0.012083333333333333,0.24166666666666667,0.0
substation,8,Fixed Training,0.33883994162136716,0.3769528525436358,0.3578963970825015,0.0,0.0,0.0,0.0
substation,8,Safety-First,0.21322895866052521,0.2406368452133675,0.22693290193694632,0.0875,0.125,0.25,0.25
substation,8,Comfort-First,0.2908399416213671,0.3619528525436358,0.3263963970825015,0.024,0.024,0.15,0.0
substation,8,VR Guardian,0.27883994162136716,0.3694528525436358,0.32414639708250154,0.017500000000000005,0.0125,0.25,0.0
substation,9,Fixed Training,0.34164621369473464,0.37976840735590195,0.36070731052531824,0.0,0.0,0.0,0.0
substation,9,Safety-First,0.21335122362401243,0.23919159038991397,0.22627140700696322,0.09041666666666666,0.12916666666666668,0.25833333333333336,0.25833333333333336
substation,9,Comfort-First,0.28831288036140124,0.36310174068923534,0.32570731052531826,0.02666666666666667,0.02666666666666667,0.16666666666666666,0.0
substation,9,VR Guardian,0.27964621369473464,0.3720184073559019,0.3258323105253183,0.018083333333333333,0.012916666666666667,0.25833333333333336,0.0
substation,10,Fixed Training,0.32882819474248515,0.37387289991545497,0.3513505473289701,0.0,0.0,0.0,0.0
substation,10,Safety-First,0.21303850961775125,0.24667786961120328,0.22985818961447724,0.08166666666666668,0.11666666666666667,0.23333333333333334,0.23333333333333334
substation,10,Comfort-First,0.28349486140915187,0.35970623324878837,0.3216005473289701,0.022666666666666665,0.022666666666666665,0.14166666666666666,0.0
substation,10,VR Guardian,0.27282819474248515,0.366872899915455,0.3198505473289701,0.016333333333333335,0.011666666666666665,0.23333333333333334,0.0
substation,11,Fixed Training,0.3360507667435206,0.3786594659140325,0.3573551163287766,0.0,0.0,0.0,0.0
substation,11,Safety-First,0.19664614064453895,0.23075974701888236,0.21370294383171065,0.09625,0.1375,0.275,0.275
substation,11,Comfort-First,0.2693841000768539,0.3578261325806992,0.3136051163287765,0.03333333333333333,0.03333333333333333,0.20833333333333334,0.0
substation,11,VR Guardian,0.2700507667435206,0.3704094659140324,0.3202301163287765,0.019250000000000003,0.01375,0.275,0.0
substation,12,Fixed Training,0.3432813363222968,0.3787485766357864,0.36101495647904164,0.0,0.0,0.0,0.0
substation,12,Safety-First,0.20875580156204715,0.23920777938427332,0.22398179047316027,0.09041666666666666,0.12916666666666668,0.25833333333333336,0.25833333333333336
substation,12,Comfort-First,0.27394800298896343,0.3570819099691198,0.3155149564790417,0.034666666666666665,0.034666666666666665,0.21666666666666667,0.0
substation,12,VR Guardian,0.28128133632229685,0.37099857663578645,0.32613995647904165,0.018083333333333333,0.012916666666666667,0.25833333333333336,0.0
substation,13,Fixed Training,0.3410248593714018,0.3846739697682552,0.36284941456982855,0.0,0.0,0.0,0.0
substation,13,Safety-First,0.21303246811174617,0.24778658220004066,0.23040952515589339,0.0875,0.125,0.25,0.25
substation,13,Comfort-First,0.2903581927047352,0.3688406364349219,0.3295994145698285,0.025333333333333333,0.025333333333333333,0.15833333333333333,0.0
substation,13,VR Guardian,0.2810248593714018,0.3771739697682552,0.3290994145698285,0.017500000000000005,0.0125,0.25,0.0
substation,14,Fixed Training,0.3341424443071971,0.370545466230255,0.35234395526872603,0.0,0.0,0.0,0.0
substation,14,Safety-First,0.22311972915880451,0.249363053692376,0.23624139142559022,0.07875,0.1125,0.225,0.225
substation,14,Comfort-First,0.28880911097386375,0.3563787995635883,0.32259395526872603,0.02266666666666667,0.02266666666666667,0.14166666666666666,0.0
substation,14,VR Guardian,0.2801424443071971,0.363795466230255,0.32196895526872604,0.01575,0.011250000000000001,0.225,0.0
substation,15,Fixed Training,0.33050865767387283,0.3766036346572567,0.3535561461655648,0.0,0.0,0.0,0.0
substation,15,Safety-First,0.21513355721028862,0.24900850799129354,0.23207103260079104,0.08166666666666665,0.11666666666666667,0.23333333333333334,0.23333333333333334
substation,15,Comfort-First,0.28517532434053955,0.36243696799059,0.32380614616556486,0.02266666666666667,0.02266666666666667,0.14166666666666666,0.0
substation,15,VR Guardian,0.27450865767387284,0.36960363465725676,0.32205614616556477,0.016333333333333335,0.011666666666666667,0.23333333333333334,0.0
substation,16,Fixed Training,0.32886173014920944,0.37991184537242423,0.3543867877608168,0.0,0.0,0.0,0.0
substation,16,Safety-First,0.2004696239319862,0.239275351079244,0.2198724875056151,0.09041666666666666,0.12916666666666668,0.25833333333333336,0.25833333333333336
substation,16,Comfort-First,0.2781950634825428,0.3640785120390909,0.32113678776081683,0.025333333333333333,0.025333333333333333,0.15833333333333333,0.0
substation,16,VR Guardian,0.2668617301492095,0.3721618453724242,0.31951178776081685,0.018083333333333333,0.012916666666666667,0.25833333333333336,0.0
substation,17,Fixed Training,0.3456762975152135,0.37202763647318543,0.3588519669941995,0.0,0.0,0.0,0.0
substation,17,Safety-First,0.21600989253324565,0.234168030680546,0.22508896160689584,0.09041666666666665,0.12916666666666668,0.25833333333333336,0.25833333333333336
substation,17,Comfort-First,0.28967629751521345,0.3545276364731854,0.3221019669941995,0.028000000000000004,0.028000000000000004,0.175,0.0
substation,17,VR Guardian,0.2836762975152135,0.36427763647318545,0.3239769669941995,0.018083333333333337,0.012916666666666668,0.25833333333333336,0.0
substation,18,Fixed Training,0.3408403489588801,0.3833145604774982,0.36207745471818914,0.0,0.0,0.0,0.0
substation,18,Safety-First,0.1935995401368584,0.22614249760171465,0.20987101886928652,0.10208333333333333,0.14583333333333334,0.2916666666666667,0.2916666666666667
substation,18,Comfort-First,0.27950701562554675,0.3641478938108315,0.32182745471818913,0.03066666666666667,0.03066666666666667,0.19166666666666668,0.0
substation,18,VR Guardian,0.2708403489588801,0.3745645604774982,0.3227024547181891,0.02041666666666667,0.014583333333333334,0.2916666666666667,0.0
substation,19,Fixed Training,0.33626132659165175,0.3831717116001997,0.3597165190959257,0.0,0.0,0.0,0.0
substation,19,Safety-First,0.2066542018099982,0.2428430845459246,0.2247486431779614,0.09041666666666665,0.12916666666666668,0.25833333333333336,0.25833333333333336
substation,19,Comfort-First,0.27759465992498505,0.3648383782668663,0.3212165190959257,0.029333333333333333,0.029333333333333333,0.18333333333333332,0.0
substation,19,VR Guardian,0.27426132659165176,0.3754217116001996,0.3248415190959257,0.018083333333333337,0.012916666666666668,0.25833333333333336,0.0
substation,20,Fixed Training,0.34336722801625547,0.37233507117575376,0.35785114959600456,0.0,0.0,0.0,0.0
substation,20,Safety-First,0.2141804802598637,0.23859062275712067,0.22638555150849218,0.08749999999999998,0.125,0.25,0.25
substation,20,Comfort-First,0.27670056134958887,0.3515017378424204,0.3141011495960046,0.03333333333333333,0.03333333333333333,0.20833333333333334,0.0
substation,20,VR Guardian,0.2833672280162555,0.3648350711757537,0.3241011495960046,0.017500000000000005,0.012500000000000002,0.25,0.0
substation,21,Fixed Training,0.33733476369423715,0.3837608236076227,0.36054779365093,0.0,0.0,0.0,0.0
substation,21,Safety-First,0.20396061771793847,0.23485934988591634,0.2194099838019274,0.09625,0.1375,0.275,0.275
substation,21,Comfort-First,0.2866680970275705,0.36792749027428945,0.3272977936509299,0.025333333333333333,0.025333333333333333,0.15833333333333333,0.0
substation,21,VR Guardian,0.2713347636942372,0.3755108236076227,0.32342279365092996,0.019250000000000003,0.01375,0.275,0.0
substation,22,Fixed Training,0.33404021197407213,0.3748303640781478,0.35443528802611,0.0,0.0,0.0,0.0
substation,22,Safety-First,0.2220287165360803,0.25234437301160495,0.23718654477384263,0.07875,0.1125,0.225,0.225
substation,22,Comfort-First,0.2753735453074055,0.35649703074481454,0.31593528802611,0.029333333333333336,0.029333333333333336,0.18333333333333332,0.0
substation,22,VR Guardian,0.2800402119740722,0.36808036407814787,0.3240602880261099,0.01575,0.011250000000000001,0.225,0.0
substation,23,Fixed Training,0.33936800461621225,0.3749564382403393,0.3571622214282758,0.0,0.0,0.0,0.0
substation,23,Safety-First,0.21462750120428853,0.23976978781054242,0.22719864450741548,0.08749999999999998,0.125,0.25,0.25
substation,23,Comfort-First,0.2860346712828789,0.35828977157367264,0.32216222142827583,0.02666666666666667,0.02666666666666667,0.16666666666666666,0.0
substation,23,VR Guardian,0.27936800461621225,0.36745643824033924,0.3234122214282758,0.017500000000000005,0.012500000000000002,0.25,0.0
substation,24,Fixed Training,0.33632508895141505,0.37543527247432196,0.3558801807128685,0.0,0.0,0.0,0.0
substation,24,Safety-First,0.20225374089209425,0.2263736293351224,0.21431368511360835,0.09625,0.1375,0.275,0.275
substation,24,Comfort-First,0.288325088951415,0.36043527247432194,0.32438018071286845,0.024,0.024,0.15,0.0
substation,24,VR Guardian,0.270325088951415,0.367185272474322,0.31875518071286846,0.019250000000000003,0.01375,0.275,0.0
substation,25,Fixed Training,0.33393130594779613,0.372645150560876,0.3532882282543361,0.0,0.0,0.0,0.0
substation,25,Safety-First,0.21166531475543066,0.24240596984582155,0.22703564230062606,0.08458333333333332,0.12083333333333333,0.24166666666666667,0.24166666666666667
substation,25,Comfort-First,0.2885979726144628,0.3584784838942093,0.32353822825433604,0.022666666666666665,0.022666666666666665,0.14166666666666666,0.0
substation,25,VR Guardian,0.2759313059477961,0.36539515056087596,0.320663228254336,0.01691666666666667,0.012083333333333335,0.24166666666666667,0.0
substation,26,Fixed Training,0.33366459968005807,0.38131525776343855,0.3574899287217483,0.0,0.0,0.0,0.0
substation,26,Safety-First,0.21581962527789855,0.2504130973232122,0.23311636130055538,0.08458333333333332,0.12083333333333333,0.24166666666666667,0.24166666666666667
substation,26,Comfort-First,0.28833126634672473,0.3671485910967719,0.32773992872174834,0.022666666666666665,0.022666666666666665,0.14166666666666666,0.0
substation,26,VR Guardian,0.27566459968005813,0.3740652577634385,0.3248649287217483,0.01691666666666667,0.012083333333333335,0.24166666666666667,0.0
substation,27,Fixed Training,0.3400918880551083,0.385863906726856,0.3629778973909822,0.0,0.0,0.0,0.0
substation,27,Safety-First,0.21910520691667712,0.255114661375416,0.23710993414604656,0.08458333333333332,0.12083333333333333,0.24166666666666667,0.24166666666666667
substation,27,Comfort-First,0.2894252213884416,0.37003057339352263,0.3297278973909822,0.025333333333333333,0.025333333333333333,0.15833333333333333,0.0
substation,27,VR Guardian,0.2820918880551083,0.37861390672685596,0.33035289739098217,0.01691666666666667,0.012083333333333335,0.24166666666666667,0.0
substation,28,Fixed Training,0.33203942854135515,0.3755691367326469,0.35380428263700103,0.0,0.0,0.0,0.0
substation,28,Safety-First,0.19309669337042776,0.2221678101219973,0.20763225174621258,0.09916666666666665,0.14166666666666666,0.2833333333333333,0.2833333333333333
substation,28,Comfort-First,0.2733727618746885,0.35723580339931355,0.31530428263700105,0.029333333333333333,0.029333333333333333,0.18333333333333332,0.0
substation,28,VR Guardian,0.26403942854135515,0.3670691367326469,0.31555428263700097,0.019833333333333335,0.014166666666666668,0.2833333333333333,0.0
substation,29,Fixed Training,0.33308640627026265,0.37357103626059995,0.35332872126543136,0.0,0.0,0.0,0.0
substation,29,Safety-First,0.20663095721092606,0.23901756970071913,0.2228242634558226,0.08749999999999998,0.125,0.25,0.25
substation,29,Comfort-First,0.2770864062702627,0.35607103626059994,0.3165787212654313,0.028000000000000004,0.028000000000000004,0.175,0.0
substation,29,VR Guardian,0.2730864062702627,0.3660710362605999,0.3195787212654313,0.017500000000000005,0.012500000000000002,0.25,0.0
substation,30,Fixed Training,0.3372993388629181,0.38624723285054935,0.3617732858567337,0.0,0.0,0.0,0.0
substation,30,Safety-First,0.21533174470695424,0.24910681172614008,0.2322192782165472,0.08749999999999998,0.125,0.25,0.25
substation,30,Comfort-First,0.2972993388629181,0.37374723285054934,0.33552328585673374,0.020000000000000004,0.020000000000000004,0.125,0.0
substation,30,VR Guardian,0.2772993388629181,0.3787472328505494,0.32802328585673374,0.017500000000000005,0.012500000000000002,0.25,0.0
substation,31,Fixed Training,0.3390641778998316,0.37918402698002523,0.3591241024399284,0.0,0.0,0.0,0.0
substation,31,Safety-First,0.22785703875427626,0.262528915868146,0.24519297731121106,0.07583333333333332,0.10833333333333334,0.21666666666666667,0.21666666666666667
substation,31,Comfort-First,0.2803975112331649,0.360850693646692,0.32062410243992845,0.029333333333333333,0.029333333333333333,0.18333333333333332,0.0
substation,31,VR Guardian,0.2870641778998317,0.3726840269800254,0.3298741024399285,0.015166666666666669,0.010833333333333335,0.21666666666666667,0.0
substation,32,Fixed Training,0.34279410449810427,0.3817646096578777,0.36227935707799097,0.0,0.0,0.0,0.0
substation,32,Safety-First,0.21647772407117294,0.24108828017546677,0.22878300212331984,0.09041666666666666,0.12916666666666668,0.25833333333333336,0.25833333333333336
substation,32,Comfort-First,0.2947941044981043,0.3667646096578777,0.33077935707799094,0.024,0.024,0.15,0.0
substation,32,VR Guardian,0.28079410449810427,0.37401460965787775,0.327404357077991,0.018083333333333333,0.012916666666666667,0.25833333333333336,0.0
substation,33,Fixed Training,0.33713715499905206,0.37884895474635794,0.357993054872705,0.0,0.0,0.0,0.0
substation,33,Safety-First,0.21381560361454272,0.24299435342352288,0.22840497851903277,0.08749999999999998,0.125,0.25,0.25
substation,33,Comfort-First,0.2864704883323854,0.3630156214130247,0.32474305487270505,0.025333333333333333,0.025333333333333333,0.15833333333333333,0.0
substation,33,VR Guardian,0.2771371549990521,0.371348954746358,0.324243054872705,0.017500000000000005,0.012500000000000002,0.25,0.0
substation,34,Fixed Training,0.3323649540586407,0.38147961025704596,0.35692228215784333,0.0,0.0,0.0,0.0
substation,34,Safety-First,0.20530375403018167,0.24006931167947437,0.22268653285482803,0.09041666666666666,0.12916666666666668,0.25833333333333336,0.25833333333333336
substation,34,Comfort-First,0.2790316207253073,0.36481294359037925,0.3219222821578433,0.02666666666666667,0.02666666666666667,0.16666666666666666,0.0
substation,34,VR Guardian,0.2703649540586407,0.373729610257046,0.3220472821578433,0.018083333333333337,0.012916666666666667,0.25833333333333336,0.0
substation,35,Fixed Training,0.33680266096831973,0.374447360057072,0.35562501051269585,0.0,0.0,0.0,0.0
substation,35,Safety-First,0.21489674237980042,0.2381757484661988,0.2265362454229996,0.0875,0.125,0.25,0.25
substation,35,Comfort-First,0.2861359943016531,0.3586140267237387,0.32237501051269585,0.025333333333333333,0.025333333333333333,0.15833333333333333,0.0
substation,35,VR Guardian,0.27680266096831974,0.36694736005707196,0.32187501051269585,0.0175,0.0125,0.25,0.0
substation,36,Fixed Training,0.3382834286424871,0.3889265540047246,0.36360499132360585,0.0,0.0,0.0,0.0
substation,36,Safety-First,0.20259593892760447,0.23864654527956758,0.220621242103586,0.09624999999999999,0.1375,0.275,0.275
substation,36,Comfort-First,0.27961676197582036,0.3705932206713913,0.3251049913236058,0.029333333333333336,0.029333333333333336,0.18333333333333332,0.0
substation,36,VR Guardian,0.27228342864248706,0.3806765540047246,0.3264799913236058,0.019250000000000003,0.013750000000000002,0.275,0.0
substation,37,Fixed Training,0.3366440199996986,0.3769271973437724,0.3567856086717356,0.0,0.0,0.0,0.0
substation,37,Safety-First,0.20054636733475045,0.23136460337496437,0.2159554853548574,0.09333333333333332,0.13333333333333333,0.26666666666666666,0.26666666666666666
substation,37,Comfort-First,0.277977353333032,0.35859386401043913,0.31828560867173555,0.029333333333333336,0.029333333333333336,0.18333333333333332,0.0
substation,37,VR Guardian,0.2726440199996986,0.36892719734377244,0.3207856086717355,0.018666666666666668,0.013333333333333334,0.26666666666666666,0.0
substation,38,Fixed Training,0.33342704940972595,0.37195090604209174,0.35268897772590885,0.0,0.0,0.0,0.0
substation,38,Safety-First,0.21636303939023196,0.24585298124724886,0.23110801031874043,0.08166666666666665,0.11666666666666667,0.23333333333333334,0.23333333333333334
substation,38,Comfort-First,0.2854270494097261,0.35695090604209173,0.3211889777259089,0.024,0.024,0.15,0.0
substation,38,VR Guardian,0.27742704940972607,0.3649509060420917,0.3211889777259089,0.016333333333333335,0.011666666666666667,0.23333333333333334,0.0
substation,39,Fixed Training,0.3326877991689774,0.37661497116960885,0.3546513851692931,0.0,0.0,0.0,0.0
substation,39,Safety-First,0.22159357018104806,0.25091761480226427,0.23625559249165615,0.08166666666666668,0.11666666666666667,0.23333333333333334,0.23333333333333334
substation,39,Comfort-First,0.29268779916897736,0.36411497116960884,0.32840138516929307,0.02,0.02,0.125,0.0
substation,39,VR Guardian,0.27668779916897734,0.36961497116960884,0.3231513851692931,0.016333333333333335,0.011666666666666665,0.23333333333333334,0.0
mining,0,Fixed Training,0.32190372942095824,0.37796723575260877,0.34993548258678353,0.0,0.0,0.0,0.0
mining,0,Safety-First,0.19432016588755568,0.23906781462808296,0.21669399025781935,0.09041666666666666,0.12916666666666668,0.25833333333333336,0.25833333333333336
mining,0,Comfort-First,0.27657039608762496,0.36380056908594216,0.3201854825867835,0.022666666666666665,0.022666666666666665,0.14166666666666666,0.0
mining,0,VR Guardian,0.25990372942095824,0.3702172357526088,0.31506048258678354,0.018083333333333337,0.012916666666666667,0.25833333333333336,0.0
mining,1,Fixed Training,0.3174623444417223,0.38225405969620035,0.3498582020689613,0.0,0.0,0.0,0.0
mining,1,Safety-First,0.19172676874577388,0.24662719452509924,0.2191769816354365,0.0875,0.125,0.25,0.25
mining,1,Comfort-First,0.264129011108389,0.3655873930295337,0.3148582020689613,0.02666666666666667,0.02666666666666667,0.16666666666666666,0.0
mining,1,VR Guardian,0.2574623444417223,0.3747540596962003,0.31610820206896134,0.017500000000000005,0.0125,0.25,0.0
mining,2,Fixed Training,0.32155403753988654,0.3860213256978779,0.3537876816188822,0.0,0.0,0.0,0.0
mining,2,Safety-First,0.19861623849156498,0.2540731827596749,0.22634471062561992,0.08458333333333332,0.12083333333333333,0.24166666666666667,0.24166666666666667
mining,2,Comfort-First,0.26822070420655314,0.36935465903121123,0.3187876816188822,0.02666666666666667,0.02666666666666667,0.16666666666666666,0.0
mining,2,VR Guardian,0.26355403753988654,0.37877132569787786,0.32116268161888223,0.01691666666666667,0.012083333333333335,0.24166666666666667,0.0
mining,3,Fixed Training,0.31361356262235085,0.3817643410698196,0.3476889518460852,0.0,0.0,0.0,0.0
mining,3,Safety-First,0.1959511650368239,0.2508253203548663,0.22338824269584512,0.08458333333333332,0.12083333333333333,0.24166666666666667,0.24166666666666667
mining,3,Comfort-First,0.26828022928901757,0.36759767440315294,0.3179389518460852,0.022666666666666665,0.022666666666666665,0.14166666666666666,0.0
mining,3,VR Guardian,0.25561356262235085,0.3745143410698196,0.3150639518460852,0.01691666666666667,0.012083333333333335,0.24166666666666667,0.0
mining,4,Fixed Training,0.31534477234177155,0.38441779493809225,0.3498812836399319,0.0,0.0,0.0,0.0
mining,4,Safety-First,0.2050532017482266,0.266353019320459,0.23570311053434284,0.07583333333333334,0.10833333333333334,0.21666666666666667,0.21666666666666667
mining,4,Comfort-First,0.26467810567510486,0.36858446160475894,0.31663128363993187,0.025333333333333333,0.025333333333333333,0.15833333333333333,0.0
mining,4,VR Guardian,0.26334477234177156,0.37791779493809224,0.3206312836399319,0.015166666666666669,0.010833333333333334,0.21666666666666667,0.0
mining,5,Fixed Training,0.3256020004552449,0.3848285346020742,0.3552152675286596,0.0,0.0,0.0,0.0
mining,5,Safety-First,0.19974840508000793,0.24889858158579528,0.2243234933329016,0.0875,0.125,0.25,0.25
mining,5,Comfort-First,0.2696020004552449,0.36732853460207426,0.31846526752865956,0.028000000000000004,0.028000000000000004,0.175,0.0
mining,5,VR Guardian,0.26560200045524496,0.3773285346020742,0.3214652675286596,0.017500000000000005,0.0125,0.25,0.0
mining,6,Fixed Training,0.3144070183493313,0.3790483818162135,0.3467277000827724,0.0,0.0,0.0,0.0
mining,6,Safety-First,0.1963129746532407,0.2522937214282451,0.2243033480407429,0.08166666666666665,0.11666666666666667,0.23333333333333334,0.23333333333333334
mining,6,Comfort-First,0.2637403516826647,0.36321504848288017,0.31347770008277237,0.025333333333333333,0.025333333333333333,0.15833333333333333,0.0
mining,6,VR Guardian,0.25840701834933133,0.37204838181621347,0.3152277000827724,0.016333333333333335,0.011666666666666667,0.23333333333333334,0.0
mining,7,Fixed Training,0.3190852080727743,0.38729219753313565,0.35318870280295495,0.0,0.0,0.0,0.0
mining,7,Safety-First,0.186923937359187,0.24270768898741107,0.21481581317329906,0.09333333333333332,0.13333333333333333,0.26666666666666666,0.26666666666666666
mining,7,Comfort-First,0.2630852080727743,0.3697921975331357,0.31643870280295494,0.028,0.028,0.175,0.0
mining,7,VR Guardian,0.25508520807277435,0.37929219753313553,0.31718870280295497,0.018666666666666668,0.013333333333333334,0.26666666666666666,0.0
mining,8,Fixed Training,0.31774904107798946,0.3842417261465109,0.35099538361225024,0.0,0.0,0.0,0.0
mining,8,Safety-First,0.18722489372375234,0.23583751612273982,0.2115312049232461,0.09625,0.1375,0.275,0.275
mining,8,Comfort-First,0.28041570774465613,0.37257505947984426,0.3264953836122502,0.018666666666666668,0.018666666666666668,0.11666666666666667,0.0
mining,8,VR Guardian,0.25174904107798945,0.3759917261465109,0.3138703836122502,0.019250000000000003,0.01375,0.275,0.0
mining,9,Fixed Training,0.31365035509933825,0.38419917502819995,0.3489247650637691,0.0,0.0,0.0,0.0
mining,9,Safety-First,0.18404479670935991,0.2452984857657969,0.2146716412375784,0.09041666666666666,0.12916666666666668,0.25833333333333336,0.25833333333333336
mining,9,Comfort-First,0.26298368843267156,0.3683658416948667,0.3156747650637692,0.025333333333333333,0.025333333333333333,0.15833333333333333,0.0
mining,9,VR Guardian,0.25165035509933825,0.3764491750282001,0.31404976506376914,0.018083333333333333,0.012916666666666667,0.25833333333333336,0.0
mining,10,Fixed Training,0.3139636800419347,0.3810841471552736,0.3475239135986042,0.0,0.0,0.0,0.0
mining,10,Safety-First,0.19776947017389757,0.2579802813768282,0.22787487577536283,0.07875,0.1125,0.225,0.225
mining,10,Comfort-First,0.263297013375268,0.3652508138219403,0.3142739135986041,0.025333333333333333,0.025333333333333333,0.15833333333333333,0.0
mining,10,VR Guardian,0.25996368004193465,0.3743341471552737,0.3171489135986042,0.01575,0.011250000000000001,0.225,0.0
mining,11,Fixed Training,0.3213068676662785,0.38814487248845897,0.3547258700773687,0.0,0.0,0.0,0.0
mining,11,Safety-First,0.18335403866172756,0.23435431097157167,0.2088541748166496,0.09916666666666665,0.14166666666666666,0.2833333333333333,0.2833333333333333
mining,11,Comfort-First,0.2706402009996118,0.37231153915512566,0.3214758700773687,0.025333333333333333,0.025333333333333333,0.15833333333333333,0.0
mining,11,VR Guardian,0.25330686766627847,0.37964487248845896,0.3164758700773687,0.019833333333333335,0.014166666666666668,0.2833333333333333,0.0
mining,12,Fixed Training,0.3247586894997688,0.3854957893369119,0.35512723941834035,0.0,0.0,0.0,0.0
mining,12,Safety-First,0.18305064300388024,0.23391980907179005,0.20848522603783512,0.09916666666666665,0.14166666666666666,0.2833333333333333,0.2833333333333333
mining,12,Comfort-First,0.26342535616643553,0.36632912267024526,0.3148772394183404,0.03066666666666667,0.03066666666666667,0.19166666666666668,0.0
mining,12,VR Guardian,0.2567586894997689,0.37699578933691186,0.3168772394183404,0.019833333333333335,0.014166666666666668,0.2833333333333333,0.0
mining,13,Fixed Training,0.319926453747629,0.3876868033789364,0.3538066285632827,0.0,0.0,0.0,0.0
mining,13,Safety-First,0.19421842557074473,0.25066157489790436,0.22244000023432456,0.0875,0.125,0.25,0.25
mining,13,Comfort-First,0.26392645374762896,0.37018680337893645,0.31705662856328265,0.028000000000000004,0.028000000000000004,0.175,0.0
mining,13,VR Guardian,0.25992645374762896,0.3801868033789365,0.32005662856328265,0.0175,0.0125,0.25,0.0
mining,14,Fixed Training,0.31743153466844365,0.3836025039217261,0.3505170192950849,0.0,0.0,0.0,0.0
mining,14,Safety-First,0.20037349557884335,0.25814784134068247,0.22926066845976295,0.08166666666666668,0.11666666666666667,0.23333333333333334,0.23333333333333334
mining,14,Comfort-First,0.266764868001777,0.3677691705883928,0.3172670192950849,0.025333333333333333,0.025333333333333333,0.15833333333333333,0.0
mining,14,VR Guardian,0.26143153466844365,0.3766025039217261,0.3190170192950849,0.016333333333333335,0.011666666666666665,0.23333333333333334,0.0
mining,15,Fixed Training,0.31900587239376166,0.38287988667761463,0.3509428795356882,0.0,0.0,0.0,0.0
mining,15,Safety-First,0.19066568294888447,0.24201556427807297,0.21634062361347872,0.09041666666666666,0.12916666666666668,0.25833333333333336,0.25833333333333336
mining,15,Comfort-First,0.27900587239376173,0.3703798866776147,0.3246928795356882,0.02,0.02,0.125,0.0
mining,15,VR Guardian,0.2570058723937617,0.3751298866776146,0.3160678795356882,0.018083333333333333,0.012916666666666667,0.25833333333333336,0.0
mining,16,Fixed Training,0.32359150600606046,0.38407695703410005,0.3538342315200803,0.0,0.0,0.0,0.0
mining,16,Safety-First,0.2091213899255671,0.26544289806220156,0.23728214399388434,0.07583333333333332,0.10833333333333334,0.21666666666666667,0.21666666666666667
mining,16,Comfort-First,0.2675915060060605,0.36657695703410004,0.3170842315200803,0.028000000000000004,0.028000000000000004,0.175,0.0
mining,16,VR Guardian,0.27159150600606047,0.37757695703410005,0.32458423152008026,0.015166666666666669,0.010833333333333335,0.21666666666666667,0.0
mining,17,Fixed Training,0.3200007914998546,0.38461981377848875,0.3523103026391717,0.0,0.0,0.0,0.0
mining,17,Safety-First,0.1971564536204355,0.24896580420869527,0.22306112891456537,0.0875,0.125,0.25,0.25
mining,17,Comfort-First,0.26933412483318797,0.3687864804451554,0.3190603026391717,0.025333333333333333,0.025333333333333333,0.15833333333333333,0.0
mining,17,VR Guardian,0.26000079149985467,0.37711981377848874,0.31856030263917173,0.017500000000000005,0.0125,0.25,0.0
mining,18,Fixed Training,0.31688205280491955,0.37992892994934474,0.34840549137713217,0.0,0.0,0.0,0.0
mining,18,Safety-First,0.20099265189509524,0.25320318477979303,0.2270979183374441,0.08166666666666665,0.11666666666666667,0.23333333333333334,0.23333333333333334
mining,18,Comfort-First,0.27154871947158626,0.3657622632826781,0.3186554913771321,0.022666666666666665,0.022666666666666665,0.14166666666666666,0.0
mining,18,VR Guardian,0.26088205280491955,0.37292892994934473,0.31690549137713214,0.016333333333333335,0.011666666666666667,0.23333333333333334,0.0
mining,19,Fixed Training,0.32678285234709414,0.378490657516224,0.352636754931659,0.0,0.0,0.0,0.0
mining,19,Safety-First,0.19335573296708888,0.24009715233145001,0.21672644264926946,0.09041666666666666,0.12916666666666668,0.25833333333333336,0.25833333333333336
mining,19,Comfort-First,0.2654495190137608,0.3593239908495573,0.3123867549316591,0.03066666666666667,0.03066666666666667,0.19166666666666668,0.0
mining,19,VR Guardian,0.26478285234709414,0.370740657516224,0.31776175493165904,0.018083333333333333,0.012916666666666667,0.25833333333333336,0.0
mining,20,Fixed Training,0.32155518840788205,0.3824378911476784,0.35199653977778017,0.0,0.0,0.0,0.0
mining,20,Safety-First,0.19781484151182482,0.2517586914162039,0.22478676646401438,0.08458333333333332,0.12083333333333333,0.24166666666666667,0.24166666666666667
mining,20,Comfort-First,0.2682218550745487,0.36577122448101174,0.3169965397777802,0.02666666666666667,0.02666666666666667,0.16666666666666666,0.0
mining,20,VR Guardian,0.26355518840788206,0.37518789114767837,0.3193715397777802,0.01691666666666667,0.012083333333333335,0.24166666666666667,0.0
mining,21,Fixed Training,0.32712477613807844,0.3933058530798418,0.36021531460896017,0.0,0.0,0.0,0.0
mining,21,Safety-First,0.18840655454279223,0.24321118270784664,0.21580886862531942,0.09625,0.1375,0.275,0.275
mining,21,Comfort-First,0.27912477613807846,0.3783058530798417,0.3287153146089601,0.024,0.024,0.15,0.0
mining,21,VR Guardian,0.2611247761380785,0.38505585307984175,0.3230903146089601,0.019250000000000003,0.01375,0.275,0.0
mining,22,Fixed Training,0.31744330292784534,0.38436123231603947,0.3509022676219424,0.0,0.0,0.0,0.0
mining,22,Safety-First,0.20196776685793277,0.2624706563400102,0.2322192115989715,0.07875,0.1125,0.225,0.225
mining,22,Comfort-First,0.2614433029278453,0.36686123231603945,0.31415226762194237,0.028000000000000004,0.028000000000000004,0.175,0.0
mining,22,VR Guardian,0.2634433029278453,0.37761123231603944,0.3205272676219424,0.01575,0.011250000000000001,0.225,0.0
mining,23,Fixed Training,0.31940332252944176,0.38105063109712317,0.35022697681328246,0.0,0.0,0.0,0.0
mining,23,Safety-First,0.1956164986364021,0.2477559940568721,0.2216862463466371,0.0875,0.125,0.25,0.25
mining,23,Comfort-First,0.2714033225294417,0.36605063109712316,0.31872697681328244,0.024,0.024,0.15,0.0
mining,23,VR Guardian,0.25940332252944176,0.3735506310971231,0.31647697681328246,0.0175,0.0125,0.25,0.0
mining,24,Fixed Training,0.32122591103219983,0.3802824815054719,0.35075419626883586,0.0,0.0,0.0,0.0
mining,24,Safety-First,0.20837952561776396,0.25808927946050725,0.2332344025391356,0.07875,0.1125,0.225,0.225
mining,24,Comfort-First,0.2705592443655332,0.36444914817213864,0.3175041962688358,0.025333333333333333,0.025333333333333333,0.15833333333333333,0.0
mining,24,VR Guardian,0.2672259110321998,0.37353248150547186,0.3203791962688358,0.01575,0.011250000000000001,0.225,0.0
mining,25,Fixed Training,0.32304958495242975,0.38481394603405883,0.3539317654932443,0.0,0.0,0.0,0.0
mining,25,Safety-First,0.1930032697494507,0.24419433176024916,0.2185988007548499,0.09041666666666666,0.12916666666666668,0.25833333333333336,0.25833333333333336
mining,25,Comfort-First,0.2643829182857631,0.3664806127007255,0.31543176549324425,0.029333333333333333,0.029333333333333333,0.18333333333333332,0.0
mining,25,VR Guardian,0.26104958495242975,0.37706394603405885,0.3190567654932443,0.018083333333333333,0.012916666666666667,0.25833333333333336,0.0
mining,26,Fixed Training,0.30496161184241616,0.37485895748766523,0.3399102846650407,0.0,0.0,0.0,0.0
mining,26,Safety-First,0.19493022562711626,0.2538442417104411,0.2243872336687787,0.07875,0.1125,0.225,0.225
mining,26,Comfort-First,0.2649616118424162,0.3623589574876653,0.3136602846650407,0.02,0.02,0.125,0.0
mining,26,VR Guardian,0.25096161184241617,0.36810895748766526,0.30953528466504066,0.01575,0.011250000000000001,0.225,0.0
mining,27,Fixed Training,0.3149874362849992,0.3771276597618282,0.34605754802341365,0.0,0.0,0.0,0.0
mining,27,Safety-First,0.19764379755053246,0.25123291612697707,0.22443835683875477,0.08166666666666665,0.11666666666666667,0.23333333333333334,0.23333333333333334
mining,27,Comfort-First,0.2669874362849992,0.36212765976182826,0.31455754802341374,0.024,0.024,0.15,0.0
mining,27,VR Guardian,0.2592030223984479,0.3701276597618282,0.3146653410801381,0.016333333333333335,0.011666666666666667,0.23333333333333334,0.0
mining,28,Fixed Training,0.31258215620926594,0.38224936589071573,0.34741576104999083,0.0,0.0,0.0,0.0
mining,28,Safety-First,0.1971213063135833,0.25534535066535735,0.22623332848947028,0.08166666666666668,0.11666666666666667,0.23333333333333334,0.23333333333333334
mining,28,Comfort-First,0.27258215620926596,0.3697493658907157,0.32116576104999084,0.02,0.02,0.125,0.0
mining,28,VR Guardian,0.25658215620926594,0.3752493658907157,0.3159157610499908,0.016333333333333335,0.011666666666666665,0.23333333333333334,0.0
mining,29,Fixed Training,0.31855321312168944,0.38834283845491874,0.35344802578830414,0.0,0.0,0.0,0.0
mining,29,Safety-First,0.17164863645670075,0.2270736927362297,0.19936116459646527,0.105,0.15,0.3,0.3
mining,29,Comfort-First,0.25988654645502274,0.3700095051215854,0.3149480257883041,0.029333333333333336,0.029333333333333336,0.18333333333333332,0.0
mining,29,VR Guardian,0.2465532131216894,0.3793428384549188,0.3129480257883041,0.021000000000000005,0.015000000000000003,0.3,0.0
mining,30,Fixed Training,0.3253987594460775,0.3908220948175243,0.3581104271318009,0.0,0.0,0.0,0.0
mining,30,Safety-First,0.19317146993293063,0.24520886607707307,0.21919016800500182,0.09333333333333332,0.13333333333333333,0.26666666666666666,0.26666666666666666
mining,30,Comfort-First,0.26673209277941085,0.37248876148419097,0.3196104271318009,0.029333333333333333,0.029333333333333333,0.18333333333333332,0.0
mining,30,VR Guardian,0.2613987594460775,0.3828220948175243,0.3221104271318009,0.018666666666666668,0.013333333333333334,0.26666666666666666,0.0
mining,31,Fixed Training,0.31741619343905625,0.3757269397963148,0.3465715666176855,0.0,0.0,0.0,0.0
mining,31,Safety-First,0.1782621344024198,0.22370682375807685,0.20098447908024836,0.09916666666666665,0.14166666666666666,0.2833333333333333,0.2833333333333333
mining,31,Comfort-First,0.26408286010572296,0.35906027312964817,0.3115715666176856,0.02666666666666667,0.02666666666666667,0.16666666666666666,0.0
mining,31,VR Guardian,0.24941619343905624,0.3672269397963148,0.3083215666176855,0.01983333333333333,0.014166666666666668,0.2833333333333333,0.0
mining,32,Fixed Training,0.32016650859539353,0.38250802045979465,0.3513372645275941,0.0,0.0,0.0,0.0
mining,32,Safety-First,0.1919388808182216,0.24222412377048302,0.2170815022943523,0.09041666666666666,0.12916666666666668,0.25833333333333336,0.25833333333333336
mining,32,Comfort-First,0.27216650859539354,0.3675080204597947,0.31983726452759415,0.024,0.024,0.15,0.0
mining,32,VR Guardian,0.25816650859539353,0.37475802045979467,0.3164622645275941,0.018083333333333337,0.012916666666666667,0.25833333333333336,0.0
mining,33,Fixed Training,0.31561168140094115,0.382462125832877,0.3490369036169091,0.0,0.0,0.0,0.0
mining,33,Safety-First,0.1835681652148705,0.23331341026960012,0.20844078774223532,0.09624999999999999,0.1375,0.275,0.275
mining,33,Comfort-First,0.26227834806760775,0.3657954591662103,0.31403690361690906,0.02666666666666667,0.02666666666666667,0.16666666666666666,0.0
mining,33,VR Guardian,0.24961168140094112,0.37421212583287705,0.311911903616909,0.019250000000000003,0.013750000000000002,0.275,0.0
mining,34,Fixed Training,0.31881827478604435,0.3750203007351022,0.3469192877605733,0.0,0.0,0.0,0.0
mining,34,Safety-First,0.1852285355735187,0.22584467707936534,0.205536606326442,0.09624999999999999,0.1375,0.275,0.275
mining,34,Comfort-First,0.2708182747860445,0.36002030073510216,0.31541928776057326,0.024,0.024,0.15,0.0
mining,34,VR Guardian,0.2528182747860444,0.3667703007351022,0.30979428776057333,0.019250000000000003,0.013750000000000002,0.275,0.0
mining,35,Fixed Training,0.31313812511099853,0.38046743446226955,0.34680277978663404,0.0,0.0,0.0,0.0
mining,35,Safety-First,0.1957357700463448,0.25015588128725846,0.22294582566680166,0.08458333333333332,0.12083333333333333,0.24166666666666667,0.24166666666666667
mining,35,Comfort-First,0.2784714584443319,0.36963410112893624,0.3240527797866341,0.017333333333333333,0.017333333333333333,0.10833333333333334,0.0
mining,35,VR Guardian,0.2551381251109986,0.37321743446226957,0.3141777797866341,0.01691666666666667,0.012083333333333335,0.24166666666666667,0.0
mining,36,Fixed Training,0.31793815301567274,0.3855780743015537,0.3517581136586132,0.0,0.0,0.0,0.0
mining,36,Safety-First,0.19815148584146075,0.25569653519063196,0.22692401051604635,0.08458333333333333,0.12083333333333333,0.24166666666666667,0.24166666666666667
mining,36,Comfort-First,0.2672714863490061,0.36974474096822035,0.31850811365861326,0.025333333333333333,0.025333333333333333,0.15833333333333333,0.0
mining,36,VR Guardian,0.25993815301567275,0.37832807430155374,0.3191331136586132,0.01691666666666667,0.012083333333333333,0.24166666666666667,0.0
mining,37,Fixed Training,0.31646274989150747,0.37920316716317,0.3478329585273387,0.0,0.0,0.0,0.0
mining,37,Safety-First,0.18703645778852993,0.23927240781914752,0.21315443280383875,0.09041666666666665,0.12916666666666668,0.25833333333333336,0.25833333333333336
mining,37,Comfort-First,0.2604627498915075,0.36170316716316997,0.31108295852733875,0.028000000000000004,0.028000000000000004,0.175,0.0
mining,37,VR Guardian,0.25446274989150747,0.37145316716317,0.3129579585273387,0.018083333333333337,0.012916666666666668,0.25833333333333336,0.0
mining,38,Fixed Training,0.3152281789423314,0.3848681513782169,0.35004816516027415,0.0,0.0,0.0,0.0
mining,38,Safety-First,0.17929450543884012,0.23016418049043424,0.20472934296463716,0.09916666666666665,0.14166666666666666,0.2833333333333333,0.2833333333333333
mining,38,Comfort-First,0.26189484560899806,0.36820148471155023,0.3150481651602741,0.02666666666666667,0.02666666666666667,0.16666666666666666,0.0
mining,38,VR Guardian,0.24722817894233137,0.37636815137821694,0.31179816516027414,0.019833333333333335,0.014166666666666668,0.2833333333333333,0.0
mining,39,Fixed Training,0.30785441070750796,0.37740245850599463,0.3426284346067513,0.0,0.0,0.0,0.0
mining,39,Safety-First,0.20217518542019483,0.26037990695988233,0.2312775461900386,0.07583333333333334,0.10833333333333334,0.21666666666666667,0.21666666666666667
mining,39,Comfort-First,0.27318774404084134,0.3665691251726612,0.31987843460675136,0.017333333333333333,0.017333333333333333,0.10833333333333334,0.0
mining,39,VR Guardian,0.255854410707508,0.3709024585059946,0.31337843460675135,0.015166666666666667,0.010833333333333334,0.21666666666666667,0.0
oil_gas,0,Fixed Training,0.3171289591537849,0.3681337868091416,0.34263137298146323,0.0,0.0,0.0,0.0
oil_gas,0,Safety-First,0.19760912052639865,0.23691220797934484,0.21726066425287177,0.08458333333333332,0.12083333333333333,0.24166666666666667,0.24166666666666667
oil_gas,0,Comfort-First,0.27446229248711823,0.3548004534758082,0.31463137298146315,0.021333333333333333,0.021333333333333333,0.13333333333333333,0.0
oil_gas,0,VR Guardian,0.2591289591537849,0.3608837868091415,0.31000637298146316,0.01691666666666667,0.012083333333333335,0.24166666666666667,0.0
oil_gas,1,Fixed Training,0.3162509797136187,0.37139156790043454,0.34382127380702665,0.0,0.0,0.0,0.0
oil_gas,1,Safety-First,0.18994219706484214,0.23181674633529026,0.2108794717000662,0.09041666666666666,0.12916666666666668,0.25833333333333336,0.25833333333333336
oil_gas,1,Comfort-First,0.26558431304695207,0.35555823456710123,0.31057127380702665,0.025333333333333333,0.025333333333333333,0.15833333333333333,0.0
oil_gas,1,VR Guardian,0.2542509797136187,0.36364156790043456,0.3089462738070266,0.018083333333333337,0.012916666666666667,0.25833333333333336,0.0
oil_gas,2,Fixed Training,0.32368144650970404,0.37485915008843357,0.3492702982990688,0.0,0.0,0.0,0.0
oil_gas,2,Safety-First,0.17035173357668407,0.20400350195867667,0.18717761776768035,0.11083333333333334,0.15833333333333333,0.31666666666666665,0.31666666666666665
oil_gas,2,Comfort-First,0.26234811317637063,0.3556924834217669,0.3090202982990688,0.03066666666666667,0.03066666666666667,0.19166666666666668,0.0
oil_gas,2,VR Guardian,0.247681446509704,0.36535915008843356,0.30652029829906874,0.022166666666666668,0.015833333333333335,0.31666666666666665,0.0
oil_gas,3,Fixed Training,0.32548428545680136,0.3696431658798634,0.3475637256683324,0.0,0.0,0.0,0.0
oil_gas,3,Safety-First,0.2016280289264362,0.23295469676943098,0.21729136284793363,0.0875,0.125,0.25,0.25
oil_gas,3,Comfort-First,0.280150952123468,0.3554764992131967,0.3178137256683324,0.022666666666666665,0.022666666666666665,0.14166666666666666,0.0
oil_gas,3,VR Guardian,0.26548428545680136,0.3621431658798634,0.3138137256683323,0.0175,0.0125,0.25,0.0
oil_gas,4,Fixed Training,0.33129086227278337,0.3687695103179698,0.35003018629537663,0.0,0.0,0.0,0.0
oil_gas,4,Safety-First,0.19803453046920183,0.23066325147049965,0.21434889096985074,0.09041666666666665,0.12916666666666668,0.25833333333333336,0.25833333333333336
oil_gas,4,Comfort-First,0.25929086227278336,0.3462695103179698,0.3027801862953766,0.036000000000000004,0.036000000000000004,0.225,0.0
oil_gas,4,VR Guardian,0.2692908622727834,0.36101951031796986,0.31515518629537664,0.018083333333333337,0.012916666666666668,0.25833333333333336,0.0
oil_gas,5,Fixed Training,0.3236611883589423,0.37162163277415805,0.3476414105665502,0.0,0.0,0.0,0.0
oil_gas,5,Safety-First,0.1931966055961895,0.23123216396745558,0.2122143847818225,0.09041666666666666,0.12916666666666668,0.25833333333333336,0.25833333333333336
oil_gas,5,Comfort-First,0.26499452169227566,0.35328829944082474,0.30914141056655015,0.029333333333333336,0.029333333333333336,0.18333333333333332,0.0
oil_gas,5,VR Guardian,0.2616611883589423,0.363871632774158,0.31276641056655025,0.018083333333333333,0.012916666666666667,0.25833333333333336,0.0
oil_gas,6,Fixed Training,0.3241795650203763,0.368850618411342,0.3465150917158591,0.0,0.0,0.0,0.0
oil_gas,6,Safety-First,0.20356269822440395,0.23948881711528897,0.22152575766984645,0.08458333333333332,0.12083333333333333,0.24166666666666667,0.24166666666666667
oil_gas,6,Comfort-First,0.27084623168704297,0.3521839517446753,0.31151509171585917,0.02666666666666667,0.02666666666666667,0.16666666666666666,0.0
oil_gas,6,VR Guardian,0.26617956502037626,0.3616006184113419,0.3138900917158592,0.01691666666666667,0.012083333333333335,0.24166666666666667,0.0
oil_gas,7,Fixed Training,0.3320818056041434,0.37617392113610415,0.35412786337012375,0.0,0.0,0.0,0.0
oil_gas,7,Safety-First,0.20203817344920222,0.2407276497673406,0.2213829116082714,0.08749999999999998,0.125,0.25,0.25
oil_gas,7,Comfort-First,0.26808180560414335,0.35617392113610413,0.31212786337012377,0.032,0.032,0.2,0.0
oil_gas,7,VR Guardian,0.2720818056041434,0.36867392113610414,0.3203778633701238,0.017500000000000005,0.012500000000000002,0.25,0.0
oil_gas,8,Fixed Training,0.3185562243724211,0.37046139293497593,0.34450880865369854,0.0,0.0,0.0,0.0
oil_gas,8,Safety-First,0.20679531362870604,0.2474387875319977,0.22711705058035184,0.07875,0.1125,0.225,0.225
oil_gas,8,Comfort-First,0.2758895577057544,0.3571280596016427,0.3165088086536985,0.021333333333333333,0.021333333333333333,0.13333333333333333,0.0
oil_gas,8,VR Guardian,0.2645562243724211,0.36371139293497595,0.31413380865369855,0.01575,0.011250000000000001,0.225,0.0
oil_gas,9,Fixed Training,0.3289881050509873,0.37545124762075816,0.3522196763358727,0.0,0.0,0.0,0.0
oil_gas,9,Safety-First,0.19058514137186353,0.22643093591500882,0.20850803864343614,0.09625,0.1375,0.275,0.275
oil_gas,9,Comfort-First,0.27032143838432066,0.3571179142874248,0.31371967633587267,0.029333333333333333,0.029333333333333333,0.18333333333333332,0.0
oil_gas,9,VR Guardian,0.2629881050509873,0.3672012476207581,0.3150946763358727,0.019250000000000003,0.01375,0.275,0.0
oil_gas,10,Fixed Training,0.3266712798286225,0.3804005102315534,0.353535895030088,0.0,0.0,0.0,0.0
oil_gas,10,Safety-First,0.1785287852843695,0.21765242396925705,0.19809060462681327,0.105,0.15,0.3,0.3
oil_gas,10,Comfort-First,0.26533794649528913,0.36123384356488675,0.31328589503008797,0.03066666666666667,0.03066666666666667,0.19166666666666668,0.0
oil_gas,10,VR Guardian,0.2546712798286225,0.3714005102315534,0.31303589503008794,0.021000000000000005,0.015000000000000001,0.3,0.0
oil_gas,11,Fixed Training,0.32344067341643,0.37613802926821244,0.34978935134232125,0.0,0.0,0.0,0.0
oil_gas,11,Safety-First,0.20763065252013552,0.24812923063954312,0.22787994157983935,0.08166666666666665,0.11666666666666667,0.23333333333333334,0.23333333333333334
oil_gas,11,Comfort-First,0.2754406734164301,0.3611380292682124,0.3182893513423213,0.024,0.024,0.15,0.0
oil_gas,11,VR Guardian,0.26744067341643,0.3691380292682124,0.3182893513423212,0.016333333333333335,0.011666666666666667,0.23333333333333334,0.0
oil_gas,12,Fixed Training,0.31961360680286505,0.37220630748383904,0.34590995714335204,0.0,0.0,0.0,0.0
oil_gas,12,Safety-First,0.2076467743680958,0.24486723747780628,0.22625700592295103,0.08166666666666665,0.11666666666666667,0.23333333333333334,0.23333333333333334
oil_gas,12,Comfort-First,0.287613606802865,0.3622063074838391,0.3249099571433521,0.016,0.016,0.1,0.0
oil_gas,12,VR Guardian,0.263613606802865,0.3652063074838391,0.314409957143352,0.016333333333333335,0.011666666666666667,0.23333333333333334,0.0
oil_gas,13,Fixed Training,0.3222316499165057,0.3789115858966176,0.3505716179065616,0.0,0.0,0.0,0.0
oil_gas,13,Safety-First,0.19464534918153784,0.23854276233462776,0.21659405575808283,0.09041666666666666,0.12916666666666668,0.25833333333333336,0.25833333333333336
oil_gas,13,Comfort-First,0.2715649832498391,0.3630782525632842,0.31732161790656155,0.025333333333333333,0.025333333333333333,0.15833333333333333,0.0
oil_gas,13,VR Guardian,0.26023164991650566,0.3711615858966175,0.3156966179065616,0.018083333333333337,0.012916666666666667,0.25833333333333336,0.0
oil_gas,14,Fixed Training,0.32633246613605105,0.37227492758014163,0.3493036968580963,0.0,0.0,0.0,0.0
oil_gas,14,Safety-First,0.2104562184390053,0.24558356977257662,0.228019894105791,0.08166666666666665,0.11666666666666667,0.23333333333333334,0.23333333333333334
oil_gas,14,Comfort-First,0.2836657994693843,0.35894159424680827,0.3213036968580963,0.021333333333333333,0.021333333333333333,0.13333333333333333,0.0
oil_gas,14,VR Guardian,0.27033246613605105,0.36527492758014163,0.3178036968580963,0.016333333333333335,0.011666666666666667,0.23333333333333334,0.0
oil_gas,15,Fixed Training,0.32921900227551326,0.38501242493272375,0.3571157136041185,0.0,0.0,0.0,0.0
oil_gas,15,Safety-First,0.19666660168071365,0.23966109950406805,0.21816385059239085,0.09333333333333332,0.13333333333333333,0.26666666666666666,0.26666666666666666
oil_gas,15,Comfort-First,0.2838856689421799,0.37084575826605715,0.3273657136041185,0.02266666666666667,0.02266666666666667,0.14166666666666666,0.0
oil_gas,15,VR Guardian,0.26521900227551326,0.37701242493272374,0.3211157136041185,0.018666666666666668,0.013333333333333334,0.26666666666666666,0.0
oil_gas,16,Fixed Training,0.32769854935121506,0.38198245466477065,0.35484050200799294,0.0,0.0,0.0,0.0
oil_gas,16,Safety-First,0.18239097610602312,0.2237287551214277,0.2030598656137254,0.10208333333333333,0.14583333333333334,0.2916666666666667,0.2916666666666667
oil_gas,16,Comfort-First,0.27169854935121507,0.3644824546647707,0.31809050200799294,0.028000000000000004,0.028000000000000004,0.175,0.0
oil_gas,16,VR Guardian,0.25769854935121506,0.3732324546647707,0.3154655020079929,0.02041666666666667,0.014583333333333334,0.2916666666666667,0.0
oil_gas,17,Fixed Training,0.3277471943783698,0.3779966946264854,0.3528719445024276,0.0,0.0,0.0,0.0
oil_gas,17,Safety-First,0.19236887217718276,0.22900167853729514,0.21068527535723897,0.09624999999999999,0.1375,0.275,0.275
oil_gas,17,Comfort-First,0.27708052771170316,0.362163361293152,0.31962194450242765,0.025333333333333333,0.025333333333333333,0.15833333333333333,0.0
oil_gas,17,VR Guardian,0.2617471943783698,0.3697466946264854,0.3157469445024276,0.019250000000000003,0.013750000000000002,0.275,0.0
oil_gas,18,Fixed Training,0.3273195046004641,0.37709917503442697,0.3522093398174455,0.0,0.0,0.0,0.0
oil_gas,18,Safety-First,0.19523791619448086,0.2373691915928686,0.21630355389367473,0.09041666666666665,0.12916666666666668,0.25833333333333336,0.25833333333333336
oil_gas,18,Comfort-First,0.26598617126713076,0.35793250836776025,0.31195933981744545,0.03066666666666667,0.03066666666666667,0.19166666666666668,0.0
oil_gas,18,VR Guardian,0.26531950460046405,0.36934917503442694,0.31733433981744547,0.018083333333333337,0.012916666666666668,0.25833333333333336,0.0
oil_gas,19,Fixed Training,0.3283235777638352,0.37179113902745026,0.3500573583956427,0.0,0.0,0.0,0.0
oil_gas,19,Safety-First,0.18810927816383735,0.22210511192504157,0.20510719504443944,0.09916666666666667,0.14166666666666666,0.2833333333333333,0.2833333333333333
oil_gas,19,Comfort-First,0.2669902444305018,0.35262447236078365,0.3098073583956428,0.030666666666666665,0.030666666666666665,0.19166666666666668,0.0
oil_gas,19,VR Guardian,0.2603235777638352,0.36329113902745025,0.3118073583956427,0.019833333333333335,0.014166666666666666,0.2833333333333333,0.0
oil_gas,20,Fixed Training,0.31859045927444013,0.3734119416400031,0.3460012004572216,0.0,0.0,0.0,0.0
oil_gas,20,Safety-First,0.1940002931694141,0.22799949142519724,0.21099989229730565,0.09333333333333332,0.13333333333333333,0.26666666666666666,0.26666666666666666
oil_gas,20,Comfort-First,0.2785904592744401,0.36091194164000306,0.3197512004572216,0.02,0.02,0.125,0.0
oil_gas,20,VR Guardian,0.25459045927444013,0.3654119416400031,0.31000120045722157,0.018666666666666668,0.013333333333333334,0.26666666666666666,0.0
oil_gas,21,Fixed Training,0.32982254603387,0.38201204742378536,0.35591729672882766,0.0,0.0,0.0,0.0
oil_gas,21,Safety-First,0.2016780136539151,0.24140601432631664,0.22154201399011592,0.09041666666666665,0.12916666666666668,0.25833333333333336,0.25833333333333336
oil_gas,21,Comfort-First,0.28448921270053673,0.36784538075711865,0.3261672967288277,0.022666666666666665,0.022666666666666665,0.14166666666666666,0.0
oil_gas,21,VR Guardian,0.26782254603387007,0.3742620474237853,0.32104229672882767,0.018083333333333337,0.012916666666666667,0.25833333333333336,0.0
oil_gas,22,Fixed Training,0.324742659579669,0.3792365289838969,0.35198959428178306,0.0,0.0,0.0,0.0
oil_gas,22,Safety-First,0.183868617088381,0.22489055036501393,0.20437958372669748,0.09916666666666665,0.14166666666666666,0.2833333333333333,0.2833333333333333
oil_gas,22,Comfort-First,0.26340932624633573,0.36006986231723026,0.311739594281783,0.03066666666666667,0.03066666666666667,0.19166666666666668,0.0
oil_gas,22,VR Guardian,0.2567426595796691,0.3707365289838969,0.313739594281783,0.019833333333333335,0.014166666666666668,0.2833333333333333,0.0
oil_gas,23,Fixed Training,0.32977038005818027,0.3748023067580462,0.3522863434081132,0.0,0.0,0.0,0.0
oil_gas,23,Safety-First,0.1771991414991589,0.2129897071232277,0.1950944243111933,0.105,0.15,0.3,0.3
oil_gas,23,Comfort-First,0.2631037133915136,0.35396897342471284,0.3085363434081133,0.03333333333333333,0.03333333333333333,0.20833333333333334,0.0
oil_gas,23,VR Guardian,0.25777038005818026,0.3658023067580462,0.31178634340811323,0.021000000000000005,0.015000000000000001,0.3,0.0
oil_gas,24,Fixed Training,0.32761485207329044,0.3751089075785826,0.3513618798259365,0.0,0.0,0.0,0.0
oil_gas,24,Safety-First,0.18912224585663437,0.22618993188178507,0.20765608886920972,0.09624999999999999,0.1375,0.275,0.275
oil_gas,24,Comfort-First,0.2689481854066237,0.35677557424524925,0.3128618798259365,0.029333333333333333,0.029333333333333333,0.18333333333333332,0.0
oil_gas,24,VR Guardian,0.26161485207329044,0.3668589075785826,0.3142368798259365,0.019250000000000003,0.013750000000000002,0.275,0.0
oil_gas,25,Fixed Training,0.3258642586930131,0.3788645364393453,0.35236439756617927,0.0,0.0,0.0,0.0
oil_gas,25,Safety-First,0.17064863737956762,0.20958700009369088,0.19011781873662928,0.11083333333333334,0.15833333333333333,0.31666666666666665,0.31666666666666665
oil_gas,25,Comfort-First,0.2618642586930131,0.35886453643934524,0.3103643975661792,0.032,0.032,0.2,0.0
oil_gas,25,VR Guardian,0.24986425869301312,0.3693645364393453,0.3096143975661792,0.022166666666666668,0.01583333333333333,0.31666666666666665,0.0
oil_gas,26,Fixed Training,0.32711834341443946,0.3753283420828143,0.3512233427486269,0.0,0.0,0.0,0.0
oil_gas,26,Safety-First,0.1921776836874554,0.22655308806449603,0.2093653858759757,0.09624999999999999,0.1375,0.275,0.275
oil_gas,26,Comfort-First,0.2684516767477728,0.356995008749481,0.31272334274862684,0.029333333333333333,0.029333333333333333,0.18333333333333332,0.0
oil_gas,26,VR Guardian,0.26111834341443946,0.36707834208281426,0.31409834274862686,0.019250000000000003,0.013750000000000002,0.275,0.0
oil_gas,27,Fixed Training,0.3300121664132758,0.37955796415689846,0.3547850652850872,0.0,0.0,0.0,0.0
oil_gas,27,Safety-First,0.19968156130547612,0.24038525502732344,0.22003340816639977,0.09041666666666665,0.12916666666666668,0.25833333333333336,0.25833333333333336
oil_gas,27,Comfort-First,0.26601216641327574,0.35955796415689856,0.3127850652850872,0.032,0.032,0.2,0.0
oil_gas,27,VR Guardian,0.2680121664132758,0.37180796415689854,0.31991006528508714,0.018083333333333337,0.012916666666666668,0.25833333333333336,0.0
oil_gas,28,Fixed Training,0.31938594360612776,0.3754469351378877,0.3474164393720077,0.0,0.0,0.0,0.0
oil_gas,28,Safety-First,0.18472233773323649,0.2272199624240091,0.2059711500786228,0.09624999999999999,0.1375,0.275,0.275
oil_gas,28,Comfort-First,0.2660526102727944,0.358780268471221,0.31241643937200775,0.02666666666666667,0.02666666666666667,0.16666666666666666,0.0
oil_gas,28,VR Guardian,0.25338594360612776,0.3671969351378877,0.3102914393720077,0.01925,0.013750000000000002,0.275,0.0
oil_gas,29,Fixed Training,0.32482754103841016,0.37412676721932137,0.34947715412886576,0.0,0.0,0.0,0.0
oil_gas,29,Safety-First,0.2011341777189789,0.23986202299442064,0.22049810035669976,0.0875,0.125,0.25,0.25
oil_gas,29,Comfort-First,0.27416087437174347,0.35829343388598806,0.3162271541288658,0.025333333333333333,0.025333333333333333,0.15833333333333333,0.0
oil_gas,29,VR Guardian,0.26482754103841016,0.36662676721932136,0.3157271541288658,0.0175,0.0125,0.25,0.0
oil_gas,30,Fixed Training,0.3288710696323456,0.37986326936626935,0.3543671694993075,0.0,0.0,0.0,0.0
oil_gas,30,Safety-First,0.20478336662172864,0.24793913299737316,0.22636124980955094,0.08458333333333332,0.12083333333333333,0.24166666666666667,0.24166666666666667
oil_gas,30,Comfort-First,0.2728710696323456,0.36236326936626934,0.3176171694993075,0.028,0.028,0.175,0.0
oil_gas,30,VR Guardian,0.27087106963234564,0.3726132693662694,0.3217421694993075,0.01691666666666667,0.012083333333333335,0.24166666666666667,0.0
oil_gas,31,Fixed Training,0.324093280909194,0.37436389187214164,0.3492285863906678,0.0,0.0,0.0,0.0
oil_gas,31,Safety-First,0.20460834390512536,0.24335212889544725,0.22398023640028633,0.08458333333333332,0.12083333333333333,0.24166666666666667,0.24166666666666667
oil_gas,31,Comfort-First,0.2707599475758606,0.35769722520547503,0.31422858639066775,0.02666666666666667,0.02666666666666667,0.16666666666666666,0.0
oil_gas,31,VR Guardian,0.26609328090919393,0.36711389187214166,0.3166035863906678,0.01691666666666667,0.012083333333333335,0.24166666666666667,0.0
oil_gas,32,Fixed Training,0.3237434256585637,0.37141212829432013,0.3475777769764419,0.0,0.0,0.0,0.0
oil_gas,32,Safety-First,0.19478345456460483,0.2304952678428658,0.2126393612037353,0.09041666666666665,0.12916666666666668,0.25833333333333336,0.25833333333333336
oil_gas,32,Comfort-First,0.2757434256585637,0.35641212829432,0.3160777769764419,0.024,0.024,0.15,0.0
oil_gas,32,VR Guardian,0.2617434256585637,0.36366212829432004,0.3127027769764419,0.018083333333333337,0.012916666666666668,0.25833333333333336,0.0
oil_gas,33,Fixed Training,0.33107941025151333,0.38418227718234993,0.35763084371693155,0.0,0.0,0.0,0.0
oil_gas,33,Safety-First,0.18560651929425187,0.22435121710785783,0.20497886820105482,0.105,0.15,0.3,0.3
oil_gas,33,Comfort-First,0.2670794102515134,0.36418227718234986,0.3156308437169316,0.032,0.032,0.2,0.0
oil_gas,33,VR Guardian,0.2590794102515133,0.3751822771823499,0.3171308437169316,0.021000000000000005,0.015000000000000001,0.3,0.0
oil_gas,34,Fixed Training,0.3174072397660066,0.3701528738885193,0.343780056827263,0.0,0.0,0.0,0.0
oil_gas,34,Safety-First,0.1989030035993221,0.2400663755488254,0.21948468957407374,0.08458333333333332,0.12083333333333333,0.24166666666666667,0.24166666666666667
oil_gas,34,Comfort-First,0.2694072397660066,0.35515287388851935,0.312280056827263,0.024,0.024,0.15,0.0
oil_gas,34,VR Guardian,0.25940723976600666,0.3629028738885193,0.311155056827263,0.01691666666666667,0.012083333333333335,0.24166666666666667,0.0
oil_gas,35,Fixed Training,0.32657234554062253,0.381433673215914,0.3540030093782683,0.0,0.0,0.0,0.0
oil_gas,35,Safety-First,0.2062985993688519,0.2538864111474842,0.23009250525816802,0.08166666666666668,0.11666666666666667,0.23333333333333334,0.23333333333333334
oil_gas,35,Comfort-First,0.28123901220728925,0.3672670065492473,0.3242530093782683,0.02266666666666667,0.02266666666666667,0.14166666666666666,0.0
oil_gas,35,VR Guardian,0.27057234554062254,0.374433673215914,0.32250300937826826,0.016333333333333335,0.011666666666666665,0.23333333333333334,0.0
oil_gas,36,Fixed Training,0.32172521091735357,0.36745506702316855,0.34459013897026103,0.0,0.0,0.0,0.0
oil_gas,36,Safety-First,0.2080912721791842,0.24591727622736412,0.22700427420327418,0.07875,0.1125,0.225,0.225
oil_gas,36,Comfort-First,0.2737252109173536,0.35245506702316853,0.313090138970261,0.024,0.024,0.15,0.0
oil_gas,36,VR Guardian,0.2677252109173535,0.3607050670231685,0.31421513897026104,0.01575,0.011250000000000001,0.225,0.0
oil_gas,37,Fixed Training,0.32192744296204484,0.3670225410241843,0.34447499199311454,0.0,0.0,0.0,0.0
oil_gas,37,Safety-First,0.21463875436690832,0.24842868315203342,0.23153371875947087,0.07583333333333332,0.10833333333333334,0.21666666666666667,0.21666666666666667
oil_gas,37,Comfort-First,0.2819274429620449,0.3545225410241843,0.31822499199311455,0.02,0.02,0.125,0.0
oil_gas,37,VR Guardian,0.26992744296204485,0.3605225410241843,0.31522499199311454,0.015166666666666669,0.010833333333333335,0.21666666666666667,0.0
oil_gas,38,Fixed Training,0.32431996528672696,0.3815833497282784,0.35295165750750274,0.0,0.0,0.0,0.0
oil_gas,38,Safety-First,0.19918137291461344,0.24193796620293717,0.22055966955877532,0.09041666666666666,0.12916666666666668,0.25833333333333336,0.25833333333333336
oil_gas,38,Comfort-First,0.2816532986200603,0.3682500163949451,0.3249516575075027,0.021333333333333333,0.021333333333333333,0.13333333333333333,0.0
oil_gas,38,VR Guardian,0.2623199652867269,0.37383334972827836,0.31807665750750264,0.018083333333333337,0.012916666666666667,0.25833333333333336,0.0
oil_gas,39,Fixed Training,0.3301514060501441,0.37158489621134433,0.3508681511307442,0.0,0.0,0.0,0.0
oil_gas,39,Safety-First,0.1959748663616693,0.23143875190712954,0.2137068091343994,0.09041666666666666,0.12916666666666668,0.25833333333333336,0.25833333333333336
oil_gas,39,Comfort-First,0.2634847393834774,0.35075156287801096,0.30711815113074425,0.03333333333333333,0.03333333333333333,0.20833333333333334,0.0
oil_gas,39,VR Guardian,0.2681514060501441,0.3638348962113443,0.3159931511307442,0.018083333333333333,0.012916666666666667,0.25833333333333336,0.0
factory,0,Fixed Training,0.323743374808126,0.3884887326587512,0.3561160537334386,0.0,0.0,0.0,0.0
factory,0,Safety-First,0.2240248009249808,0.27609028882075654,0.25005754487286863,0.07291666666666667,0.10416666666666667,0.20833333333333334,0.20833333333333334
factory,0,Comfort-First,0.283743374808126,0.3759887326587512,0.3298660537334387,0.020000000000000004,0.020000000000000004,0.125,0.0
factory,0,VR Guardian,0.27374337480812605,0.3822387326587513,0.3279910537334387,0.014583333333333334,0.010416666666666666,0.20833333333333334,0.0
factory,1,Fixed Training,0.3346404439861187,0.3906564949908995,0.36264846948850915,0.0,0.0,0.0,0.0
factory,1,Safety-First,0.22709678628156277,0.27262373386896094,0.2498602600752619,0.07583333333333332,0.10833333333333334,0.21666666666666667,0.21666666666666667
factory,1,Comfort-First,0.28664044398611865,0.37565649499089954,0.3311484694885092,0.024,0.024,0.15,0.0
factory,1,VR Guardian,0.2826404439861187,0.3841564949908996,0.33339846948850915,0.015166666666666669,0.010833333333333335,0.21666666666666667,0.0
factory,2,Fixed Training,0.33498893498846743,0.3825990653375836,0.35879400016302554,0.0,0.0,0.0,0.0
factory,2,Safety-First,0.2177027167875068,0.25136224236098303,0.23453247957424492,0.08458333333333332,0.12083333333333333,0.24166666666666667,0.24166666666666667
factory,2,Comfort-First,0.29498893498846745,0.37009906533758363,0.33254400016302554,0.020000000000000004,0.020000000000000004,0.125,0.0
factory,2,VR Guardian,0.2769889349884675,0.3753490653375836,0.3261690001630255,0.01691666666666667,0.012083333333333335,0.24166666666666667,0.0
factory,3,Fixed Training,0.3432209937117181,0.40060993386662125,0.3719154637891697,0.0,0.0,0.0,0.0
factory,3,Safety-First,0.22007808195045547,0.26395484894136345,0.2420164654459095,0.0875,0.125,0.25,0.25
factory,3,Comfort-First,0.29522099371171806,0.38560993386662124,0.3404154637891697,0.024,0.024,0.15,0.0
factory,3,VR Guardian,0.28322099371171816,0.39310993386662124,0.3381654637891697,0.017500000000000005,0.0125,0.25,0.0
factory,4,Fixed Training,0.327358137733416,0.39321077073963145,0.3602844542365238,0.0,0.0,0.0,0.0
factory,4,Safety-First,0.22223101249471566,0.2747464803273581,0.2484887464110369,0.07583333333333332,0.10833333333333334,0.21666666666666667,0.21666666666666667
factory,4,Comfort-First,0.28735813773341595,0.3807107707396315,0.3340344542365237,0.02,0.02,0.125,0.0
factory,4,VR Guardian,0.27535813773341594,0.38671077073963145,0.3310344542365237,0.015166666666666669,0.010833333333333335,0.21666666666666667,0.0
factory,5,Fixed Training,0.3358836591732223,0.3925089123250329,0.36419628574912755,0.0,0.0,0.0,0.0
factory,5,Safety-First,0.21091162185069348,0.25709747681215983,0.23400454933142667,0.0875,0.125,0.25,0.25
factory,5,Comfort-First,0.2798836591732223,0.37500891232503286,0.3274462857491276,0.028000000000000004,0.028000000000000004,0.175,0.0
factory,5,VR Guardian,0.2758836591732223,0.3850089123250329,0.3304462857491276,0.0175,0.0125,0.25,0.0
factory,6,Fixed Training,0.34103172133798565,0.3981002003794422,0.3695659608587139,0.0,0.0,0.0,0.0
factory,6,Safety-First,0.2020178070173809,0.24899013304507886,0.22550397003122985,0.09625,0.1375,0.275,0.275
factory,6,Comfort-First,0.2743650546713189,0.3772668670461089,0.3258159608587139,0.03333333333333333,0.03333333333333333,0.20833333333333334,0.0
factory,6,VR Guardian,0.27503172133798554,0.3898502003794422,0.3324409608587139,0.019250000000000003,0.01375,0.275,0.0
factory,7,Fixed Training,0.3374356140482759,0.3943547054717237,0.3658951597599998,0.0,0.0,0.0,0.0
factory,7,Safety-First,0.2256565702525641,0.2763895387100163,0.25102305448129025,0.07583333333333334,0.10833333333333334,0.21666666666666667,0.21666666666666667
factory,7,Comfort-First,0.28410228071494253,0.37768803880505697,0.3308951597599998,0.02666666666666667,0.02666666666666667,0.16666666666666666,0.0
factory,7,VR Guardian,0.2854356140482759,0.3878547054717237,0.33664515975999976,0.015166666666666667,0.010833333333333334,0.21666666666666667,0.0
factory,8,Fixed Training,0.3349546339806331,0.393191878315152,0.36407325614789254,0.0,0.0,0.0,0.0
factory,8,Safety-First,0.2170035386811047,0.2665354100337808,0.24176947435744273,0.08166666666666668,0.11666666666666667,0.23333333333333334,0.23333333333333334
factory,8,Comfort-First,0.28162130064729973,0.37652521164848535,0.32907325614789257,0.02666666666666667,0.02666666666666667,0.16666666666666666,0.0
factory,8,VR Guardian,0.2789546339806331,0.38619187831515206,0.33257325614789257,0.016333333333333335,0.011666666666666665,0.23333333333333334,0.0
factory,9,Fixed Training,0.3345991502691851,0.3960630021805836,0.3653310762248843,0.0,0.0,0.0,0.0
factory,9,Safety-First,0.21750915383611727,0.2718047975875693,0.24465697571184328,0.08166666666666665,0.11666666666666667,0.23333333333333334,0.23333333333333334
factory,9,Comfort-First,0.28126581693585173,0.37939633551391694,0.3303310762248843,0.02666666666666667,0.02666666666666667,0.16666666666666666,0.0
factory,9,VR Guardian,0.2785991502691851,0.3890630021805836,0.33383107622488434,0.016333333333333335,0.011666666666666667,0.23333333333333334,0.0
factory,10,Fixed Training,0.338660958198806,0.3951436142180866,0.3669022862084463,0.0,0.0,0.0,0.0
factory,10,Safety-First,0.2230885894732409,0.26883165379944257,0.2459601216363417,0.08166666666666668,0.11666666666666667,0.23333333333333334,0.23333333333333334
factory,10,Comfort-First,0.29066095819880605,0.3801436142180866,0.33540228620844637,0.024,0.024,0.15,0.0
factory,10,VR Guardian,0.28266095819880604,0.3881436142180866,0.3354022862084463,0.016333333333333335,0.011666666666666665,0.23333333333333334,0.0
factory,11,Fixed Training,0.34070969123959444,0.39648918188975973,0.36859943656467714,0.0,0.0,0.0,0.0
factory,11,Safety-First,0.19589389069630164,0.23962886493732788,0.21776137781681476,0.10208333333333333,0.14583333333333334,0.2916666666666667,0.2916666666666667
factory,11,Comfort-First,0.29004302457292774,0.38065584855642637,0.3353494365646771,0.025333333333333333,0.025333333333333333,0.15833333333333333,0.0
factory,11,VR Guardian,0.27070969123959443,0.38773918188975975,0.3292244365646771,0.02041666666666667,0.014583333333333334,0.2916666666666667,0.0
factory,12,Fixed Training,0.33943399585247713,0.3970776573796149,0.36825582661604606,0.0,0.0,0.0,0.0
factory,12,Safety-First,0.22729325043909948,0.2698072653189026,0.248550257879001,0.08166666666666668,0.11666666666666667,0.23333333333333334,0.23333333333333334
factory,12,Comfort-First,0.3047673291858104,0.3862443240462817,0.34550582661604606,0.017333333333333333,0.017333333333333333,0.10833333333333334,0.0
factory,12,VR Guardian,0.28343399585247714,0.3900776573796149,0.33675582661604603,0.016333333333333335,0.011666666666666665,0.23333333333333334,0.0
factory,13,Fixed Training,0.33738122280006133,0.39685831649826325,0.3671197696491622,0.0,0.0,0.0,0.0
factory,13,Safety-First,0.21948723165444742,0.26560656961942686,0.2425469006369371,0.08458333333333332,0.12083333333333333,0.24166666666666667,0.24166666666666667
factory,13,Comfort-First,0.29204788946672794,0.3826916498315966,0.33736976964916227,0.022666666666666665,0.022666666666666665,0.14166666666666666,0.0
factory,13,VR Guardian,0.2793812228000613,0.3896083164982632,0.3344947696491623,0.01691666666666667,0.012083333333333335,0.24166666666666667,0.0
factory,14,Fixed Training,0.32867767243333446,0.3932237856871544,0.36095072906024434,0.0,0.0,0.0,0.0
factory,14,Safety-First,0.20296145452687442,0.2537745514478863,0.2283680029873804,0.09041666666666665,0.12916666666666668,0.25833333333333336,0.25833333333333336
factory,14,Comfort-First,0.2860110057666677,0.379890452353821,0.3329507290602444,0.021333333333333333,0.021333333333333333,0.13333333333333333,0.0
factory,14,VR Guardian,0.2666776724333344,0.3854737856871544,0.3260757290602444,0.018083333333333337,0.012916666666666668,0.25833333333333336,0.0
factory,15,Fixed Training,0.34436842271050233,0.38923426027434826,0.3668013414924253,0.0,0.0,0.0,0.0
factory,15,Safety-First,0.22816800018171055,0.2676210406671876,0.24789452042444904,0.07875,0.1125,0.225,0.225
factory,15,Comfort-First,0.28836842271050234,0.37173426027434825,0.3300513414924254,0.028000000000000004,0.028000000000000004,0.175,0.0
factory,15,VR Guardian,0.29036842271050234,0.3824842602743483,0.3364263414924253,0.01575,0.011250000000000001,0.225,0.0
factory,16,Fixed Training,0.34163961855997854,0.3977918646598776,0.36971574160992804,0.0,0.0,0.0,0.0
factory,16,Safety-First,0.21055601562328027,0.2620483523938764,0.23630218400857833,0.0875,0.125,0.25,0.25
factory,16,Comfort-First,0.2723062852266452,0.3761251979932109,0.32421574160992805,0.034666666666666665,0.034666666666666665,0.21666666666666667,0.0
factory,16,VR Guardian,0.28163961855997854,0.39029186465987753,0.33596574160992804,0.017500000000000005,0.0125,0.25,0.0
factory,17,Fixed Training,0.33060491915247897,0.3918694877038469,0.36123720342816296,0.0,0.0,0.0,0.0
factory,17,Safety-First,0.21928900776127075,0.2693289206251391,0.2443089641932049,0.07875,0.1125,0.225,0.225
factory,17,Comfort-First,0.28260491915247893,0.3768694877038469,0.32973720342816293,0.024,0.024,0.15,0.0
factory,17,VR Guardian,0.276604919152479,0.38511948770384685,0.33086220342816297,0.01575,0.011250000000000001,0.225,0.0
factory,18,Fixed Training,0.3397549685487153,0.3982050940331045,0.36898003129090995,0.0,0.0,0.0,0.0
factory,18,Safety-First,0.22505471275496317,0.2755191623968783,0.25028693757592074,0.07875,0.1125,0.225,0.225
factory,18,Comfort-First,0.28908830188204865,0.3823717606997711,0.3357300312909099,0.025333333333333333,0.025333333333333333,0.15833333333333333,0.0
factory,18,VR Guardian,0.2857549685487154,0.39145509403310447,0.33860503129090985,0.01575,0.011250000000000001,0.225,0.0
factory,19,Fixed Training,0.3352492156571397,0.39382050802893087,0.3645348618430353,0.0,0.0,0.0,0.0
factory,19,Safety-First,0.21891029347130034,0.2671108718939514,0.2430105826826259,0.08166666666666665,0.11666666666666667,0.23333333333333334,0.23333333333333334
factory,19,Comfort-First,0.28991588232380644,0.3796538413622643,0.33478486184303535,0.02266666666666667,0.02266666666666667,0.14166666666666666,0.0
factory,19,VR Guardian,0.2792492156571397,0.386820508028931,0.3330348618430354,0.016333333333333335,0.011666666666666667,0.23333333333333334,0.0
factory,20,Fixed Training,0.3397725123624023,0.3972171920493575,0.3684948522058799,0.0,0.0,0.0,0.0
factory,20,Safety-First,0.22685509943268337,0.2767432606616748,0.25179918004717905,0.07875,0.1125,0.225,0.225
factory,20,Comfort-First,0.2944391790290689,0.3830505253826909,0.33874485220587996,0.022666666666666665,0.022666666666666665,0.14166666666666666,0.0
factory,20,VR Guardian,0.28577251236240225,0.39046719204935754,0.33811985220587987,0.015750000000000004,0.011250000000000001,0.225,0.0
factory,21,Fixed Training,0.3323237365462534,0.3936010097583214,0.3629623731522874,0.0,0.0,0.0,0.0
factory,21,Safety-First,0.2215879593765066,0.27121008549274456,0.24639902243462558,0.07875,0.1125,0.225,0.225
factory,21,Comfort-First,0.28432373654625337,0.3786010097583214,0.3314623731522874,0.024,0.024,0.15,0.0
factory,21,VR Guardian,0.2783237365462535,0.3868510097583214,0.33258737315228737,0.01575,0.011250000000000001,0.225,0.0
factory,22,Fixed Training,0.34359443018586167,0.393273791159457,0.3684341106726593,0.0,0.0,0.0,0.0
factory,22,Safety-First,0.19940453705238126,0.2406972051681043,0.22005087111024277,0.09916666666666665,0.14166666666666666,0.2833333333333333,0.2833333333333333
factory,22,Comfort-First,0.2795944301858617,0.373273791159457,0.3264341106726593,0.032,0.032,0.2,0.0
factory,22,VR Guardian,0.2755944301858617,0.384773791159457,0.3301841106726594,0.019833333333333335,0.014166666666666668,0.2833333333333333,0.0
factory,23,Fixed Training,0.3380466960385806,0.39504843918038035,0.36654756760948043,0.0,0.0,0.0,0.0
factory,23,Safety-First,0.20863990620046813,0.25546483438974865,0.2320523702951084,0.09041666666666666,0.12916666666666668,0.25833333333333336,0.25833333333333336
factory,23,Comfort-First,0.2847133627052472,0.3783817725137137,0.3315475676094805,0.02666666666666667,0.02666666666666667,0.16666666666666666,0.0
factory,23,VR Guardian,0.27604669603858056,0.38729843918038037,0.3316725676094805,0.018083333333333333,0.012916666666666667,0.25833333333333336,0.0
factory,24,Fixed Training,0.33806838299261355,0.3885232618858858,0.3632958224392497,0.0,0.0,0.0,0.0
factory,24,Safety-First,0.22017775019188565,0.2620105825195095,0.24109416635569758,0.08166666666666665,0.11666666666666667,0.23333333333333334,0.23333333333333334
factory,24,Comfort-First,0.28740171632594685,0.3726899285525525,0.3300458224392497,0.025333333333333333,0.025333333333333333,0.15833333333333333,0.0
factory,24,VR Guardian,0.2820683829926135,0.38152326188588587,0.3317958224392497,0.016333333333333335,0.011666666666666667,0.23333333333333334,0.0
factory,25,Fixed Training,0.33513151951074366,0.3889838611148273,0.3620576903127855,0.0,0.0,0.0,0.0
factory,25,Safety-First,0.21919904417314584,0.2627478196875748,0.2409734319303603,0.08166666666666668,0.11666666666666667,0.23333333333333334,0.23333333333333334
factory,25,Comfort-First,0.292464852844077,0.37565052778149405,0.3340576903127855,0.021333333333333336,0.021333333333333336,0.13333333333333333,0.0
factory,25,VR Guardian,0.2791315195107436,0.3819838611148274,0.3305576903127855,0.016333333333333335,0.011666666666666665,0.23333333333333334,0.0
factory,26,Fixed Training,0.34019769450599685,0.39814139915881375,0.3691695468324054,0.0,0.0,0.0,0.0
factory,26,Safety-First,0.21083781233626187,0.2570849946012723,0.2339614034687671,0.09041666666666666,0.12916666666666668,0.25833333333333336,0.25833333333333336
factory,26,Comfort-First,0.28953102783933016,0.3823080658254805,0.3359195468324053,0.025333333333333333,0.025333333333333333,0.15833333333333333,0.0
factory,26,VR Guardian,0.2781976945059969,0.3903913991588138,0.33429454683240534,0.018083333333333333,0.012916666666666667,0.25833333333333336,0.0
factory,27,Fixed Training,0.337071537945798,0.4004102022021993,0.36874087007399864,0.0,0.0,0.0,0.0
factory,27,Safety-First,0.19371837774013384,0.24239872704621762,0.21805855239317573,0.10208333333333333,0.14583333333333334,0.2916666666666667,0.2916666666666667
factory,27,Comfort-First,0.28907153794579804,0.38541020220219935,0.3372408700739987,0.024,0.024,0.15,0.0
factory,27,VR Guardian,0.267071537945798,0.3916602022021994,0.3293658700739987,0.02041666666666667,0.014583333333333334,0.2916666666666667,0.0
factory,28,Fixed Training,0.3426625551478613,0.4009175171014288,0.37179003612464506,0.0,0.0,0.0,0.0
factory,28,Safety-First,0.21948803076677514,0.26554770215104356,0.24251786645890938,0.0875,0.125,0.25,0.25
factory,28,Comfort-First,0.2919958884811946,0.38508418376809544,0.338540036124645,0.025333333333333333,0.025333333333333333,0.15833333333333333,0.0
factory,28,VR Guardian,0.28266255514786126,0.39341751710142875,0.338040036124645,0.0175,0.0125,0.25,0.0
factory,29,Fixed Training,0.3348297327861049,0.3956523408928101,0.36524103683945747,0.0,0.0,0.0,0.0
factory,29,Safety-First,0.19698777806441523,0.24571724707431664,0.22135251256936592,0.09625,0.1375,0.275,0.275
factory,29,Comfort-First,0.27616306611943825,0.3773190075594768,0.32674103683945754,0.029333333333333336,0.029333333333333336,0.18333333333333332,0.0
factory,29,VR Guardian,0.2688297327861049,0.38740234089281006,0.32811603683945745,0.019250000000000003,0.01375,0.275,0.0
factory,30,Fixed Training,0.33424306563103634,0.3919922930531575,0.36311767934209693,0.0,0.0,0.0,0.0
factory,30,Safety-First,0.21573780507074136,0.260536779224008,0.23813729214737467,0.08458333333333333,0.12083333333333333,0.24166666666666667,0.24166666666666667
factory,30,Comfort-First,0.28890973229770295,0.37782562638649086,0.33336767934209693,0.02266666666666667,0.02266666666666667,0.14166666666666666,0.0
factory,30,VR Guardian,0.27624306563103634,0.38474229305315755,0.3304926793420969,0.01691666666666667,0.012083333333333333,0.24166666666666667,0.0
factory,31,Fixed Training,0.3393494375858774,0.3967700103943635,0.3680597239901205,0.0,0.0,0.0,0.0
factory,31,Safety-First,0.22077288749899618,0.26922498425924474,0.24499893587912044,0.08166666666666665,0.11666666666666667,0.23333333333333334,0.23333333333333334
factory,31,Comfort-First,0.2833494375858774,0.3792700103943634,0.3313097239901205,0.028000000000000004,0.028000000000000004,0.175,0.0
factory,31,VR Guardian,0.28334943758587744,0.38977001039436343,0.33655972399012046,0.016333333333333335,0.011666666666666667,0.23333333333333334,0.0
factory,32,Fixed Training,0.33157731516347216,0.3927849053070254,0.36218111023524874,0.0,0.0,0.0,0.0
factory,32,Safety-First,0.21055280325992035,0.2570090129233395,0.23378090809162994,0.0875,0.125,0.25,0.25
factory,32,Comfort-First,0.2942439818301389,0.3811182386403587,0.3376811102352487,0.018666666666666668,0.018666666666666668,0.11666666666666667,0.0
factory,32,VR Guardian,0.2715773151634722,0.38528490530702536,0.3284311102352488,0.0175,0.0125,0.25,0.0
factory,33,Fixed Training,0.33585271375047027,0.39180185579866417,0.36382728477456727,0.0,0.0,0.0,0.0
factory,33,Safety-First,0.23366185647171572,0.283178676930239,0.25842026670097734,0.06999999999999999,0.1,0.2,0.2
factory,33,Comfort-First,0.2878527137504702,0.3768018557986642,0.33232728477456724,0.024,0.024,0.15,0.0
factory,33,VR Guardian,0.2878527137504702,0.3858018557986643,0.3368272847745672,0.014000000000000002,0.010000000000000002,0.2,0.0
factory,34,Fixed Training,0.32904060144603675,0.38839806593663734,0.3587193336913371,0.0,0.0,0.0,0.0
factory,34,Safety-First,0.21168366945637337,0.2578424334291633,0.23476305144276838,0.08458333333333332,0.12083333333333333,0.24166666666666667,0.24166666666666667
factory,34,Comfort-First,0.2863739347793702,0.3750647326033041,0.33071933369133705,0.021333333333333333,0.021333333333333333,0.13333333333333333,0.0
factory,34,VR Guardian,0.2710406014460368,0.38114806593663736,0.3260943336913371,0.01691666666666667,0.012083333333333335,0.24166666666666667,0.0
factory,35,Fixed Training,0.3374210854948236,0.39873560744385206,0.36807834646933785,0.0,0.0,0.0,0.0
factory,35,Safety-First,0.21011840292858833,0.26325921233840643,0.2366888076334974,0.0875,0.125,0.25,0.25
factory,35,Comfort-First,0.2760877521614903,0.37956894077718545,0.32782834646933784,0.03066666666666667,0.03066666666666667,0.19166666666666668,0.0
factory,35,VR Guardian,0.27742108549482364,0.39123560744385205,0.33432834646933784,0.017500000000000005,0.0125,0.25,0.0
factory,36,Fixed Training,0.33135483327083354,0.3888048972707429,0.3600798652707882,0.0,0.0,0.0,0.0
factory,36,Safety-First,0.2190416010994166,0.266554430411276,0.2427980157553463,0.07875,0.1125,0.225,0.225
factory,36,Comfort-First,0.2860214999375002,0.37463823060407625,0.3303298652707883,0.022666666666666665,0.022666666666666665,0.14166666666666666,0.0
factory,36,VR Guardian,0.27735483327083355,0.3820548972707429,0.3297048652707882,0.01575,0.011250000000000001,0.225,0.0
factory,37,Fixed Training,0.32986312149580505,0.38408884932356585,0.3569759854096855,0.0,0.0,0.0,0.0
factory,37,Safety-First,0.23545949758387508,0.2802678774129492,0.25786368749841215,0.06708333333333333,0.09583333333333334,0.19166666666666668,0.19166666666666668
factory,37,Comfort-First,0.29519645482913837,0.37325551599023254,0.33422598540968546,0.017333333333333333,0.017333333333333333,0.10833333333333334,0.0
factory,37,VR Guardian,0.283863121495805,0.3783388493235659,0.33110098540968547,0.013416666666666669,0.009583333333333334,0.19166666666666668,0.0
factory,38,Fixed Training,0.3346566364882574,0.39350235251985516,0.36407949450405636,0.0,0.0,0.0,0.0
factory,38,Safety-First,0.2415390384226112,0.29380487579592424,0.2676719571092677,0.06416666666666666,0.09166666666666666,0.18333333333333332,0.18333333333333332
factory,38,Comfort-First,0.29198996982159076,0.38016901918652185,0.3360794945040563,0.021333333333333333,0.021333333333333333,0.13333333333333333,0.0
factory,38,VR Guardian,0.29065663648825735,0.3880023525198552,0.33932949450405625,0.012833333333333334,0.009166666666666667,0.18333333333333332,0.0
factory,39,Fixed Training,0.33762215657092265,0.39303475916008623,0.3653284578655044,0.0,0.0,0.0,0.0
factory,39,Safety-First,0.21406096848576153,0.25797129143003533,0.2360161299578984,0.0875,0.125,0.25,0.25
factory,39,Comfort-First,0.28695548990425596,0.37720142582675287,0.3320784578655044,0.025333333333333333,0.025333333333333333,0.15833333333333333,0.0
factory,39,VR Guardian,0.2776221565709226,0.3855347591600862,0.3315784578655044,0.017500000000000005,0.0125,0.25,0.0
